/*
SQLyog Ultimate v12.09 (64 bit)
MySQL - 5.7.19-0ubuntu0.16.04.1-log : Database - jyhd
*********************************************************************
*/

/*!40101 SET NAMES utf8 */;

/*!40101 SET SQL_MODE=''*/;

/*!40014 SET @OLD_UNIQUE_CHECKS=@@UNIQUE_CHECKS, UNIQUE_CHECKS=0 */;
/*!40014 SET @OLD_FOREIGN_KEY_CHECKS=@@FOREIGN_KEY_CHECKS, FOREIGN_KEY_CHECKS=0 */;
/*!40101 SET @OLD_SQL_MODE=@@SQL_MODE, SQL_MODE='NO_AUTO_VALUE_ON_ZERO' */;
/*!40111 SET @OLD_SQL_NOTES=@@SQL_NOTES, SQL_NOTES=0 */;
CREATE DATABASE /*!32312 IF NOT EXISTS*/`jyhd` /*!40100 DEFAULT CHARACTER SET utf8 */;

USE `jyhd`;

/*Table structure for table `account` */

DROP TABLE IF EXISTS `account`;

CREATE TABLE `account` (
  `playerid` bigint(20) NOT NULL,
  `account_type` int(11) DEFAULT NULL COMMENT '帐号类型 (1游客，2自定义)',
  `os_type` int(11) DEFAULT NULL COMMENT '系统类型 (1ios, 2安卓)',
  `mac` varchar(128) DEFAULT NULL COMMENT 'mac地址',
  `imei` varchar(128) DEFAULT NULL COMMENT '手机序列号',
  `imsi` varchar(128) DEFAULT NULL COMMENT '运营商序列号',
  `uuid` varchar(128) DEFAULT NULL COMMENT '苹果uuid',
  `mobile` bigint(20) DEFAULT NULL COMMENT '手机号',
  `accountstate` int(11) DEFAULT NULL COMMENT '账户状态(1正常, 2封号, 3已经登录)',
  `regtime` varchar(24) DEFAULT NULL COMMENT '注册时间',
  `lasttime` varchar(24) DEFAULT NULL COMMENT '最后登录时间',
  `block_desc` varchar(255) DEFAULT NULL COMMENT '封号原因',
  `loginip` varchar(24) DEFAULT NULL COMMENT '登录ip',
  `reg_channel` varchar(32) DEFAULT NULL COMMENT '注册渠道号',
  `login_channel` varchar(32) DEFAULT NULL COMMENT '登录渠道号',
  `phone_model` varchar(24) DEFAULT NULL COMMENT '手机型号',
  `phone_os_ver` varchar(24) DEFAULT NULL COMMENT '手机系统版本',
  `game_ver` varchar(24) DEFAULT NULL COMMENT '游戏版本号',
  `icon_url` varchar(64) DEFAULT NULL COMMENT '头像url',
  `communiid` bigint(20) DEFAULT NULL COMMENT '通讯id',
  `account_name` varchar(24) DEFAULT NULL COMMENT '自定义账号名',
  `pwd` varchar(24) DEFAULT NULL COMMENT '自定义密码',
  `logout_time` varchar(24) DEFAULT NULL COMMENT '最后离线时间',
  PRIMARY KEY (`playerid`),
  KEY `regtime` (`regtime`)
) ENGINE=InnoDB DEFAULT CHARSET=utf8;

/*Data for the table `account` */

insert  into `account`(`playerid`,`account_type`,`os_type`,`mac`,`imei`,`imsi`,`uuid`,`mobile`,`accountstate`,`regtime`,`lasttime`,`block_desc`,`loginip`,`reg_channel`,`login_channel`,`phone_model`,`phone_os_ver`,`game_ver`,`icon_url`,`communiid`,`account_name`,`pwd`,`logout_time`) values (246192,1,2,'mac_win2011','imei_win16078','imsi_win3838','',0,1,'2017-08-24 19:42:56','2017-08-24 19:42:56','','','','','','','','1',0,'','','2017-08-24 19:46:35'),(246193,1,2,'mac_win36245','imei_win99857','imsi_win71437','',0,1,'2017-08-24 19:46:38','2017-08-24 19:46:38','','','','','','','','1',0,'','','2017-08-24 19:48:56'),(246194,1,2,'mac_win15686','imei_win89205','imsi_win62907','',0,1,'2017-08-24 19:48:58','2017-08-24 19:48:58','','','','','','','','1',0,'','','2017-08-24 19:59:02'),(246195,1,2,'mac_win74678','imei_win94852','imsi_win36035','',0,1,'2017-08-25 10:57:27','2017-08-25 10:57:27','','','','','','','','1',0,'','','2017-08-25 10:57:56'),(246196,1,2,'mac_win39994','imei_win1529','imsi_win71239','',0,1,'2017-08-25 11:35:34','2017-08-25 11:35:34','','','','','','','','1',0,'','','2017-08-25 12:24:21'),(246197,1,2,'mac_win17812','imei_win21791','imsi_win62984','',0,1,'2017-08-25 12:18:19','2017-08-25 12:18:19','','','','','','','','3',0,'','','2017-08-25 12:26:52'),(246198,1,2,'mac_win1787','imei_win87263','imsi_win55828','',0,1,'2017-08-25 12:24:22','2017-08-25 12:24:22','','','','','','','','1',0,'','','2017-08-25 12:24:59'),(246199,1,2,'mac_win94403','imei_win59392','imsi_win44401','',0,1,'2017-08-25 12:25:01','2017-08-25 12:25:01','','','','','','','','1',0,'','','2017-08-25 12:25:29'),(246200,1,2,'mac_win55302','imei_win49553','imsi_win47842','',0,3,'2017-08-25 12:25:32','2017-08-25 12:25:32','','','','','','','','1',-131,'','',''),(246201,1,2,'mac_win42497','imei_win62658','imsi_win22210','',0,1,'2017-08-25 12:26:44','2017-08-25 12:26:44','','','','','','','','1',0,'','','2017-08-25 13:23:37'),(246202,1,2,'mac_win59408','imei_win1606','imsi_win51505','',0,1,'2017-08-25 12:26:54','2017-08-25 12:26:54','','','','','','','','1',0,'','','2017-08-25 14:11:24'),(246203,1,2,'mac_win74814','imei_win84537','imsi_win25660','',0,1,'2017-08-25 14:12:39','2017-08-25 14:12:39','','','','','','','','1',0,'','','2017-08-25 14:13:00'),(246204,1,2,'mac_win18988','imei_win84823','imsi_win41114','',0,1,'2017-08-25 14:13:10','2017-08-25 14:13:10','','','','','','','','1',0,'','','2017-08-25 14:13:13'),(246205,1,2,'mac_win61426','imei_win80971','imsi_win7130','',0,3,'2017-08-25 14:32:08','2017-08-25 14:32:08','','','','','','','','1',-139,'','','');

/*Table structure for table `jy_activity_father_list` */

DROP TABLE IF EXISTS `jy_activity_father_list`;

CREATE TABLE `jy_activity_father_list` (
  `Id` int(11) unsigned NOT NULL AUTO_INCREMENT COMMENT '活动父表',
  `Code` varchar(20) NOT NULL COMMENT '活动标识',
  `Type` tinyint(1) unsigned NOT NULL DEFAULT '1' COMMENT '活动类型 1-累计充值 2-单笔充值 3-循环充值 4-图片类型',
  `Title` varchar(50) NOT NULL COMMENT '活动标题',
  `AddUpStartTime` timestamp NOT NULL DEFAULT CURRENT_TIMESTAMP COMMENT '累计开始时间',
  `AddUpEndTime` timestamp NOT NULL DEFAULT '0000-00-00 00:00:00' COMMENT '累计结束时间',
  `ShowStartTime` timestamp NOT NULL DEFAULT '0000-00-00 00:00:00' COMMENT '显示开始时间',
  `ShowEndTime` timestamp NOT NULL DEFAULT '0000-00-00 00:00:00' COMMENT '显示结束时间',
  `Describe` varchar(255) NOT NULL COMMENT '活动描述',
  `DateTime` timestamp NOT NULL DEFAULT CURRENT_TIMESTAMP COMMENT '创建时间',
  PRIMARY KEY (`Id`),
  UNIQUE KEY `Type` (`Type`)
) ENGINE=InnoDB AUTO_INCREMENT=8 DEFAULT CHARSET=utf8;

/*Data for the table `jy_activity_father_list` */

insert  into `jy_activity_father_list`(`Id`,`Code`,`Type`,`Title`,`AddUpStartTime`,`AddUpEndTime`,`ShowStartTime`,`ShowEndTime`,`Describe`,`DateTime`) values (5,'1001',1,'累计充值','2017-08-11 11:00:00','2017-09-29 11:00:00','2017-08-10 11:00:00','2017-10-29 11:00:00','aaaaaaaaaaaaaaaaaaaaaa','2017-08-13 20:05:35'),(6,'1002',2,'单笔充值','2017-09-01 11:00:00','2017-10-31 11:00:00','2017-08-12 11:00:00','2017-09-30 11:00:00','','2017-08-13 20:06:18');

/*Table structure for table `jy_activity_son_list` */

DROP TABLE IF EXISTS `jy_activity_son_list`;

CREATE TABLE `jy_activity_son_list` (
  `Id` int(11) unsigned NOT NULL AUTO_INCREMENT COMMENT '活动子表',
  `FatherID` int(11) unsigned NOT NULL COMMENT '活动父ID',
  `GoodsID` int(11) NOT NULL COMMENT '奖励商品',
  `Title` varchar(50) NOT NULL COMMENT '标题',
  `Number` int(11) NOT NULL COMMENT '奖品数量',
  `Schedule` int(11) NOT NULL COMMENT '条件',
  `ImgCode` int(11) unsigned NOT NULL COMMENT '图片标识',
  `ImgUrl` varchar(255) NOT NULL COMMENT '活动图片',
  `Code` varchar(20) NOT NULL COMMENT '活动标识',
  `DateTime` timestamp NOT NULL DEFAULT CURRENT_TIMESTAMP COMMENT '创建时间',
  PRIMARY KEY (`Id`),
  KEY `FatherID` (`FatherID`)
) ENGINE=InnoDB AUTO_INCREMENT=11 DEFAULT CHARSET=utf8;

/*Data for the table `jy_activity_son_list` */

insert  into `jy_activity_son_list`(`Id`,`FatherID`,`GoodsID`,`Title`,`Number`,`Schedule`,`ImgCode`,`ImgUrl`,`Code`,`DateTime`) values (3,5,10,'累积充值68元',1,68,0,'Uploads/image/2017/08/14/d19631d5c4f5d74141b185c979fcf2bc.jpg','112','2017-08-14 01:29:17'),(5,6,8,'单笔1',1,200,321,'Uploads/image/2017/08/15/769cba07612fc395cc4836b8228f2174.jpg','eeqwe','2017-08-14 18:54:45'),(6,5,8,'累计2',1,300,321321,'Uploads/image/2017/08/15/cf12e6f529cea0837305a481cbb9ce8d.jpg','3123','2017-08-14 20:59:18'),(7,6,10,'单笔2',1,300,312321,'Uploads/image/2017/08/15/07b11bc75b486c7f9de69784687d0b25.jpg','321321','2017-08-14 21:00:16'),(10,8,9,'图片1',3213,100,0,'Uploads/image/2017/08/31/2e09eb94307e4657691c845a80a55387.jpg','dsa','2017-08-14 21:02:35');

/*Table structure for table `jy_admin_group` */

DROP TABLE IF EXISTS `jy_admin_group`;

CREATE TABLE `jy_admin_group` (
  `id` int(11) unsigned NOT NULL AUTO_INCREMENT COMMENT '用户管理组',
  `name` varchar(20) NOT NULL COMMENT '组名',
  `authority` text NOT NULL COMMENT '组权限',
  `upid` int(11) NOT NULL DEFAULT '0' COMMENT '上级ID',
  `addId` int(11) NOT NULL COMMENT '添加ID',
  `addName` varchar(20) NOT NULL COMMENT '添加名',
  `islock` tinyint(1) unsigned NOT NULL DEFAULT '1' COMMENT '是否锁定 1-否 2-是',
  `add` tinyint(1) unsigned NOT NULL DEFAULT '1' COMMENT '添加权限 1-否 2-是',
  `DesktopAddress` varchar(255) NOT NULL COMMENT '添加地址',
  `channel` tinyint(1) NOT NULL DEFAULT '1' COMMENT '是否渠道组 1-否 2-是',
  `edit` tinyint(1) unsigned NOT NULL DEFAULT '1' COMMENT '是否能修改 1-否 2-是',
  `del` tinyint(1) NOT NULL DEFAULT '1' COMMENT '是否能删除 1-否 2-是',
  `isdel` tinyint(1) NOT NULL DEFAULT '1' COMMENT '是否删除 1-否 2-是',
  `remark` varchar(255) NOT NULL COMMENT '备注',
  `mtime` timestamp NOT NULL DEFAULT CURRENT_TIMESTAMP ON UPDATE CURRENT_TIMESTAMP COMMENT '创建时间',
  PRIMARY KEY (`id`),
  KEY `addId` (`addId`),
  KEY `isdel` (`isdel`)
) ENGINE=InnoDB AUTO_INCREMENT=15 DEFAULT CHARSET=utf8;

/*Data for the table `jy_admin_group` */

insert  into `jy_admin_group`(`id`,`name`,`authority`,`upid`,`addId`,`addName`,`islock`,`add`,`DesktopAddress`,`channel`,`edit`,`del`,`isdel`,`remark`,`mtime`) values (1,'超级管理员','',0,1,'测试',1,2,'',1,2,2,1,'','2017-08-29 19:11:17'),(6,'渠道','[\"5\",\"7\"]',1,1,'测试',1,1,'###',1,1,1,1,'','2017-07-11 15:09:01'),(14,'游戏调试','[\"42\",\"59\",\"57\"]',1,1,'测试',1,2,'/jy_admin/UsersAttribute/index',1,2,2,1,'','2017-09-01 02:18:46');

/*Table structure for table `jy_admin_users` */

DROP TABLE IF EXISTS `jy_admin_users`;

CREATE TABLE `jy_admin_users` (
  `id` int(11) unsigned NOT NULL AUTO_INCREMENT COMMENT '后台管理员表',
  `name` varchar(20) NOT NULL COMMENT '名字',
  `account` varchar(20) NOT NULL COMMENT '账号',
  `passwd` varchar(32) NOT NULL COMMENT '密码',
  `admingroup` int(11) NOT NULL COMMENT '组ID',
  `default` tinyint(1) unsigned NOT NULL DEFAULT '1' COMMENT '是否系统默认账号 1-否 2-是',
  `channel` tinyint(1) unsigned NOT NULL DEFAULT '1' COMMENT '是否渠道 1-否 2-是',
  `addName` varchar(20) NOT NULL COMMENT '添加名',
  `addId` int(11) unsigned NOT NULL COMMENT '添加ID',
  `islock` tinyint(1) unsigned NOT NULL DEFAULT '1' COMMENT '是否锁定 1-否 2-是',
  `isdel` tinyint(1) unsigned NOT NULL DEFAULT '1' COMMENT '是否删除 1-否 2-是',
  `remark` varchar(255) NOT NULL COMMENT '备注',
  `mtime` timestamp NOT NULL DEFAULT CURRENT_TIMESTAMP COMMENT '创建时间',
  PRIMARY KEY (`id`),
  KEY `account` (`account`,`channel`)
) ENGINE=InnoDB AUTO_INCREMENT=11 DEFAULT CHARSET=utf8;

/*Data for the table `jy_admin_users` */

insert  into `jy_admin_users`(`id`,`name`,`account`,`passwd`,`admingroup`,`default`,`channel`,`addName`,`addId`,`islock`,`isdel`,`remark`,`mtime`) values (1,'测试','admin','21232f297a57a5a743894a0e4a801fc3',0,2,1,'',0,1,1,'','2017-07-10 17:28:22'),(5,'倒霉小姐','18899753856','e10adc3949ba59abbe56e057f20f883e',6,1,2,'test',3,1,1,'321','2017-07-11 15:52:35'),(9,'游戏调试','jyhd@163.com','e10adc3949ba59abbe56e057f20f883e',14,1,1,'测试',1,1,1,'','2017-08-29 19:13:03'),(10,'渠道测试','13724894160','e10adc3949ba59abbe56e057f20f883e',6,1,2,'测试',1,1,1,'','2017-08-29 20:21:34');

/*Table structure for table `jy_api_visit_log` */

DROP TABLE IF EXISTS `jy_api_visit_log`;

CREATE TABLE `jy_api_visit_log` (
  `Id` int(11) unsigned NOT NULL AUTO_INCREMENT COMMENT 'api访问日志',
  `Name` varchar(50) NOT NULL COMMENT '名字',
  `Url` varchar(255) NOT NULL COMMENT '地址',
  `Code` int(4) NOT NULL COMMENT '状态码',
  `Msg` varchar(255) DEFAULT NULL COMMENT '状态说明',
  `TimeOut` varchar(20) DEFAULT NULL COMMENT '耗时',
  `AccessIP` varchar(50) NOT NULL COMMENT '访问IP',
  `DataTime` timestamp NOT NULL DEFAULT CURRENT_TIMESTAMP ON UPDATE CURRENT_TIMESTAMP COMMENT '访问时间',
  PRIMARY KEY (`Id`)
) ENGINE=MyISAM AUTO_INCREMENT=120 DEFAULT CHARSET=utf8;

/*Data for the table `jy_api_visit_log` */

insert  into `jy_api_visit_log`(`Id`,`Name`,`Url`,`Code`,`Msg`,`TimeOut`,`AccessIP`,`DataTime`) values (117,'','/Jy_api/VipInfo/index',6001,'请求方式不合法。','','192.168.0.116','2017-09-13 05:17:12'),(118,'','/Jy_api/VipInfo/index',6001,'请求方式不合法。','','192.168.0.116','2017-09-13 05:17:14'),(116,'','/Jy_api/VipInfo/index',6001,'请求方式不合法。','','192.168.0.116','2017-09-13 05:17:09'),(114,'','/Jy_api/VipInfo/index',6001,'请求方式不合法。','','192.168.0.116','2017-09-13 04:35:47'),(115,'','/Jy_api/VipInfo/index',6001,'请求方式不合法。','','192.168.0.116','2017-09-13 04:36:35'),(113,'支付订单','/Jy_ThirdpayIapppay/MallShopBack/index',4001,'回调数据为空！','','192.168.0.116','2017-09-13 04:26:02'),(112,'支付订单','/Jy_ThirdpayIapppay/MallShopBack/index',4001,'回调数据为空！','','192.168.0.116','2017-09-13 04:23:42'),(111,'支付订单','/Jy_ThirdpayIapppay/MallShopBack/index',4001,'回调数据为空！','','192.168.0.116','2017-09-13 04:21:24'),(110,'支付订单','/Jy_ThirdpayIapppay/MallShopBack/index',4001,'回调数据为空！','','192.168.0.149','2017-09-12 19:42:44'),(109,'支付订单','/Jy_ThirdpayIapppay/MallShopBack/index',4002,'订单不存在！','','192.168.0.116','2017-09-07 02:56:52'),(108,'支付订单','/Jy_ThirdpayIapppay/MallShopBack/index',4002,'订单不存在！','','192.168.0.116','2017-09-07 02:55:29'),(107,'支付订单','/Jy_ThirdpayIapppay/MallShopBack/index',4002,'订单不存在！','','192.168.0.116','2017-09-07 02:54:51'),(106,'支付订单','/Jy_ThirdpayIapppay/MallShopBack/index',4002,'订单不存在！','','192.168.0.116','2017-09-07 02:54:20'),(104,'支付订单','/Jy_ThirdpayIapppay/MallShopBack/index',4002,'订单不存在！','','192.168.0.116','2017-09-07 02:54:07'),(105,'支付订单','/Jy_ThirdpayIapppay/MallShopBack/index',4002,'订单不存在！','','192.168.0.116','2017-09-07 02:54:14'),(103,'支付订单','/Jy_ThirdpayIapppay/MallShopBack/index',4002,'订单不存在！','','192.168.0.116','2017-09-07 02:53:38'),(102,'支付订单','/Jy_ThirdpayIapppay/MallShopBack/index',4002,'订单不存在！','','192.168.0.138','2017-09-07 02:52:09'),(101,'支付订单','/Jy_ThirdpayIapppay/MallShopBack/index',4002,'订单不存在！','','192.168.0.138','2017-09-07 02:49:49'),(99,'支付订单','/Jy_ThirdpayIapppay/MallShopBack/index',5001,'订单不存在','','192.168.0.116','2017-09-07 02:03:28'),(100,'支付订单','/Jy_ThirdpayIapppay/MallShopBack/index',4002,'订单不存在！','','192.168.0.138','2017-09-07 02:44:36'),(98,'支付订单','/Jy_ThirdpayIapppay/MallShopBack/index',5001,'订单不存在','','192.168.0.116','2017-09-07 02:02:59'),(97,'支付订单','/Jy_ThirdpayIapppay/MallShopBack/index',5001,'订单不存在','','192.168.0.116','2017-09-07 02:02:15'),(96,'支付订单','/Jy_ThirdpayIapppay/MallShopBack/index',5001,'订单不存在','','192.168.0.116','2017-09-07 02:02:12'),(94,'支付订单','/Jy_ThirdpayIapppay/MallShopBack/index',5001,'订单不存在','','192.168.0.116','2017-09-07 02:01:33'),(95,'支付订单','/Jy_ThirdpayIapppay/MallShopBack/index',5001,'订单不存在','','192.168.0.116','2017-09-07 02:02:11'),(93,'支付订单','/Jy_ThirdpayIapppay/MallShopBack/index',5001,'订单不存在','','192.168.0.116','2017-09-07 02:00:40'),(92,'支付订单','/Jy_ThirdpayIapppay/MallShopBack/index',5001,'订单不存在','','192.168.0.116','2017-09-07 02:00:37'),(91,'支付订单','/Jy_ThirdpayIapppay/MallShopBack/index',5001,'订单不存在','','192.168.0.116','2017-09-07 02:00:00'),(90,'支付订单','/Jy_ThirdpayIapppay/MallShopBack/index',5001,'订单不存在','','192.168.0.116','2017-09-07 01:54:08'),(89,'支付订单','/Jy_ThirdpayIapppay/MallShopBack/index',5001,'订单不存在','','192.168.0.116','2017-09-07 01:48:43'),(88,'支付订单','/Jy_ThirdpayIapppay/MallShopBack/index',4001,'回调数据为空！','','192.168.0.116','2017-09-07 01:46:18'),(87,'支付订单','/Jy_ThirdpayIapppay/MallShopBack/index',4001,'回调数据为空！','','192.168.0.116','2017-09-07 01:46:08'),(86,'支付订单','/Jy_ThirdpayIapppay/MallShopBack/index',4001,'回调数据为空！','','192.168.0.116','2017-09-07 01:45:37'),(85,'支付订单','/Jy_ThirdpayIapppay/MallShopBack/index',5001,'订单不存在','','192.168.0.116','2017-09-06 01:24:43'),(84,'支付订单','/Jy_ThirdpayIapppay/MallShopBack/index',5001,'订单不存在','','192.168.0.116','2017-09-06 01:24:26'),(83,'支付订单','/Jy_ThirdpayIapppay/MallShopBack/index',5001,'订单不存在','','192.168.0.116','2017-09-06 01:23:24'),(119,'','/Jy_api/VipInfo/index',6001,'请求方式不合法。','','192.168.0.116','2017-09-13 05:20:34');

/*Table structure for table `jy_channel_goods` */

DROP TABLE IF EXISTS `jy_channel_goods`;

CREATE TABLE `jy_channel_goods` (
  `id` int(11) unsigned NOT NULL AUTO_INCREMENT COMMENT '渠道商品',
  `adminUserID` int(11) unsigned NOT NULL COMMENT '渠道ID',
  `goodsID` int(11) unsigned NOT NULL COMMENT '商品ID',
  `DateTime` timestamp NOT NULL DEFAULT CURRENT_TIMESTAMP ON UPDATE CURRENT_TIMESTAMP COMMENT '创建时间',
  PRIMARY KEY (`id`),
  KEY `adminUserID` (`adminUserID`),
  KEY `goodsID` (`goodsID`)
) ENGINE=InnoDB AUTO_INCREMENT=180 DEFAULT CHARSET=utf8;

/*Data for the table `jy_channel_goods` */

insert  into `jy_channel_goods`(`id`,`adminUserID`,`goodsID`,`DateTime`) values (54,3,0,'2017-07-31 00:39:58'),(61,3,3,'2017-07-31 00:42:44'),(65,3,0,'2017-07-31 00:45:29'),(66,3,0,'2017-07-31 00:45:29'),(69,3,0,'2017-07-31 00:49:38'),(70,3,5,'2017-07-31 00:49:38'),(71,3,0,'2017-07-31 00:49:40'),(72,3,0,'2017-07-31 00:49:40'),(73,3,6,'2017-07-31 00:49:40'),(74,3,0,'2017-07-31 00:49:51'),(75,3,0,'2017-07-31 00:49:51'),(76,3,0,'2017-07-31 00:49:51'),(78,5,0,'2017-07-31 00:51:20'),(79,5,5,'2017-07-31 00:51:20'),(80,5,6,'2017-07-31 00:51:20'),(81,5,7,'2017-07-31 00:51:20'),(82,3,7,'2017-08-01 04:53:55'),(83,3,8,'2017-08-11 02:41:09'),(84,3,9,'2017-08-11 02:41:09'),(85,3,10,'2017-08-11 02:41:09'),(86,3,11,'2017-08-11 02:41:09'),(87,3,12,'2017-08-11 02:41:09'),(88,3,13,'2017-08-11 02:41:09'),(89,3,14,'2017-08-11 02:41:09'),(90,3,15,'2017-08-11 02:41:09'),(91,3,16,'2017-08-11 02:41:09'),(92,3,17,'2017-08-11 02:41:09'),(93,5,8,'2017-08-11 02:41:26'),(94,5,9,'2017-08-11 02:41:26'),(95,5,10,'2017-08-11 02:41:26'),(96,5,11,'2017-08-11 02:41:26'),(97,5,12,'2017-08-11 02:41:26'),(98,5,13,'2017-08-11 02:41:26'),(99,5,14,'2017-08-11 02:41:26'),(100,5,15,'2017-08-11 02:41:26'),(101,5,16,'2017-08-11 02:41:26'),(102,5,17,'2017-08-11 02:41:26'),(103,3,0,'2017-08-25 03:33:44'),(104,3,0,'2017-08-25 03:33:44'),(105,3,0,'2017-08-25 03:33:44'),(106,3,0,'2017-08-25 03:33:44'),(107,3,0,'2017-08-25 03:33:44'),(108,3,0,'2017-08-25 03:33:44'),(109,3,0,'2017-08-25 03:33:44'),(110,3,0,'2017-08-25 03:33:44'),(111,3,0,'2017-08-25 03:33:44'),(112,3,0,'2017-08-25 03:33:44'),(113,3,18,'2017-08-25 03:33:44'),(114,3,19,'2017-08-25 03:33:44'),(115,3,20,'2017-08-25 03:33:44'),(116,3,23,'2017-08-25 03:33:44'),(117,3,24,'2017-08-25 03:33:44'),(118,3,25,'2017-08-25 03:33:44'),(119,3,26,'2017-08-25 03:33:44'),(120,3,27,'2017-08-25 03:33:44'),(121,3,28,'2017-08-25 03:33:44'),(122,3,29,'2017-08-25 03:33:44'),(123,3,30,'2017-08-25 03:33:44'),(124,3,31,'2017-08-25 03:33:44'),(125,3,32,'2017-08-25 03:33:44'),(126,10,8,'2017-08-29 20:24:53'),(127,10,9,'2017-08-29 20:24:53'),(128,10,10,'2017-08-29 20:24:53'),(129,10,11,'2017-08-29 20:24:53'),(130,10,12,'2017-08-29 20:24:53'),(131,10,13,'2017-08-29 20:24:53'),(132,10,14,'2017-08-29 20:24:53'),(133,10,15,'2017-08-29 20:24:53'),(134,10,16,'2017-08-29 20:24:53'),(135,10,17,'2017-08-29 20:24:53'),(136,10,18,'2017-08-29 20:24:53'),(137,10,19,'2017-08-29 20:24:53'),(138,10,20,'2017-08-29 20:24:53'),(139,10,23,'2017-08-29 20:24:53'),(140,10,24,'2017-08-29 20:24:53'),(141,10,25,'2017-08-29 20:24:53'),(142,10,26,'2017-08-29 20:24:53'),(143,10,27,'2017-08-29 20:24:53'),(144,10,28,'2017-08-29 20:24:53'),(145,10,29,'2017-08-29 20:24:53'),(146,10,30,'2017-08-29 20:24:53'),(147,10,31,'2017-08-29 20:24:53'),(148,10,32,'2017-08-29 20:24:53'),(149,10,33,'2017-08-29 20:24:53'),(150,10,34,'2017-08-29 20:24:53'),(151,10,0,'2017-08-30 04:20:17'),(152,10,0,'2017-08-30 04:20:17'),(153,10,0,'2017-08-30 04:20:17'),(154,10,0,'2017-08-30 04:20:17'),(155,10,0,'2017-08-30 04:20:17'),(156,10,0,'2017-08-30 04:20:17'),(157,10,0,'2017-08-30 04:20:17'),(158,10,0,'2017-08-30 04:20:17'),(159,10,0,'2017-08-30 04:20:17'),(160,10,0,'2017-08-30 04:20:17'),(161,10,0,'2017-08-30 04:20:17'),(162,10,0,'2017-08-30 04:20:17'),(163,10,0,'2017-08-30 04:20:17'),(164,10,0,'2017-08-30 04:20:17'),(165,10,0,'2017-08-30 04:20:17'),(166,10,0,'2017-08-30 04:20:17'),(167,10,0,'2017-08-30 04:20:17'),(168,10,0,'2017-08-30 04:20:17'),(169,10,0,'2017-08-30 04:20:17'),(170,10,0,'2017-08-30 04:20:17'),(171,10,0,'2017-08-30 04:20:17'),(172,10,0,'2017-08-30 04:20:17'),(173,10,0,'2017-08-30 04:20:17'),(174,10,0,'2017-08-30 04:20:17'),(175,10,0,'2017-08-30 04:20:17'),(176,10,0,'2017-08-30 04:20:17'),(177,10,0,'2017-08-30 04:20:17'),(178,10,38,'2017-08-30 04:20:17'),(179,10,39,'2017-08-30 04:20:17');

/*Table structure for table `jy_channel_info` */

DROP TABLE IF EXISTS `jy_channel_info`;

CREATE TABLE `jy_channel_info` (
  `adminUserID` int(11) unsigned NOT NULL COMMENT '渠道(管理员ID)',
  `platform` tinyint(1) unsigned NOT NULL DEFAULT '1' COMMENT '平台',
  `pattern` tinyint(1) unsigned NOT NULL DEFAULT '1' COMMENT '合作方式',
  `DividedInto` varchar(10) NOT NULL COMMENT '分成',
  `RegisterNum` varchar(10) NOT NULL COMMENT '注册人数（结算率）',
  `RechargeNum` varchar(10) NOT NULL COMMENT '充值人数（结算率）',
  `CorporateName` varchar(50) NOT NULL COMMENT '公司名称',
  `CompanyAddress` varchar(50) NOT NULL COMMENT '公司地址',
  `CompanyPhone` varchar(20) NOT NULL COMMENT '公司电话',
  `contacts` varchar(10) NOT NULL COMMENT '联系人',
  `ContactNumber` varchar(20) NOT NULL COMMENT '联系电话',
  `ContactMailbox` varchar(20) NOT NULL COMMENT '联系邮箱',
  `addName` varchar(20) NOT NULL COMMENT '添加人',
  `addId` int(11) NOT NULL COMMENT '添加ID',
  `isown` tinyint(1) NOT NULL DEFAULT '1' COMMENT '是否本公司渠道',
  `remark` varchar(255) NOT NULL COMMENT '备注信息',
  `mtime` timestamp NOT NULL DEFAULT CURRENT_TIMESTAMP COMMENT '创建时间',
  PRIMARY KEY (`adminUserID`,`mtime`),
  KEY `platform` (`platform`),
  KEY `isown` (`isown`),
  KEY `addId` (`addId`)
) ENGINE=InnoDB DEFAULT CHARSET=utf8;

/*Data for the table `jy_channel_info` */

insert  into `jy_channel_info`(`adminUserID`,`platform`,`pattern`,`DividedInto`,`RegisterNum`,`RechargeNum`,`CorporateName`,`CompanyAddress`,`CompanyPhone`,`contacts`,`ContactNumber`,`ContactMailbox`,`addName`,`addId`,`isown`,`remark`,`mtime`) values (3,2,1,'','','','dasdas','dsadsa','dasdsa','dsa','dasdsa','dsadas','1',1,1,'','2017-07-25 11:44:18'),(5,1,1,'','','','dsad','dsadsa','dasds','dsad','dsa','dsad','1',1,1,'dasdas','2017-07-25 11:49:36'),(10,2,1,'','','','321312','321','32132','32132','32321','321321','测试',1,1,'321','2017-08-29 20:24:42');

/*Table structure for table `jy_channel_thirdpay` */

DROP TABLE IF EXISTS `jy_channel_thirdpay`;

CREATE TABLE `jy_channel_thirdpay` (
  `id` int(11) unsigned NOT NULL AUTO_INCREMENT COMMENT '渠道支付ID',
  `adminUserID` int(11) unsigned NOT NULL COMMENT '渠道ID',
  `PayID` int(11) unsigned NOT NULL COMMENT '支付ID',
  `DateTime` timestamp NOT NULL DEFAULT CURRENT_TIMESTAMP ON UPDATE CURRENT_TIMESTAMP COMMENT '创建时间',
  PRIMARY KEY (`id`),
  KEY `adminUserID` (`adminUserID`),
  KEY `PayID` (`PayID`)
) ENGINE=MyISAM AUTO_INCREMENT=8 DEFAULT CHARSET=utf8;

/*Data for the table `jy_channel_thirdpay` */

insert  into `jy_channel_thirdpay`(`id`,`adminUserID`,`PayID`,`DateTime`) values (3,3,4,'2017-08-01 04:32:10'),(5,5,4,'2017-08-01 04:34:09'),(6,3,6,'2017-08-23 23:27:24'),(7,10,6,'2017-09-06 01:01:49');

/*Table structure for table `jy_game_notice` */

DROP TABLE IF EXISTS `jy_game_notice`;

CREATE TABLE `jy_game_notice` (
  `Id` int(10) unsigned NOT NULL AUTO_INCREMENT COMMENT '游戏公告',
  `Content` text NOT NULL COMMENT '公告内容',
  `Title` varchar(255) NOT NULL COMMENT '标题',
  `Sort` tinyint(1) NOT NULL DEFAULT '1' COMMENT '是否置顶 1-否 2否',
  `Remark` varchar(255) NOT NULL COMMENT '备注',
  `Status` tinyint(1) NOT NULL DEFAULT '1' COMMENT '是否发布 1-否 2-是',
  `DateTime` timestamp NOT NULL DEFAULT CURRENT_TIMESTAMP COMMENT '创建时间',
  PRIMARY KEY (`Id`),
  KEY `Status` (`Status`)
) ENGINE=InnoDB AUTO_INCREMENT=5 DEFAULT CHARSET=utf8;

/*Data for the table `jy_game_notice` */

insert  into `jy_game_notice`(`Id`,`Content`,`Title`,`Sort`,`Remark`,`Status`,`DateTime`) values (3,'312312','312312',1,'321321',2,'2017-09-14 23:15:19'),(4,'ewqeqweqw','eqweqw',2,'eqweqw',2,'2017-09-15 00:01:47');

/*Table structure for table `jy_goods_all` */

DROP TABLE IF EXISTS `jy_goods_all`;

CREATE TABLE `jy_goods_all` (
  `Id` int(11) unsigned NOT NULL AUTO_INCREMENT COMMENT '物品表',
  `Name` varchar(255) NOT NULL COMMENT '物品名',
  `Code` varchar(20) NOT NULL COMMENT '物品标识',
  `ImgCode` varchar(20) NOT NULL COMMENT '物品图片标识',
  `CurrencyType` tinyint(1) unsigned NOT NULL DEFAULT '1' COMMENT '货币类型 1-人民币 2-金币 3-砖石',
  `CurrencyNum` varchar(50) NOT NULL COMMENT '货币数量',
  `IssueNum` int(11) NOT NULL DEFAULT '0' COMMENT '发行数量',
  `IssueType` tinyint(1) unsigned NOT NULL DEFAULT '1' COMMENT '是否限制发行量 1-否 2-是',
  `Type` tinyint(1) NOT NULL DEFAULT '1' COMMENT '类型  1-金币 2-钻石 3-道具',
  `CateGory` tinyint(1) unsigned NOT NULL DEFAULT '1' COMMENT '类别  1-金币 2-砖石 3-道具',
  `GetNum` int(11) unsigned NOT NULL DEFAULT '0' COMMENT '获得数量',
  `GiveInfo` text NOT NULL COMMENT '赠送物品',
  `ShowType` tinyint(1) NOT NULL DEFAULT '1' COMMENT '展示方式 1-商城',
  `IsGroom` tinyint(1) unsigned NOT NULL DEFAULT '1' COMMENT '是否推荐 1-否 2-是',
  `TheShelvesTime` varchar(50) DEFAULT NULL COMMENT '定时时间',
  `Status` tinyint(1) unsigned NOT NULL DEFAULT '1' COMMENT '状态 1-上架 2-定时上架 3-定时下架 4-已下架',
  `Platform` tinyint(1) unsigned NOT NULL DEFAULT '1' COMMENT '平台 1-全部 2-苹果 3-安卓',
  `Proportion` int(4) NOT NULL DEFAULT '0' COMMENT '首冲比例',
  `FaceValue` varchar(20) DEFAULT NULL COMMENT '卡号面值',
  `LimitShop` tinyint(1) unsigned NOT NULL DEFAULT '1' COMMENT '限购 1-不限 2-日 3-周 4-月 5-年',
  `LimitShopNum` int(11) unsigned NOT NULL DEFAULT '0' COMMENT '限购次数',
  `ExchangeType` tinyint(1) unsigned NOT NULL DEFAULT '1' COMMENT '限购 1-不限 2-日 3-周 4-月 5-年',
  `ExchangeNum` int(11) unsigned NOT NULL DEFAULT '0' COMMENT '限兑换数量',
  `Describe` varchar(255) NOT NULL COMMENT '商品描述',
  `Broadcast` varchar(255) NOT NULL COMMENT '广播信息',
  `Push` varchar(255) NOT NULL COMMENT '推送信息',
  `Rmark` varchar(255) NOT NULL COMMENT '备注',
  `LimitLevel` tinyint(1) unsigned NOT NULL DEFAULT '0' COMMENT '等级限制 0-不限制',
  `LimitVip` tinyint(1) unsigned NOT NULL DEFAULT '0' COMMENT '会员等级限制 0-不限制',
  `Sort` bigint(20) NOT NULL COMMENT '排序',
  `IsDel` tinyint(1) NOT NULL DEFAULT '1' COMMENT '是否删除 1-否 2-是',
  `UpTime` timestamp NOT NULL DEFAULT CURRENT_TIMESTAMP COMMENT '更新时间',
  `DateTime` timestamp NOT NULL DEFAULT CURRENT_TIMESTAMP COMMENT '添加时间',
  PRIMARY KEY (`Id`),
  KEY `CateGory` (`CateGory`,`IsDel`),
  KEY `Status` (`Status`),
  KEY `ShowType` (`ShowType`),
  KEY `Platform` (`Platform`)
) ENGINE=InnoDB AUTO_INCREMENT=42 DEFAULT CHARSET=utf8;

/*Data for the table `jy_goods_all` */

insert  into `jy_goods_all`(`Id`,`Name`,`Code`,`ImgCode`,`CurrencyType`,`CurrencyNum`,`IssueNum`,`IssueType`,`Type`,`CateGory`,`GetNum`,`GiveInfo`,`ShowType`,`IsGroom`,`TheShelvesTime`,`Status`,`Platform`,`Proportion`,`FaceValue`,`LimitShop`,`LimitShopNum`,`ExchangeType`,`ExchangeNum`,`Describe`,`Broadcast`,`Push`,`Rmark`,`LimitLevel`,`LimitVip`,`Sort`,`IsDel`,`UpTime`,`DateTime`) values (3,'金币','32132','',1,'321312',0,1,1,1,1231,'',1,0,NULL,1,1,0,NULL,1,0,1,0,'','ewqeqw','ewqeqw','ewqewq',0,0,1501136621,2,'2017-08-08 21:32:49','2017-07-26 23:23:41'),(4,'道具','','',1,'1231',0,1,2,1,321321,'',1,0,NULL,3,1,0,NULL,2,32132,2,321312,'','ewqeqw','ewqeqw','ewqeqw',2,2,1501136698,2,'2017-07-27 23:28:14','2017-07-26 23:24:58'),(5,'砖石','123','',1,'321312',0,1,1,1,321312,'{\"0\":{\"Type\":\"1\",\"Id\":\"0\",\"GetNum\":\"312312\"},\"2\":{\"Type\":\"1\",\"Id\":\"0\",\"GetNum\":\"3123321\"},\"3\":{\"Type\":\"1\",\"Id\":\"0\",\"GetNum\":\"1232132\"},\"4\":{\"Type\":\"1\",\"Id\":\"0\",\"GetNum\":\"321312\"},\"5\":{\"Type\":\"1\",\"Id\":\"0\",\"GetNum\":\"312312321\"},\"6\":{\"Type\":\"1\",\"Id\":\"0\",\"GetNum\":\"3213312\"},\"7\":{\"Type\":\"1\",\"Id\":\"0\",\"GetNum\":\"3123132\"},\"8\":{\"Type\":\"1\",\"Id\":\"0\",\"GetNum\":\"312321\"}}',1,0,NULL,3,1,12,NULL,4,321312,3,321,'','321312','312312','312312',2,2,1501140444,2,'2017-08-10 20:46:28','2017-07-27 00:27:24'),(6,'测试','321312','',1,'321312',0,1,2,1,321312,'{\"0\":{\"Type\":\"1\",\"Id\":\"3\",\"GetNum\":\"312312\"},\"2\":{\"Type\":\"1\",\"Id\":\"3\",\"GetNum\":\"3123321\"},\"3\":{\"Type\":\"1\",\"Id\":\"3\",\"GetNum\":\"1232132\"},\"4\":{\"Type\":\"1\",\"Id\":\"3\",\"GetNum\":\"321312\"},\"5\":{\"Type\":\"1\",\"Id\":\"3\",\"GetNum\":\"312312321\"},\"6\":{\"Type\":\"1\",\"Id\":\"3\",\"GetNum\":\"3213312\"},\"7\":{\"Type\":\"1\",\"Id\":\"3\",\"GetNum\":\"3123132\"},\"8\":{\"Type\":\"1\",\"Id\":\"3\",\"GetNum\":\"312321\"}}',1,0,NULL,3,1,0,NULL,4,321312,3,321,'','321312','312312','312312',2,2,1501140448,2,'2017-08-10 20:46:26','2017-07-27 00:27:28'),(7,'测试1','1','',3,'321312',233,2,1,2,321312,'[{\"Type\":\"1\",\"Id\":\"7\",\"GetNum\":\"1\"}]',1,0,NULL,1,1,0,NULL,4,321312,3,321,'1','1','1','1',2,2,1501140449,2,'2017-08-10 20:51:59','2017-07-27 00:27:29'),(8,'60000金币','60000','coin1.png',1,'0.01',0,1,1,1,60000,'',1,0,'1970-01-01',1,1,100,'',1,0,1,0,'','','','',0,0,1502423245,1,'2017-09-12 10:54:25','2017-08-10 20:47:25'),(9,'30万金币','300000','coin2.png',1,'0.01',0,1,1,1,300000,'',1,0,'1970-01-01',1,1,100,'',1,0,1,0,'','','','',0,0,1502423302,1,'2017-09-12 12:08:05','2017-08-10 20:48:22'),(10,'68万金币','680000','coin3.png',1,'68',0,1,1,1,680000,'',1,0,'1970-01-01',1,1,100,'',1,0,1,0,'','','','',0,0,1502423353,1,'2017-09-07 20:52:56','2017-08-10 20:49:13'),(11,'168万金币','1680000','coin4.png',1,'168',0,1,1,1,1680000,'',1,0,'1970-01-01',1,1,100,'',1,0,1,0,'','','','',0,0,1502423392,1,'2017-09-07 20:53:03','2017-08-10 20:49:52'),(12,'328万金币','3280000','coin5.png',1,'328',0,1,1,1,3280000,'',1,0,'1970-01-01',1,1,100,'',1,0,1,0,'','','','',0,0,1502423439,1,'2017-09-07 20:53:11','2017-08-10 20:50:39'),(13,'648万金币','6480000','coin6.png',1,'648',0,1,1,1,6480000,'',1,0,'1970-01-01',1,1,100,'',1,0,1,0,'','','','',0,0,1502423498,1,'2017-09-07 20:53:19','2017-08-10 20:51:38'),(14,'60钻石','60','diamond1.png',1,'6',0,1,2,2,60,'',1,0,'1970-01-01',1,1,100,'',1,0,1,0,'','','','',0,0,1502423611,1,'2017-09-07 20:53:38','2017-08-10 20:53:31'),(15,'300钻石','300','diamond2.png',1,'30',0,1,2,2,300,'',1,0,'1970-01-01',1,1,100,'',1,0,1,0,'','','','',0,0,1502423637,1,'2017-09-07 20:53:47','2017-08-10 20:53:57'),(16,'680钻石','680','diamond3.png',1,'68',0,1,2,2,680,'',1,0,'1970-01-01',1,1,100,'',1,0,1,0,'','','','',0,0,1502423719,1,'2017-09-07 20:53:55','2017-08-10 20:55:19'),(17,'1680钻石','1680','diamond4.png',1,'168',0,1,2,2,1680,'',1,0,'1970-01-01',1,1,100,'',1,0,1,0,'','','','',0,0,1502423790,1,'2017-09-07 20:54:11','2017-08-10 20:56:30'),(18,'自动发炮','1004','gun_06_01.png',1,'1',0,1,0,0,1,'',3,0,'1970-01-01',1,1,0,'',1,0,1,0,'','','','',0,0,1502856196,1,'2017-09-07 20:52:04','2017-08-15 21:03:16'),(19,'捕渔券概率提升','1005','card_big.png',1,'0',0,1,0,0,1,'',3,0,'1970-01-01',1,1,0,'',1,0,1,0,'','','','',0,0,1502856414,1,'2017-09-07 20:52:15','2017-08-15 21:06:54'),(20,'3280钻石','3280','diamond5.png',1,'328',0,1,2,2,3280,'',1,0,'1970-01-01',1,1,100,'',1,0,1,0,'','','','',0,0,1502856830,1,'2017-09-07 20:54:20','2017-08-15 21:13:50'),(21,'锁定','道具','',1,'1',0,1,3,3,1,'',1,0,NULL,1,1,0,NULL,1,0,1,0,'','','','',0,0,1502857047,2,'2017-08-15 21:17:51','2017-08-15 21:17:27'),(22,'锁定','1002','',1,'1',0,1,3,0,1,'',1,0,NULL,1,1,0,NULL,1,0,1,0,'','','','',0,0,1502857127,2,'2017-08-15 21:18:58','2017-08-15 21:18:47'),(23,'6480钻石','6480','diamond6.png',1,'648',0,1,2,2,6480,'',1,0,'1970-01-01',1,1,100,'',1,0,1,0,'','','','',0,0,1502866288,1,'2017-09-07 20:54:28','2017-08-15 23:51:28'),(24,'首冲礼包','1002','',1,'6',0,1,0,4,1,'{\"0\":{\"Type\":\"1\",\"Id\":\"23\",\"GetNum\":\"666666\"},\"2\":{\"Type\":\"2\",\"Id\":\"20\",\"GetNum\":\"10\"}}',2,0,'1970-01-01',1,1,0,'',5,0,1,0,'首冲礼包','','','',0,0,1502866444,1,'2017-09-14 17:55:57','2017-08-15 23:54:04'),(25,'月卡','2312','',1,'30',0,1,0,4,1,'{\"0\":{\"Type\":\"0\",\"Id\":\"18\",\"GetNum\":\"1\"},\"2\":{\"Type\":\"2\",\"Id\":\"19\",\"GetNum\":\"1\"},\"3\":{\"Type\":\"1\",\"Id\":\"36\",\"GetNum\":\"1\"},\"4\":{\"Type\":\"2\",\"Id\":\"37\",\"GetNum\":\"1\"},\"5\":{\"Type\":\"2\",\"Id\":\"27\",\"GetNum\":\"3\"},\"6\":{\"Type\":\"2\",\"Id\":\"26\",\"GetNum\":\"8\"}}',3,0,'1970-01-01',1,1,0,NULL,4,0,1,0,'','','','',0,0,1502868263,1,'2017-08-30 15:56:31','2017-08-16 00:24:23'),(26,'锁定*8/天','2','aim.png',1,'1',0,1,3,3,1,'',3,0,'1970-01-01',1,1,0,'',1,0,1,0,'','','','',0,0,1502868358,1,'2017-09-07 20:50:48','2017-08-16 00:25:58'),(27,'冰冻*3/天','1','ice.png',1,'1',0,1,3,3,1,'',3,0,'1970-01-01',1,1,0,'',1,0,1,0,'','','','',0,0,1502868462,1,'2017-09-07 20:51:03','2017-08-16 00:27:42'),(28,'10万金币','3123','gold_2.png',4,'1000',0,1,1,1,100000,'',4,0,'1970-01-01',1,1,0,'',1,0,1,0,'','','','',0,0,1503649795,1,'2017-09-07 20:50:45','2017-08-25 01:29:55'),(29,'30万金币','321312','gold_2.png',4,'3000',0,1,2,2,300000,'',4,0,'1970-01-01',1,1,0,'',1,0,1,0,'','','','',0,0,1503650087,1,'2017-09-07 20:50:53','2017-08-25 01:34:47'),(30,'青铜核弹','3','btnt1.png',4,'2500',0,1,3,3,1,'',4,0,'1970-01-01',1,1,0,'',1,0,1,0,'','','','',0,0,1503650132,1,'2017-08-31 20:57:57','2017-08-25 01:35:32'),(31,'白银核弹','4','btnt2.png',4,'12500',0,1,3,3,1,'',4,0,'1970-01-01',1,1,0,'',1,0,1,0,'','','','',0,0,1503652777,1,'2017-08-31 20:58:03','2017-08-25 02:19:37'),(32,'50元话费','321321','hf50.png',4,'5000',0,1,0,0,1,'',4,0,'1970-01-01',1,1,0,NULL,1,0,1,0,'','','','',0,0,1503652851,1,'2017-08-30 18:27:56','2017-08-25 02:20:51'),(33,'100元话费','321321','hf100.png',4,'10000',0,1,0,0,1,'',4,0,'1970-01-01',1,1,0,NULL,1,0,1,0,'','','','',0,0,1503657738,1,'2017-08-30 18:28:40','2017-08-25 03:42:18'),(34,'3211111','312111','32111',1,'312',0,1,1,1,312,'',0,0,'',1,1,0,NULL,1,0,1,0,'','','','',0,0,1503914276,2,'2017-08-28 02:58:27','2017-08-28 02:58:27'),(35,'渔券','6','card_big.png',0,'0',0,1,3,0,1,'',0,0,'',1,1,0,NULL,1,0,1,0,'','','','',0,0,1504065287,1,'2017-08-30 16:09:01','2017-08-29 20:54:47'),(36,'50000金币/天','50000','gold_2.png',1,'0',0,1,1,0,50000,'',3,0,'',1,1,0,'',1,0,1,0,'','','','',0,0,1504079662,1,'2017-09-07 20:51:06','2017-08-30 00:54:22'),(37,'30钻石/天','30','diamond6.png',1,'0',0,1,2,0,30,'',3,0,'',1,1,0,'',1,0,1,0,'','','','',0,0,1504079771,1,'2017-09-07 20:55:25','2017-08-30 00:56:11'),(38,'300元京东卡','66666','jd300.png',4,'30000',0,1,5,3,1,'',4,0,'',1,1,0,'300',1,0,1,0,'','','','',0,0,1504089051,1,'2017-09-01 18:55:12','2017-08-30 03:30:51'),(39,'500元京东卡','77777','jd500.png',4,'50000',0,1,5,1,1,'',4,0,'',1,1,0,'500',1,0,1,0,'','','','',0,0,1504089105,1,'2017-09-01 18:55:31','2017-08-30 03:31:45'),(40,'50元话费卡','312321','321321',4,'50',0,1,4,0,1,'',4,0,'',1,1,0,NULL,1,0,1,0,'','','','',0,0,1504090689,1,'2017-08-30 03:58:41','2017-08-30 03:58:41'),(41,'10000金币','8888','gold_2.png',0,'0',0,1,1,1,10000,'',0,0,'',1,1,0,'',1,0,1,0,'','','','',0,0,1504147778,1,'2017-09-07 20:51:18','2017-08-30 19:49:38');

/*Table structure for table `jy_horse_race_lamp` */

DROP TABLE IF EXISTS `jy_horse_race_lamp`;

CREATE TABLE `jy_horse_race_lamp` (
  `Id` int(11) unsigned NOT NULL AUTO_INCREMENT COMMENT '跑马灯',
  `Content` varchar(255) NOT NULL COMMENT '内容',
  `Status` tinyint(1) NOT NULL COMMENT '是否已发送 1-否 2-是',
  `Remark` varchar(255) NOT NULL COMMENT '备注',
  `DateTime` timestamp NOT NULL DEFAULT CURRENT_TIMESTAMP COMMENT '创建时间',
  PRIMARY KEY (`Id`)
) ENGINE=InnoDB AUTO_INCREMENT=2 DEFAULT CHARSET=utf8;

/*Data for the table `jy_horse_race_lamp` */

insert  into `jy_horse_race_lamp`(`Id`,`Content`,`Status`,`Remark`,`DateTime`) values (1,'大吉大利，晚上吃鸡!',2,'1232','2017-09-15 01:23:42');

/*Table structure for table `jy_prop_list` */

DROP TABLE IF EXISTS `jy_prop_list`;

CREATE TABLE `jy_prop_list` (
  `Name` varchar(255) NOT NULL COMMENT '名称',
  `Code` int(11) unsigned NOT NULL COMMENT '道具ID',
  PRIMARY KEY (`Code`)
) ENGINE=InnoDB DEFAULT CHARSET=utf8;

/*Data for the table `jy_prop_list` */

insert  into `jy_prop_list`(`Name`,`Code`) values ('冰封',1),('锁定',2),('小炮弹',3),('中炮弹',4),('大炮弹',5),('渔劵',6);

/*Table structure for table `jy_register_macrodata` */

DROP TABLE IF EXISTS `jy_register_macrodata`;

CREATE TABLE `jy_register_macrodata` (
  `Id` int(11) unsigned NOT NULL AUTO_INCREMENT COMMENT '注册分析宏观数据',
  `UserNum` int(11) unsigned NOT NULL COMMENT '注册人数',
  `UserGame` int(11) unsigned NOT NULL COMMENT '游戏人数',
  `UserPayNum` int(11) unsigned NOT NULL COMMENT '付费用户',
  `PayNum` int(11) unsigned NOT NULL COMMENT '付费次数',
  `PayMoney` int(11) unsigned NOT NULL COMMENT '付费金额',
  `BankruptcyNum` int(11) unsigned NOT NULL COMMENT '破产用户',
  `BankruptcyNum30` int(11) NOT NULL COMMENT '充值30内破产',
  `DateTime` timestamp NOT NULL DEFAULT CURRENT_TIMESTAMP COMMENT '创建时间',
  PRIMARY KEY (`Id`),
  KEY `DateTime` (`DateTime`)
) ENGINE=MyISAM AUTO_INCREMENT=2 DEFAULT CHARSET=utf8;

/*Data for the table `jy_register_macrodata` */

insert  into `jy_register_macrodata`(`Id`,`UserNum`,`UserGame`,`UserPayNum`,`PayNum`,`PayMoney`,`BankruptcyNum`,`BankruptcyNum30`,`DateTime`) values (1,312,321312,321321,312,321,312,0,'2017-09-06 19:22:09');

/*Table structure for table `jy_seven_days_sign` */

DROP TABLE IF EXISTS `jy_seven_days_sign`;

CREATE TABLE `jy_seven_days_sign` (
  `Id` int(4) unsigned NOT NULL AUTO_INCREMENT COMMENT '七天签到',
  `IsExceed` tinyint(1) NOT NULL DEFAULT '1' COMMENT '是否超过28天 1-否 2-是',
  `Day` int(4) unsigned NOT NULL COMMENT '第几天',
  `GoodsID` int(11) unsigned NOT NULL COMMENT '物品ID',
  `Type` tinyint(1) unsigned NOT NULL COMMENT '物品类型',
  `Number` int(11) NOT NULL COMMENT '数量',
  `ImgCode` varchar(50) NOT NULL COMMENT '图片标识',
  `DateTime` timestamp NOT NULL DEFAULT CURRENT_TIMESTAMP COMMENT '创建时间',
  PRIMARY KEY (`Id`),
  KEY `IsExceed` (`IsExceed`)
) ENGINE=MyISAM AUTO_INCREMENT=31 DEFAULT CHARSET=utf8;

/*Data for the table `jy_seven_days_sign` */

insert  into `jy_seven_days_sign`(`Id`,`IsExceed`,`Day`,`GoodsID`,`Type`,`Number`,`ImgCode`,`DateTime`) values (1,1,1,41,1,1,'gold_2.png','2017-08-02 23:53:08'),(21,1,7,35,3,150,'card_big.png','2017-08-28 01:55:40'),(3,1,3,35,3,150,'card_big.png','2017-08-02 23:53:23'),(4,1,4,41,1,1,'gold_2.png','2017-08-02 23:53:32'),(11,1,5,41,1,1,'gold_2.png','2017-08-03 04:21:40'),(6,1,6,41,1,1,'gold_2.png','2017-08-02 23:53:55'),(13,1,2,41,1,1,'gold_2.png','2017-08-07 05:01:04'),(25,2,7,41,1,1,'gold_2.png','2017-08-28 02:11:04'),(18,2,5,41,1,1,'gold_2.png','2017-08-09 23:57:10'),(24,2,6,41,1,1,'gold_2.png','2017-08-28 02:10:02'),(27,2,1,41,1,1,'gold_2.png','2017-08-29 21:26:34'),(28,2,3,41,1,1,'gold_2.png','2017-08-29 21:26:45'),(29,2,2,41,1,1,'gold_2.png','2017-08-29 21:30:22'),(30,2,4,41,1,1,'gold_2.png','2017-08-29 21:30:33');

/*Table structure for table `jy_statistics_activem_acroscopic` */

DROP TABLE IF EXISTS `jy_statistics_activem_acroscopic`;

CREATE TABLE `jy_statistics_activem_acroscopic` (
  `Id` int(11) unsigned NOT NULL AUTO_INCREMENT COMMENT '统计活跃-宏观数据',
  `UserNum` int(11) unsigned NOT NULL DEFAULT '0' COMMENT '用户数量',
  `WAU` int(11) unsigned NOT NULL DEFAULT '0' COMMENT '7内',
  `MAU` int(11) unsigned NOT NULL DEFAULT '0' COMMENT '30天内',
  `UserPayNum` int(11) unsigned NOT NULL DEFAULT '0' COMMENT '付费用户数量',
  `UserGame` int(11) unsigned NOT NULL DEFAULT '0' COMMENT '用户游戏数量',
  `BankruptcyNum` int(11) unsigned NOT NULL DEFAULT '0' COMMENT '破产数量',
  `BankruptcyNum30` int(11) unsigned NOT NULL DEFAULT '0' COMMENT '付费30分钟破产',
  `DateTime` timestamp NOT NULL DEFAULT CURRENT_TIMESTAMP COMMENT '统计时间',
  PRIMARY KEY (`Id`),
  KEY `DateTime` (`DateTime`)
) ENGINE=InnoDB AUTO_INCREMENT=2 DEFAULT CHARSET=utf8;

/*Data for the table `jy_statistics_activem_acroscopic` */

insert  into `jy_statistics_activem_acroscopic`(`Id`,`UserNum`,`WAU`,`MAU`,`UserPayNum`,`UserGame`,`BankruptcyNum`,`BankruptcyNum30`,`DateTime`) values (1,0,0,0,0,0,0,0,'2017-09-11 00:00:00');

/*Table structure for table `jy_statistics_goods` */

DROP TABLE IF EXISTS `jy_statistics_goods`;

CREATE TABLE `jy_statistics_goods` (
  `GoodsID` int(11) unsigned NOT NULL AUTO_INCREMENT COMMENT '物品ID',
  `SuccessNum` int(11) unsigned NOT NULL DEFAULT '0' COMMENT '成功数',
  `TotalNum` int(11) unsigned NOT NULL DEFAULT '0' COMMENT '总下单数',
  PRIMARY KEY (`GoodsID`)
) ENGINE=InnoDB DEFAULT CHARSET=utf8;

/*Data for the table `jy_statistics_goods` */

/*Table structure for table `jy_statistics_users_pay` */

DROP TABLE IF EXISTS `jy_statistics_users_pay`;

CREATE TABLE `jy_statistics_users_pay` (
  `Id` int(11) unsigned NOT NULL AUTO_INCREMENT COMMENT '用户付费统计',
  `alipay` int(11) unsigned NOT NULL DEFAULT '0' COMMENT '支付宝',
  `weixin` int(11) unsigned NOT NULL DEFAULT '0' COMMENT '微信',
  `iappay` int(11) unsigned NOT NULL DEFAULT '0' COMMENT '爱贝',
  `PayNum` int(11) unsigned NOT NULL DEFAULT '0' COMMENT '付费次数',
  `UserPayNum` int(11) unsigned NOT NULL DEFAULT '0' COMMENT '付费用户数',
  `ActiveNum` int(11) unsigned NOT NULL DEFAULT '0' COMMENT '活跃数',
  `TotalMoney` int(11) unsigned NOT NULL DEFAULT '0' COMMENT '日收入总额',
  `Success` int(11) unsigned NOT NULL DEFAULT '0' COMMENT '成功',
  `OrderTotal` int(11) unsigned NOT NULL DEFAULT '0' COMMENT '订单总数',
  `First` int(11) unsigned NOT NULL DEFAULT '0' COMMENT '首次充值数',
  `FirstMoney` int(11) unsigned NOT NULL DEFAULT '0' COMMENT '首付金额',
  `DateTime` timestamp NOT NULL DEFAULT CURRENT_TIMESTAMP COMMENT '统计时间',
  PRIMARY KEY (`Id`),
  KEY `DateTime` (`DateTime`)
) ENGINE=MyISAM AUTO_INCREMENT=2 DEFAULT CHARSET=utf8;

/*Data for the table `jy_statistics_users_pay` */

insert  into `jy_statistics_users_pay`(`Id`,`alipay`,`weixin`,`iappay`,`PayNum`,`UserPayNum`,`ActiveNum`,`TotalMoney`,`Success`,`OrderTotal`,`First`,`FirstMoney`,`DateTime`) values (1,0,18,29,47,31,66,10414,0,56,0,0,'2017-09-13 00:00:00');

/*Table structure for table `jy_system_menu` */

DROP TABLE IF EXISTS `jy_system_menu`;

CREATE TABLE `jy_system_menu` (
  `id` int(11) unsigned NOT NULL AUTO_INCREMENT COMMENT '系统菜单',
  `name` varchar(20) NOT NULL COMMENT '菜单名',
  `icon` varchar(20) NOT NULL COMMENT '菜单表',
  `url` varchar(100) NOT NULL COMMENT '菜单地址',
  `sort` int(11) unsigned NOT NULL COMMENT '排序',
  `islock` tinyint(1) unsigned NOT NULL DEFAULT '1' COMMENT '是否锁定',
  `upid` int(11) NOT NULL DEFAULT '0' COMMENT '上级菜单',
  `remark` varchar(255) NOT NULL COMMENT '备注',
  `mtime` timestamp NOT NULL DEFAULT CURRENT_TIMESTAMP ON UPDATE CURRENT_TIMESTAMP COMMENT '创建时间',
  PRIMARY KEY (`id`)
) ENGINE=MyISAM AUTO_INCREMENT=64 DEFAULT CHARSET=utf8;

/*Data for the table `jy_system_menu` */

insert  into `jy_system_menu`(`id`,`name`,`icon`,`url`,`sort`,`islock`,`upid`,`remark`,`mtime`) values (1,'系统管理','','###',0,1,0,'','2017-07-11 17:19:33'),(2,'菜单列表','','/jy_admin/menu/index',1,1,1,'','2017-07-10 19:21:22'),(3,'管理员','','/jy_admin/AdminUsers/index',2,1,1,'','2017-07-10 19:24:37'),(4,'管理员组','','/jy_admin/admingroup/index',3,1,1,'','2017-07-10 19:25:13'),(5,'渠道管理','','###',1,1,0,'','2017-07-11 17:19:46'),(6,'渠道列表','','/jy_admin/Channel/index',0,1,5,'','2017-07-10 19:32:45'),(7,'渠道数据','','###',0,1,5,'','2017-07-10 19:26:28'),(9,'全局数据','','###',3,1,0,'','2017-07-11 17:20:20'),(10,'全局数据','','/jy_admin/GlobalData/index',1,1,9,'','2017-07-11 18:22:13'),(14,'注册分析','','###',4,1,0,'','2017-07-11 17:07:06'),(15,'宏观数据','','/jy_admin/RegisterMacroscopic/index',0,1,14,'','2017-07-14 10:06:32'),(61,'商品分析','','/jy_admin/PayMacroscopic/Goods',2,1,35,'','2017-09-14 02:28:27'),(60,'支付类型','','/jy_admin/PayMacroscopic/PayType',1,1,35,'','2017-09-14 01:59:24'),(20,'渠道分布','','渠道分布',6,1,14,'','2017-07-11 17:10:14'),(21,'活跃分析','','###',5,1,0,'','2017-07-11 17:12:36'),(22,'宏观数据','','/jy_admin/ActiveMacroscopic/index',1,1,21,'','2017-07-17 16:33:13'),(23,'等级分布','','/jy_admin/ActiveLevel/index',2,1,21,'','2017-07-18 10:46:26'),(24,'版本分布','','/jy_admin/ActiveEdition/index',3,1,21,'','2017-07-18 11:22:07'),(25,'渠道分布','','###',4,1,21,'','2017-07-11 17:17:11'),(26,'道具分布','','###',5,1,21,'','2017-07-11 17:17:27'),(27,'实时数据','','###',6,1,0,'','2017-07-11 17:18:34'),(28,'实时概况','','###',1,1,27,'','2017-07-11 17:18:55'),(29,'实时在线','','###',2,1,27,'','2017-07-11 17:21:44'),(30,'实时收入','','###',0,1,27,'','2017-07-11 17:22:05'),(31,'留存分析','','###',6,1,0,'','2017-07-11 17:22:54'),(32,'留存数据','','/jy_admin/RetainedData/index',0,1,31,'','2017-07-19 18:02:31'),(33,'流失数据','','###',1,1,31,'','2017-07-11 17:24:09'),(34,'回流数据','','###',2,1,31,'','2017-07-19 17:37:43'),(35,'付费分析','','###',7,1,0,'','2017-07-11 17:26:06'),(36,'宏观数据','','/jy_admin/PayMacroscopic/index',0,1,35,'','2017-07-24 16:42:04'),(37,'货币流水','','###',8,1,0,'','2017-07-11 17:29:30'),(38,'金币流水','','/jy_admin/GoldStream/index',0,1,37,'','2017-09-15 03:55:01'),(39,'钻石流水','','/jy_admin/DiamondsStream/index',1,1,37,'','2017-09-15 03:52:28'),(40,'道具流水','','/jy_admin/PropStream/inde',2,1,37,'','2017-09-15 03:53:31'),(41,'场次数据','','###',8,1,0,'','2017-07-11 17:28:31'),(42,'用户中心','###','###',2,1,0,'','2017-07-11 17:52:45'),(43,'用户列表','','/jy_admin/UsersInfo/index',1,1,42,'','2017-08-29 05:52:52'),(44,'金币分布','','/jy_admin/ActiveGold/index',2,1,21,'','2017-07-19 12:07:07'),(45,'钻石分布','','/jy_admin/ActiveDiamond/index',3,1,21,'','2017-07-19 17:14:53'),(46,'大厅配置','','####',3,1,0,'','2017-07-25 15:36:59'),(47,'商品列表','','/jy_admin/GoodsAll/index',0,1,46,'','2017-07-26 01:04:55'),(48,'七天签到（前四周）','','/jy_admin/SevenDaysSign/index',1,1,46,'','2017-08-09 23:40:48'),(49,'活动列表','','/jy_admin/activityList/index',3,1,46,'','2017-08-11 00:04:06'),(50,'vip等级','','/jy_admin/VipInfo/index',1,1,42,'','2017-07-25 19:08:24'),(59,'发送邮件','','/jy_admin/SendEmail/index',0,1,42,'','2017-08-31 23:27:31'),(52,'支付管理','','###',3,1,0,'','2017-07-25 15:51:29'),(53,'支付配置','','/jy_admin/ThirdpayInfo/index',0,1,52,'','2017-07-31 03:12:01'),(54,'所有订单','###','/jy_admin/UsersOrder/index',4,1,42,'','2017-08-02 01:43:15'),(55,'七天签到（后四周）','','/jy_admin/SevenDaysSignReward/index',2,1,46,'','2017-08-28 02:02:00'),(57,'用户属性','###','/jy_admin/UsersAttribute/index',1,1,42,'','2017-08-28 04:13:56'),(58,'兑换申请','','/jy_admin/UsersExchangeApplication/index',2,1,42,'','2017-08-30 19:13:52'),(62,'游戏公告','','/jy_admin/Notice/index',5,1,46,'###','2017-09-14 19:11:26'),(63,'跑马灯','##','/jy_admin/HorseRaceLamp/index',5,1,46,'','2017-09-15 00:37:53');

/*Table structure for table `jy_thirdpay` */

DROP TABLE IF EXISTS `jy_thirdpay`;

CREATE TABLE `jy_thirdpay` (
  `Id` int(11) unsigned NOT NULL AUTO_INCREMENT COMMENT '支付信息',
  `Name` varchar(20) NOT NULL COMMENT '支付名称',
  `Type` tinyint(1) unsigned NOT NULL DEFAULT '1' COMMENT '类型 1-支付 2-微信 3-爱贝',
  `Platform` tinyint(1) unsigned NOT NULL DEFAULT '1' COMMENT '平台 1-苹果 2-安卓',
  `PassAgeWay` varchar(50) NOT NULL COMMENT '通道',
  `Recommend` tinyint(1) NOT NULL DEFAULT '1' COMMENT '是否推荐',
  `public` text COMMENT '公钥(支付宝，爱贝)',
  `private` text COMMENT '私钥（支付宝，微信，爱贝）',
  `appid` varchar(100) DEFAULT NULL COMMENT '应用ID(微信，爱贝)',
  `partner` varchar(100) DEFAULT NULL COMMENT '合作者id(微信支付宝)',
  `account` varchar(100) DEFAULT NULL COMMENT '支付宝签约账号',
  `Sort` int(11) NOT NULL COMMENT '排序',
  `Notifyurl` varchar(255) NOT NULL COMMENT '回调通知',
  `Describe` varchar(255) NOT NULL COMMENT '通道描述',
  `Support` tinyint(1) NOT NULL DEFAULT '1' COMMENT '所有版本 1-否 2-是',
  `VersionStart` varchar(20) NOT NULL COMMENT '起始版本',
  `VersionEnd` varchar(20) NOT NULL COMMENT '结束版本',
  `IsDel` tinyint(1) unsigned NOT NULL DEFAULT '1' COMMENT '是否删除 1-是 2-否',
  `DateTime` timestamp NOT NULL DEFAULT CURRENT_TIMESTAMP COMMENT '创建时间',
  PRIMARY KEY (`Id`),
  KEY `PassAgeWay` (`PassAgeWay`),
  KEY `IsDel` (`IsDel`),
  KEY `Platform` (`Platform`)
) ENGINE=MyISAM AUTO_INCREMENT=13 DEFAULT CHARSET=utf8;

/*Data for the table `jy_thirdpay` */

insert  into `jy_thirdpay`(`Id`,`Name`,`Type`,`Platform`,`PassAgeWay`,`Recommend`,`public`,`private`,`appid`,`partner`,`account`,`Sort`,`Notifyurl`,`Describe`,`Support`,`VersionStart`,`VersionEnd`,`IsDel`,`DateTime`) values (6,'爱贝',3,1,'iappay',1,'MIGfMA0GCSqGSIb3DQEBAQUAA4GNADCBiQKBgQDtv7IzXBGp486UAFwaLIXsSua8JiTSe5kSKU6IXNiJxZIMZ/2dlKOV66hFIQjP/0u8YV9Du+uk8/3nmTMhdBpanzp9awkXnO2g104ng9x34YxoDMMv24MmOhT7c2mnhCuEyFbz/KkvnhzQn6L+MAwYvkkQInpw/ArHDJ0NkbyJNQIDAQAB','MIICXAIBAAKBgQCR/ZyLQ7Z2pCv8sZcNuqDcgEoEhPQPOT9Ci8l43mIBhjbSCIPuDPiiZJJ9HjaMpy+X1cUZP1SY9TtZDzA3R5pAWd1HY+Ps/Q8aDiRou2mNESlWor5/xmG8TcQcWLshS3VzHWz4cY7i8o+EIACfHbDTSTkqTxCIyjw1BYxGTyqLVwIDAQABAoGAGDGseNPu8DiC5azUuLy+HezQ13DlNYSqPDAIYpSQL2p7uVEZ9CCIL/l04XFZXvPyCjquIGIDdhnmDPtcZTzjjhfltp6N3Uqmtp4D2cPWruR6B2icvve2bno2Lu6OULuAYyEkVMHCdEf5GSSHjShIG6CBahHfHZhWzjoPYZWAZ9ECQQDd/NGvmzcLVHOXM4muml6leF9OmQNqA+qVec9Sqb39t2CNJY4QxdJ/AzQnLeskqVBydQm60P2lbi3M1eCMW+sPAkEAqFvpB1vgkj6dlbySyHGu5mzTiJBRSVvz4c5XAA01iLCNPGdtQGT7jslnkyueXMwdiq3pBDpGuzL9v9QIuw17OQJADv+h+0d1dKKEHNcymkV715pGdj0IagVRuD++rkshtx7Iu0CqVJ/JFSPWRj9n/9YgxVr7CVBNkvvaxFg/D7y2KQJARCqKjG832x69IU5rw/q7jRKNB2MfdmtjsI6iDSRMA58wYD+kLYl1jReg9yaXBQ2j/G1zxkFuOAdqVEweiNXpiQJBAJjblicX+Y7y0EwKfOXP9oU2KjbxGAy5Et5AL+6AdloVbjZAU1o3LYfjuCz+YaU3jPx38FIT1Npe/WWIuTyusZ8=','3015007654','','',1,'http://testphp.juyihd.com/Jy_ThirdpayIapppay/Notifyurl/index','',2,'','',1,'2017-08-23 23:20:31'),(7,'321321',1,1,'321321',2,'312321321','1',NULL,'321312','32131232',1,'321111111111111222','',2,'','',1,'2017-08-30 01:34:20'),(8,'3213',2,1,'32321',1,NULL,'312321','321321','323213',NULL,0,'31233333','321312',2,'','',1,'2017-08-30 01:37:42'),(9,'3123',3,1,'321312',1,'321321','312312','312321',NULL,NULL,2,'31231232','31232',2,'','',2,'2017-08-30 01:39:29'),(10,'ce111',1,2,'3213',1,'321312','321321',NULL,'312','321',312,'312312','3123',2,'','',2,'2017-09-06 02:29:16'),(11,'eqweqw',2,1,'3123',1,NULL,'321321','321','321',NULL,1,'321321','32132',2,'','',2,'2017-09-06 02:29:42'),(12,'1111',3,1,'2321',1,'321312','321321','321321',NULL,NULL,1,'321321','321',2,'','',2,'2017-09-06 02:30:07');

/*Table structure for table `jy_users_activity_theaward_log` */

DROP TABLE IF EXISTS `jy_users_activity_theaward_log`;

CREATE TABLE `jy_users_activity_theaward_log` (
  `Id` bigint(20) unsigned NOT NULL AUTO_INCREMENT COMMENT '用户领奖记录',
  `playerid` bigint(20) unsigned NOT NULL COMMENT '用户ID',
  `GoodsID` int(11) unsigned NOT NULL COMMENT '物品ID',
  `GoodsName` varchar(50) NOT NULL COMMENT '物品名',
  `activityID` int(11) unsigned NOT NULL COMMENT '活动ID',
  `Type` tinyint(1) unsigned NOT NULL DEFAULT '1' COMMENT '活动类型',
  `Number` int(11) unsigned NOT NULL COMMENT '获得数量',
  `AddUpStartTime` timestamp NOT NULL DEFAULT CURRENT_TIMESTAMP COMMENT '计费开始时间',
  `AddUpEndTime` timestamp NOT NULL DEFAULT CURRENT_TIMESTAMP COMMENT '计费结束时间',
  `DateTime` timestamp NOT NULL DEFAULT CURRENT_TIMESTAMP COMMENT '领取时间',
  PRIMARY KEY (`Id`),
  KEY `playerid` (`playerid`,`AddUpStartTime`,`AddUpEndTime`)
) ENGINE=MyISAM AUTO_INCREMENT=51 DEFAULT CHARSET=utf8;

/*Data for the table `jy_users_activity_theaward_log` */

insert  into `jy_users_activity_theaward_log`(`Id`,`playerid`,`GoodsID`,`GoodsName`,`activityID`,`Type`,`Number`,`AddUpStartTime`,`AddUpEndTime`,`DateTime`) values (50,100217,10,'68万金币',7,2,1,'2017-09-01 11:00:00','2017-10-31 11:00:00','2017-09-13 20:46:37'),(49,100217,8,'60000金币',5,2,1,'2017-09-01 11:00:00','2017-10-31 11:00:00','2017-09-13 20:46:36'),(48,100217,8,'60000金币',6,1,1,'2017-08-11 11:00:00','2017-09-29 11:00:00','2017-09-13 20:46:34'),(47,100217,10,'68万金币',3,1,1,'2017-08-11 11:00:00','2017-09-29 11:00:00','2017-09-13 20:46:32'),(46,100216,10,'68万金币',7,2,1,'2017-09-01 11:00:00','2017-10-31 11:00:00','2017-09-13 20:43:54'),(45,100216,8,'60000金币',5,2,1,'2017-09-01 11:00:00','2017-10-31 11:00:00','2017-09-13 20:43:53'),(44,100216,8,'60000金币',6,1,1,'2017-08-11 11:00:00','2017-09-29 11:00:00','2017-09-13 20:43:48'),(43,100216,10,'68万金币',3,1,1,'2017-08-11 11:00:00','2017-09-29 11:00:00','2017-09-13 20:43:46'),(42,100213,10,'68万金币',7,2,32121,'2017-09-01 11:00:00','2017-10-31 11:00:00','2017-09-13 20:39:45'),(41,100213,10,'68万金币',7,2,32121,'2017-09-01 11:00:00','2017-10-31 11:00:00','2017-09-13 20:39:43'),(40,100213,10,'68万金币',7,2,32121,'2017-09-01 11:00:00','2017-10-31 11:00:00','2017-09-13 20:38:11'),(39,100213,10,'68万金币',7,2,32121,'2017-09-01 11:00:00','2017-10-31 11:00:00','2017-09-13 20:38:04'),(38,100213,10,'68万金币',7,2,32121,'2017-09-01 11:00:00','2017-10-31 11:00:00','2017-09-13 20:37:57'),(37,100213,8,'60000金币',5,2,321,'2017-09-01 11:00:00','2017-10-31 11:00:00','2017-09-13 20:37:56'),(36,100213,8,'60000金币',6,1,312,'2017-08-11 11:00:00','2017-09-29 11:00:00','2017-09-13 20:13:54'),(35,100213,10,'68万金币',3,1,1,'2017-08-11 11:00:00','2017-09-29 11:00:00','2017-09-13 20:07:08'),(34,100212,10,'68万金币',3,1,1,'2017-08-11 11:00:00','2017-09-29 11:00:00','2017-09-13 20:04:52'),(33,100209,10,'68万金币',3,1,1,'2017-08-11 11:00:00','2017-09-29 11:00:00','2017-09-13 19:36:06'),(32,100166,10,'68万金币',3,1,1,'2017-08-11 11:00:00','2017-09-29 11:00:00','2017-09-11 01:06:30');

/*Table structure for table `jy_users_bankruptcy` */

DROP TABLE IF EXISTS `jy_users_bankruptcy`;

CREATE TABLE `jy_users_bankruptcy` (
  `Id` bigint(20) unsigned NOT NULL AUTO_INCREMENT COMMENT '用户破产',
  `playerid` bigint(20) NOT NULL COMMENT '用户ID',
  `DateTime` timestamp NOT NULL DEFAULT CURRENT_TIMESTAMP ON UPDATE CURRENT_TIMESTAMP COMMENT '破产时间',
  PRIMARY KEY (`Id`),
  KEY `playerid` (`playerid`)
) ENGINE=MyISAM DEFAULT CHARSET=utf8;

/*Data for the table `jy_users_bankruptcy` */

/*Table structure for table `jy_users_card_receive_log` */

DROP TABLE IF EXISTS `jy_users_card_receive_log`;

CREATE TABLE `jy_users_card_receive_log` (
  `Id` bigint(20) unsigned NOT NULL AUTO_INCREMENT COMMENT '月卡领取奖励',
  `playerid` bigint(20) unsigned NOT NULL COMMENT '用户ID',
  `DateTime` timestamp NOT NULL DEFAULT CURRENT_TIMESTAMP ON UPDATE CURRENT_TIMESTAMP COMMENT '创建时间',
  PRIMARY KEY (`Id`),
  KEY `playerid` (`playerid`,`DateTime`)
) ENGINE=MyISAM AUTO_INCREMENT=58 DEFAULT CHARSET=utf8;

/*Data for the table `jy_users_card_receive_log` */

insert  into `jy_users_card_receive_log`(`Id`,`playerid`,`DateTime`) values (33,100355,'2017-09-11 05:29:48'),(32,100350,'2017-09-11 05:13:33'),(31,100349,'2017-09-11 05:10:47'),(30,100348,'2017-09-11 05:10:16'),(29,100347,'2017-09-11 05:09:20'),(28,100163,'2017-09-11 05:06:10'),(27,100164,'2017-09-11 02:55:45'),(26,100165,'2017-09-11 02:47:49'),(25,100166,'2017-09-11 01:21:53'),(24,100165,'2017-09-07 05:43:57'),(23,100166,'2017-09-07 05:35:40'),(34,100008,'2017-09-11 05:50:28'),(35,100009,'2017-09-11 05:51:29'),(36,100010,'2017-09-11 05:52:48'),(37,100012,'2017-09-11 05:53:50'),(38,100016,'2017-09-11 05:55:34'),(39,100018,'2017-09-11 06:00:30'),(40,100019,'2017-09-11 06:01:08'),(41,100060,'2017-09-12 19:05:09'),(42,100166,'2017-09-13 02:15:58'),(43,100169,'2017-09-13 02:17:18'),(44,100170,'2017-09-13 02:18:15'),(45,100172,'2017-09-13 02:19:50'),(46,100173,'2017-09-13 02:23:37'),(47,100174,'2017-09-13 02:24:45'),(48,100175,'2017-09-13 02:28:30'),(49,100176,'2017-09-13 02:36:11'),(50,100191,'2017-09-13 05:46:40'),(51,100193,'2017-09-13 05:52:06'),(52,100201,'2017-09-13 06:13:42'),(53,100165,'2017-09-13 06:24:19'),(54,100209,'2017-09-13 19:35:57'),(55,100213,'2017-09-13 20:42:38'),(56,100223,'2017-09-14 01:41:33'),(57,100281,'2017-09-15 02:35:51');

/*Table structure for table `jy_users_currency_stream` */

DROP TABLE IF EXISTS `jy_users_currency_stream`;

CREATE TABLE `jy_users_currency_stream` (
  `Id` bigint(20) unsigned NOT NULL AUTO_INCREMENT COMMENT '用户金币钻石流水',
  `playerid` bigint(20) unsigned NOT NULL COMMENT '用户ID',
  `Type` tinyint(1) NOT NULL COMMENT '类型 1-游戏 2-充值 3-签到 4-兑换 5-月卡 6-首冲',
  `CurrencyType` tinyint(1) NOT NULL COMMENT '货币类型 1-金币 2-钻石',
  `Income` tinyint(1) NOT NULL COMMENT '1-收入 2-支出',
  `Number` int(20) NOT NULL COMMENT '数量',
  `DateTime` timestamp NOT NULL DEFAULT CURRENT_TIMESTAMP ON UPDATE CURRENT_TIMESTAMP COMMENT '创建时间',
  PRIMARY KEY (`Id`),
  KEY `DateTime` (`DateTime`),
  KEY `playerid` (`playerid`,`Type`,`CurrencyType`)
) ENGINE=MyISAM AUTO_INCREMENT=381 DEFAULT CHARSET=utf8;

/*Data for the table `jy_users_currency_stream` */

insert  into `jy_users_currency_stream`(`Id`,`playerid`,`Type`,`CurrencyType`,`Income`,`Number`,`DateTime`) values (54,100166,5,1,1,50000,'2017-09-07 05:24:08'),(53,100165,2,2,1,30,'2017-09-07 05:15:11'),(52,100165,2,1,1,50000,'2017-09-07 05:15:11'),(51,100166,2,2,1,30,'2017-09-07 05:14:09'),(50,100166,2,1,1,50000,'2017-09-07 05:14:09'),(49,100166,2,2,1,2147483647,'2017-09-07 03:11:23'),(48,100166,2,2,1,32800,'2017-09-07 03:11:23'),(47,100166,2,1,1,1,'2017-09-07 03:11:23'),(46,100166,2,2,1,300,'2017-09-07 03:10:40'),(45,100166,2,1,1,60000,'2017-09-07 03:10:29'),(44,100166,2,1,1,60000,'2017-09-07 03:10:26'),(43,100166,2,1,1,60000,'2017-09-07 03:10:09'),(42,100166,2,1,1,60000,'2017-09-07 03:09:58'),(41,100166,2,1,1,60000,'2017-09-07 03:09:48'),(40,100166,2,1,1,60000,'2017-09-07 03:09:05'),(39,100166,2,1,1,60000,'2017-09-07 03:08:04'),(38,100166,2,1,1,60000,'2017-09-07 03:06:57'),(37,100166,2,1,1,60000,'2017-09-07 03:04:02'),(36,100166,2,1,1,60000,'2017-09-07 03:02:16'),(35,100200,2,1,1,60000,'2017-09-07 02:05:29'),(34,100200,2,1,1,60000,'2017-09-07 02:05:02'),(33,100200,2,1,1,60000,'2017-09-07 02:04:33'),(32,100200,2,1,1,60000,'2017-09-06 01:46:45'),(31,100200,2,1,1,60000,'2017-09-06 01:46:25'),(30,100200,2,1,1,60000,'2017-09-06 01:45:40'),(29,100200,2,1,1,60000,'2017-09-06 01:45:25'),(28,100200,2,1,1,60000,'2017-09-06 01:44:10'),(55,100166,5,2,1,30,'2017-09-07 05:24:08'),(56,100166,5,1,1,50000,'2017-09-07 05:29:43'),(57,100166,5,2,1,30,'2017-09-07 05:29:43'),(58,100166,5,1,1,50000,'2017-09-07 05:32:08'),(59,100166,5,2,1,30,'2017-09-07 05:32:08'),(60,100166,5,1,1,50000,'2017-09-07 05:33:13'),(61,100166,5,2,1,30,'2017-09-07 05:33:13'),(62,100166,5,1,1,50000,'2017-09-07 05:33:42'),(63,100166,5,2,1,30,'2017-09-07 05:33:42'),(64,100166,5,1,1,50000,'2017-09-07 05:34:32'),(65,100166,5,2,1,30,'2017-09-07 05:34:32'),(66,100166,5,1,1,50000,'2017-09-07 05:35:40'),(67,100166,5,2,1,30,'2017-09-07 05:35:40'),(68,100165,5,1,1,50000,'2017-09-07 05:43:57'),(69,100165,5,2,1,30,'2017-09-07 05:43:57'),(70,100288,3,1,1,20000,'2017-09-07 06:01:05'),(71,100290,4,1,1,100000,'2017-09-07 23:19:01'),(72,100290,4,1,1,100000,'2017-09-07 23:19:06'),(73,100290,4,1,1,100000,'2017-09-07 23:19:09'),(74,100290,4,1,1,100000,'2017-09-07 23:20:42'),(75,100290,4,1,1,100000,'2017-09-07 23:20:59'),(76,100290,4,1,1,100000,'2017-09-07 23:21:00'),(77,100290,4,1,1,100000,'2017-09-07 23:21:12'),(78,100290,4,1,1,100000,'2017-09-07 23:21:14'),(79,100290,4,1,1,100000,'2017-09-07 23:21:15'),(80,100290,4,1,1,100000,'2017-09-07 23:21:17'),(81,100290,4,2,1,300000,'2017-09-07 23:21:29'),(82,100290,3,1,1,20000,'2017-09-07 23:29:33'),(83,100165,2,1,1,60000,'2017-09-11 00:36:53'),(84,100165,2,1,1,300000,'2017-09-11 00:37:08'),(85,100165,2,1,1,60000,'2017-09-11 00:37:18'),(86,100166,7,1,1,680000,'2017-09-11 00:52:25'),(87,100166,7,1,1,680000,'2017-09-11 00:52:31'),(88,100166,7,1,1,680000,'2017-09-11 00:54:48'),(89,100166,7,1,1,680000,'2017-09-11 00:54:50'),(90,100166,7,1,1,680000,'2017-09-11 00:56:42'),(91,100166,7,1,1,680000,'2017-09-11 00:58:20'),(92,100166,7,1,1,680000,'2017-09-11 00:58:52'),(93,100166,7,1,1,680000,'2017-09-11 00:59:35'),(94,100166,7,1,1,680000,'2017-09-11 00:59:38'),(95,100166,7,1,1,680000,'2017-09-11 00:59:39'),(96,100166,7,1,1,680000,'2017-09-11 00:59:40'),(97,100166,7,1,1,680000,'2017-09-11 01:00:41'),(98,100166,7,1,1,680000,'2017-09-11 01:06:30'),(99,100166,3,1,1,20000,'2017-09-11 01:21:35'),(100,100166,5,1,1,50000,'2017-09-11 01:21:53'),(101,100166,5,2,1,30,'2017-09-11 01:21:53'),(102,100165,5,1,1,50000,'2017-09-11 02:47:49'),(103,100165,5,2,1,30,'2017-09-11 02:47:49'),(104,100164,3,1,1,20000,'2017-09-11 02:53:55'),(105,100164,2,1,1,50000,'2017-09-11 02:55:37'),(106,100164,2,2,1,30,'2017-09-11 02:55:37'),(107,100164,5,1,1,50000,'2017-09-11 02:55:45'),(108,100164,5,2,1,30,'2017-09-11 02:55:45'),(109,100165,3,1,1,20000,'2017-09-11 02:57:33'),(110,100333,2,1,1,300000,'2017-09-11 04:18:28'),(111,100109,3,1,1,20000,'2017-09-11 04:48:40'),(112,100344,2,1,1,6480000,'2017-09-11 05:02:23'),(113,100163,3,1,1,20000,'2017-09-11 05:03:27'),(114,100163,2,1,1,50000,'2017-09-11 05:06:04'),(115,100163,2,2,1,30,'2017-09-11 05:06:04'),(116,100163,5,1,1,50000,'2017-09-11 05:06:10'),(117,100163,5,2,1,30,'2017-09-11 05:06:10'),(118,100347,2,1,1,50000,'2017-09-11 05:09:19'),(119,100347,2,2,1,30,'2017-09-11 05:09:19'),(120,100347,5,1,1,50000,'2017-09-11 05:09:20'),(121,100347,5,2,1,30,'2017-09-11 05:09:20'),(122,100348,2,1,1,50000,'2017-09-11 05:10:15'),(123,100348,2,2,1,30,'2017-09-11 05:10:15'),(124,100348,5,1,1,50000,'2017-09-11 05:10:16'),(125,100348,5,2,1,30,'2017-09-11 05:10:16'),(126,100349,2,1,1,50000,'2017-09-11 05:10:45'),(127,100349,2,2,1,30,'2017-09-11 05:10:45'),(128,100349,5,1,1,50000,'2017-09-11 05:10:47'),(129,100349,5,2,1,30,'2017-09-11 05:10:47'),(130,100350,2,1,1,50000,'2017-09-11 05:13:32'),(131,100350,2,2,1,30,'2017-09-11 05:13:32'),(132,100350,5,1,1,50000,'2017-09-11 05:13:33'),(133,100350,5,2,1,30,'2017-09-11 05:13:33'),(134,100355,2,1,1,50000,'2017-09-11 05:29:47'),(135,100355,2,2,1,30,'2017-09-11 05:29:47'),(136,100355,5,1,1,50000,'2017-09-11 05:29:48'),(137,100355,5,2,1,30,'2017-09-11 05:29:48'),(138,100008,2,1,1,50000,'2017-09-11 05:50:27'),(139,100008,2,2,1,30,'2017-09-11 05:50:27'),(140,100008,5,1,1,50000,'2017-09-11 05:50:28'),(141,100008,5,2,1,30,'2017-09-11 05:50:28'),(142,100009,2,1,1,50000,'2017-09-11 05:51:28'),(143,100009,2,2,1,30,'2017-09-11 05:51:28'),(144,100009,5,1,1,50000,'2017-09-11 05:51:29'),(145,100009,5,2,1,30,'2017-09-11 05:51:29'),(146,100010,2,1,1,50000,'2017-09-11 05:52:46'),(147,100010,2,2,1,30,'2017-09-11 05:52:46'),(148,100010,5,1,1,50000,'2017-09-11 05:52:48'),(149,100010,5,2,1,30,'2017-09-11 05:52:48'),(150,100012,2,1,1,50000,'2017-09-11 05:53:49'),(151,100012,2,2,1,30,'2017-09-11 05:53:49'),(152,100012,5,1,1,50000,'2017-09-11 05:53:50'),(153,100012,5,2,1,30,'2017-09-11 05:53:50'),(154,100016,2,1,1,50000,'2017-09-11 05:55:33'),(155,100016,2,2,1,30,'2017-09-11 05:55:33'),(156,100016,5,1,1,50000,'2017-09-11 05:55:34'),(157,100016,5,2,1,30,'2017-09-11 05:55:34'),(158,100018,2,1,1,50000,'2017-09-11 06:00:29'),(159,100018,2,2,1,30,'2017-09-11 06:00:29'),(160,100018,5,1,1,50000,'2017-09-11 06:00:30'),(161,100018,5,2,1,30,'2017-09-11 06:00:30'),(162,100019,2,1,1,50000,'2017-09-11 06:01:07'),(163,100019,2,2,1,30,'2017-09-11 06:01:07'),(164,100019,5,1,1,50000,'2017-09-11 06:01:08'),(165,100019,5,2,1,30,'2017-09-11 06:01:08'),(166,100047,3,1,1,20000,'2017-09-11 20:24:59'),(167,100048,3,1,1,20000,'2017-09-11 20:26:36'),(168,100052,3,1,1,20000,'2017-09-11 20:51:43'),(169,100055,3,1,1,20000,'2017-09-11 20:56:25'),(170,100001,3,1,1,20000,'2017-09-11 21:23:11'),(171,100009,3,1,1,20000,'2017-09-11 21:28:31'),(172,100009,3,1,1,20000,'2017-09-11 23:35:21'),(173,100009,3,1,1,20000,'2017-09-11 23:39:39'),(174,100009,3,1,1,20000,'2017-09-11 23:45:36'),(175,100009,3,1,1,20000,'2017-09-11 23:47:29'),(176,100009,3,1,1,20000,'2017-09-11 23:47:44'),(177,100009,3,1,1,20000,'2017-09-11 23:56:34'),(178,100009,3,1,1,20000,'2017-09-11 23:57:42'),(179,100009,3,1,1,20000,'2017-09-11 23:57:57'),(180,100009,3,1,1,20000,'2017-09-11 23:58:55'),(181,100041,3,1,1,20000,'2017-09-11 23:59:31'),(182,100046,2,2,1,680,'2017-09-12 00:01:38'),(183,100009,3,1,1,20000,'2017-09-12 00:05:27'),(184,100009,3,1,1,20000,'2017-09-12 00:06:19'),(185,100009,3,1,1,20000,'2017-09-12 00:08:33'),(186,100009,3,1,1,20000,'2017-09-12 00:10:06'),(187,100009,3,1,1,20000,'2017-09-12 00:11:14'),(188,100009,3,1,1,20000,'2017-09-12 00:13:54'),(189,100009,3,1,1,20000,'2017-09-12 00:15:13'),(190,100009,3,1,1,20000,'2017-09-12 00:15:38'),(191,100048,2,2,1,680,'2017-09-12 00:16:41'),(192,100009,3,1,1,120000,'2017-09-12 00:16:42'),(193,100058,2,2,1,680,'2017-09-12 00:24:49'),(194,100061,2,2,1,680,'2017-09-12 00:26:55'),(195,100056,3,1,1,20000,'2017-09-12 00:30:01'),(196,100065,2,2,1,680,'2017-09-12 00:38:39'),(197,100070,2,2,1,680,'2017-09-12 00:44:31'),(198,100069,2,2,1,60,'2017-09-12 00:45:00'),(199,100069,2,2,1,680,'2017-09-12 00:45:02'),(200,100060,3,1,1,20000,'2017-09-12 00:45:36'),(201,100071,3,1,1,20000,'2017-09-12 00:48:26'),(202,100074,3,1,1,20000,'2017-09-12 00:49:27'),(203,100075,3,1,1,20000,'2017-09-12 00:50:21'),(204,100076,2,2,1,680,'2017-09-12 00:51:56'),(205,100087,2,2,1,680,'2017-09-12 02:06:16'),(206,100100,3,1,1,10000,'2017-09-12 02:46:35'),(207,100099,2,1,1,6480000,'2017-09-12 02:47:40'),(208,100102,3,1,1,10000,'2017-09-12 02:48:17'),(209,100104,2,2,1,680,'2017-09-12 02:50:23'),(210,100105,3,1,1,10000,'2017-09-12 02:52:17'),(211,100107,2,2,1,680,'2017-09-12 04:17:43'),(212,100107,2,1,1,680000,'2017-09-12 04:18:27'),(213,100116,2,2,1,680,'2017-09-12 05:16:37'),(214,100120,2,2,1,1680,'2017-09-12 05:24:19'),(215,100128,3,1,1,10000,'2017-09-12 05:52:26'),(216,100131,3,1,1,10000,'2017-09-12 05:57:56'),(217,100131,2,1,1,680000,'2017-09-12 05:58:17'),(218,100131,2,1,1,1680000,'2017-09-12 05:58:21'),(219,100131,2,1,1,6480000,'2017-09-12 05:58:44'),(220,100131,2,1,1,6480000,'2017-09-12 05:58:59'),(221,100131,2,1,1,6480000,'2017-09-12 05:59:01'),(222,100131,2,1,1,6480000,'2017-09-12 05:59:02'),(223,100131,2,1,1,6480000,'2017-09-12 05:59:04'),(224,100131,2,1,1,6480000,'2017-09-12 05:59:05'),(225,100138,2,1,1,50000,'2017-09-12 19:01:21'),(226,100138,2,2,1,30,'2017-09-12 19:01:21'),(227,100060,2,1,1,50000,'2017-09-12 19:03:52'),(228,100060,2,2,1,30,'2017-09-12 19:03:52'),(229,100060,5,1,1,50000,'2017-09-12 19:05:09'),(230,100060,5,2,1,30,'2017-09-12 19:05:09'),(231,100138,2,1,1,60000,'2017-09-12 19:31:15'),(232,100140,2,2,1,300,'2017-09-12 19:33:00'),(233,100150,2,2,1,680,'2017-09-13 00:24:49'),(234,100153,2,2,1,60,'2017-09-13 00:31:50'),(235,100156,2,2,1,300,'2017-09-13 00:57:25'),(236,100157,2,2,1,300,'2017-09-13 01:04:14'),(237,100157,2,1,1,60000,'2017-09-13 01:10:35'),(238,100158,2,2,1,300,'2017-09-13 01:13:55'),(239,100159,2,2,1,300,'2017-09-13 01:26:01'),(240,100166,5,1,1,50000,'2017-09-13 02:15:58'),(241,100166,5,2,1,30,'2017-09-13 02:15:58'),(242,100168,2,1,1,50000,'2017-09-13 02:16:00'),(243,100168,2,2,1,30,'2017-09-13 02:16:00'),(244,100169,2,1,1,50000,'2017-09-13 02:17:16'),(245,100169,2,2,1,30,'2017-09-13 02:17:16'),(246,100169,5,1,1,50000,'2017-09-13 02:17:18'),(247,100169,5,2,1,30,'2017-09-13 02:17:18'),(248,100170,2,1,1,50000,'2017-09-13 02:18:10'),(249,100170,2,2,1,30,'2017-09-13 02:18:10'),(250,100170,5,1,1,50000,'2017-09-13 02:18:15'),(251,100170,5,2,1,30,'2017-09-13 02:18:15'),(252,100171,2,1,1,50000,'2017-09-13 02:18:56'),(253,100171,2,2,1,30,'2017-09-13 02:18:56'),(254,100172,2,1,1,50000,'2017-09-13 02:19:37'),(255,100172,2,2,1,30,'2017-09-13 02:19:37'),(256,100172,5,1,1,50000,'2017-09-13 02:19:50'),(257,100172,5,2,1,30,'2017-09-13 02:19:50'),(258,100173,2,1,1,50000,'2017-09-13 02:23:27'),(259,100173,2,2,1,30,'2017-09-13 02:23:27'),(260,100173,5,1,1,50000,'2017-09-13 02:23:37'),(261,100173,5,2,1,30,'2017-09-13 02:23:37'),(262,100174,2,1,1,50000,'2017-09-13 02:24:43'),(263,100174,2,2,1,30,'2017-09-13 02:24:43'),(264,100174,5,1,1,50000,'2017-09-13 02:24:45'),(265,100174,5,2,1,30,'2017-09-13 02:24:45'),(266,100175,2,1,1,50000,'2017-09-13 02:28:26'),(267,100175,2,2,1,30,'2017-09-13 02:28:26'),(268,100175,5,1,1,50000,'2017-09-13 02:28:30'),(269,100175,5,2,1,30,'2017-09-13 02:28:30'),(270,100176,2,1,1,50000,'2017-09-13 02:36:03'),(271,100176,2,2,1,30,'2017-09-13 02:36:03'),(272,100176,5,1,1,50000,'2017-09-13 02:36:11'),(273,100176,5,2,1,30,'2017-09-13 02:36:11'),(274,100177,2,1,1,50000,'2017-09-13 02:43:18'),(275,100177,2,2,1,30,'2017-09-13 02:43:18'),(276,100182,2,1,1,50000,'2017-09-13 04:13:35'),(277,100182,2,2,1,30,'2017-09-13 04:13:35'),(278,100183,2,1,1,50000,'2017-09-13 04:14:56'),(279,100183,2,2,1,30,'2017-09-13 04:14:56'),(280,100191,2,1,1,50000,'2017-09-13 05:46:13'),(281,100191,2,2,1,30,'2017-09-13 05:46:13'),(282,100191,5,1,1,50000,'2017-09-13 05:46:40'),(283,100191,5,2,1,30,'2017-09-13 05:46:40'),(284,100193,2,1,1,50000,'2017-09-13 05:51:53'),(285,100193,2,2,1,30,'2017-09-13 05:51:53'),(286,100193,5,1,1,50000,'2017-09-13 05:52:06'),(287,100193,5,2,1,30,'2017-09-13 05:52:06'),(288,100201,2,1,1,50000,'2017-09-13 06:13:34'),(289,100201,2,2,1,30,'2017-09-13 06:13:34'),(290,100201,5,1,1,50000,'2017-09-13 06:13:42'),(291,100201,5,2,1,30,'2017-09-13 06:13:42'),(292,100165,5,1,1,50000,'2017-09-13 06:24:19'),(293,100165,5,2,1,30,'2017-09-13 06:24:19'),(294,100204,2,1,1,50000,'2017-09-13 19:14:36'),(295,100204,2,2,1,30,'2017-09-13 19:14:36'),(296,100205,2,1,1,300000,'2017-09-13 19:17:54'),(297,100207,2,2,1,6480,'2017-09-13 19:28:17'),(298,100208,2,2,1,6480,'2017-09-13 19:32:43'),(299,100209,2,1,1,6480000,'2017-09-13 19:35:16'),(300,100209,2,1,1,680000,'2017-09-13 19:35:22'),(301,100209,2,1,1,1680000,'2017-09-13 19:35:26'),(302,100209,2,1,1,50000,'2017-09-13 19:35:54'),(303,100209,2,2,1,30,'2017-09-13 19:35:54'),(304,100209,5,1,1,50000,'2017-09-13 19:35:57'),(305,100209,5,2,1,30,'2017-09-13 19:35:57'),(306,100209,7,1,1,680000,'2017-09-13 19:36:06'),(307,100209,3,1,1,20000,'2017-09-13 19:38:35'),(308,100209,2,1,1,680000,'2017-09-13 19:38:59'),(309,100209,2,2,1,6480,'2017-09-13 19:39:58'),(310,100209,2,2,1,680,'2017-09-13 19:40:04'),(311,100209,2,2,1,1680,'2017-09-13 19:40:18'),(312,100209,2,2,1,680,'2017-09-13 19:40:32'),(313,100212,2,1,1,6480000,'2017-09-13 20:04:28'),(314,100212,7,1,1,680000,'2017-09-13 20:04:52'),(315,100213,2,1,1,6480000,'2017-09-13 20:06:39'),(316,100213,7,1,1,680000,'2017-09-13 20:07:08'),(317,100213,7,1,1,18720000,'2017-09-13 20:13:54'),(318,100060,2,1,1,6480000,'2017-09-13 20:20:40'),(319,100060,2,1,1,6480000,'2017-09-13 20:20:43'),(320,100060,2,1,1,6480000,'2017-09-13 20:20:51'),(321,100060,2,1,1,6480000,'2017-09-13 20:20:54'),(322,100060,2,1,1,6480000,'2017-09-13 20:21:00'),(323,100060,2,1,1,6480000,'2017-09-13 20:21:07'),(324,100060,2,1,1,6480000,'2017-09-13 20:21:14'),(325,100060,2,1,1,6480000,'2017-09-13 20:21:15'),(326,100213,7,1,1,19260000,'2017-09-13 20:37:56'),(327,100213,3,1,1,20000,'2017-09-13 20:42:26'),(328,100213,2,1,1,50000,'2017-09-13 20:42:35'),(329,100213,2,2,1,30,'2017-09-13 20:42:35'),(330,100213,5,1,1,50000,'2017-09-13 20:42:38'),(331,100213,5,2,1,30,'2017-09-13 20:42:38'),(332,100216,2,1,1,6480000,'2017-09-13 20:43:37'),(333,100216,7,1,1,680000,'2017-09-13 20:43:46'),(334,100216,7,1,1,60000,'2017-09-13 20:43:48'),(335,100216,7,1,1,60000,'2017-09-13 20:43:53'),(336,100216,7,1,1,680000,'2017-09-13 20:43:54'),(337,100204,2,1,1,60000,'2017-09-13 20:45:25'),(338,100217,2,1,1,6480000,'2017-09-13 20:46:16'),(339,100217,7,1,1,680000,'2017-09-13 20:46:32'),(340,100217,7,1,1,60000,'2017-09-13 20:46:34'),(341,100217,7,1,1,60000,'2017-09-13 20:46:36'),(342,100217,7,1,1,680000,'2017-09-13 20:46:37'),(343,100217,3,1,1,20000,'2017-09-13 20:51:03'),(344,100218,4,1,1,100000,'2017-09-13 23:43:35'),(345,100218,4,1,1,100000,'2017-09-13 23:43:48'),(346,100218,4,1,1,100000,'2017-09-13 23:43:50'),(347,100223,2,1,1,50000,'2017-09-14 01:41:30'),(348,100223,2,2,1,30,'2017-09-14 01:41:30'),(349,100223,5,1,1,50000,'2017-09-14 01:41:33'),(350,100223,5,2,1,30,'2017-09-14 01:41:33'),(351,100060,3,1,1,20000,'2017-09-14 02:23:38'),(352,100230,3,1,1,10000,'2017-09-14 02:48:57'),(353,100238,2,1,1,50000,'2017-09-14 03:40:06'),(354,100238,2,2,1,30,'2017-09-14 03:40:06'),(355,100238,3,1,1,20000,'2017-09-14 03:40:11'),(356,100238,2,1,1,60000,'2017-09-14 03:41:51'),(357,100248,3,1,1,10000,'2017-09-14 20:18:10'),(358,100247,3,1,1,10000,'2017-09-14 20:18:13'),(359,100272,3,1,1,10000,'2017-09-15 01:54:53'),(360,100273,2,1,1,50000,'2017-09-15 01:57:53'),(361,100273,2,2,1,30,'2017-09-15 01:57:53'),(362,100271,2,1,1,50000,'2017-09-15 01:58:11'),(363,100271,2,2,1,30,'2017-09-15 01:58:11'),(364,100249,2,1,1,50000,'2017-09-15 02:23:57'),(365,100249,2,2,1,30,'2017-09-15 02:23:57'),(366,100275,2,1,1,50000,'2017-09-15 02:26:04'),(367,100275,2,2,1,30,'2017-09-15 02:26:04'),(368,100274,2,1,1,300000,'2017-09-15 02:27:25'),(369,100276,2,1,1,50000,'2017-09-15 02:27:58'),(370,100276,2,2,1,30,'2017-09-15 02:27:58'),(371,100279,2,1,1,50000,'2017-09-15 02:31:57'),(372,100279,2,2,1,30,'2017-09-15 02:31:57'),(373,100280,2,1,1,50000,'2017-09-15 02:35:10'),(374,100280,2,2,1,30,'2017-09-15 02:35:10'),(375,100281,2,1,1,50000,'2017-09-15 02:35:49'),(376,100281,2,2,1,30,'2017-09-15 02:35:49'),(377,100281,5,1,1,50000,'2017-09-15 02:35:51'),(378,100281,5,2,1,30,'2017-09-15 02:35:51'),(379,100285,2,1,1,50000,'2017-09-15 02:44:34'),(380,100285,2,2,1,30,'2017-09-15 02:44:34');

/*Table structure for table `jy_users_exchange_log` */

DROP TABLE IF EXISTS `jy_users_exchange_log`;

CREATE TABLE `jy_users_exchange_log` (
  `Id` bigint(11) unsigned NOT NULL AUTO_INCREMENT COMMENT '用户兑换记录',
  `GoodsName` varchar(50) NOT NULL COMMENT '商品名',
  `Number` int(11) unsigned NOT NULL COMMENT '数量',
  `Order` varchar(20) NOT NULL COMMENT '兑换订单号',
  `StockNum` int(11) unsigned NOT NULL DEFAULT '0' COMMENT '兑换劵',
  `playerid` bigint(20) unsigned NOT NULL COMMENT '用户ID',
  `Status` tinyint(1) unsigned DEFAULT '2' COMMENT '状态 1-审核中 2-已发放 3-审核不通过',
  `MessAge` text COMMENT '申请失败原因',
  `GoodsID` int(11) unsigned NOT NULL COMMENT '商品ID',
  `UpTime` timestamp NULL DEFAULT NULL COMMENT '更新时间',
  `DateTime` timestamp NOT NULL DEFAULT CURRENT_TIMESTAMP COMMENT '兑换时间',
  PRIMARY KEY (`Id`),
  KEY `DateTimes` (`DateTime`,`Status`)
) ENGINE=InnoDB AUTO_INCREMENT=134 DEFAULT CHARSET=utf8;

/*Data for the table `jy_users_exchange_log` */

insert  into `jy_users_exchange_log`(`Id`,`GoodsName`,`Number`,`Order`,`StockNum`,`playerid`,`Status`,`MessAge`,`GoodsID`,`UpTime`,`DateTime`) values (1,'312',1,'312',321,100006,1,NULL,40,NULL,'2017-08-27 23:20:58'),(2,'500金币',1,'LCVo5191',321,100171,1,'321大时代时代峰峻含税单价开放还是对接客服华东师大尽快发货dsajk\r\nfdsjfsd\r\ngfdjgkdfl',40,NULL,'2017-08-27 23:47:27'),(3,'500金币',1,'sFbC4007',321,100171,1,'',40,NULL,'2017-08-27 23:47:38'),(4,'500金币',1,'IEJy9934',321,100171,1,'eqwewqewqewqeqwfsdfhklsdajfksdljfsdklfjsdkljfsdklajfsdklfjsdakljfdskljfdklsafjsdlkjkldsahkjdjsak',40,NULL,'2017-08-27 23:47:43'),(5,'500金币',1,'xwqo0383',321,100171,2,'',40,'2017-09-01 11:22:55','2017-08-27 23:47:44'),(6,'500金币',1,'wUgO6879',321,100171,2,'',40,NULL,'2017-08-27 23:47:46'),(7,'500金币',1,'KBis4815',32,100171,3,'fsdafsdhjkfsdhjkfdsa\r\nfsdjhfsdjk\r\ngfjsdhfksd',40,'2017-09-01 11:22:31','2017-08-27 23:47:47'),(8,'500金币',1,'ClhB7552',32,100171,3,'32132132123321',40,NULL,'2017-08-27 23:47:49'),(9,'500金币',1,'YGEZ0959',32,100171,3,NULL,40,NULL,'2017-08-27 23:47:50'),(10,'500金币',1,'qRKz2050',32,100171,2,NULL,40,NULL,'2017-08-27 23:47:52'),(11,'500金币',1,'MVEg7969',32,100171,2,'',40,NULL,'2017-08-27 23:47:53'),(12,'500金币',1,'nipw6378',32,100171,2,NULL,40,NULL,'2017-08-27 23:47:54'),(13,'500金币',1,'bhNV4103',32,100171,2,NULL,40,NULL,'2017-08-27 23:47:55'),(14,'500金币',1,'nqfv3535',32,100171,2,NULL,40,NULL,'2017-08-27 23:47:56'),(15,'500金币',1,'frLS4334',32,100171,2,NULL,40,NULL,'2017-08-27 23:48:00'),(16,'500金币',1,'RDha4533',32,100171,2,NULL,40,NULL,'2017-08-27 23:48:03'),(17,'500金币',1,'xwGT5515',312,100171,2,NULL,40,NULL,'2017-08-27 23:48:05'),(18,'500金币',1,'FBHo4610',321,100171,2,NULL,40,NULL,'2017-08-27 23:48:07'),(19,'500金币',1,'inDi7766',321,100171,2,NULL,40,NULL,'2017-08-27 23:56:23'),(20,'500金币',1,'LjRE9016',321,100171,2,NULL,40,NULL,'2017-08-27 23:56:29'),(21,'500金币',1,'UKMG1284',321,100171,2,NULL,40,NULL,'2017-08-27 23:56:32'),(22,'500金币',1,'nJmo9217',321,100100,2,NULL,28,NULL,'2017-08-27 23:56:33'),(23,'500金币',1,'VMHB1423',32,100100,2,NULL,28,NULL,'2017-08-27 23:56:53'),(24,'500金币',1,'Wpse5424',321,100100,2,NULL,28,NULL,'2017-08-27 23:58:55'),(25,'500金币',1,'NRUV9703',321,100100,2,NULL,28,NULL,'2017-08-28 00:01:57'),(26,'500金币',1,'VPps8690',321,100100,2,NULL,28,NULL,'2017-08-28 00:11:49'),(27,'500金币',1,'pdsk7584',321,246233,2,NULL,28,NULL,'2017-08-28 00:59:27'),(28,'500金币',1,'bQrI3113',321,246233,2,NULL,28,NULL,'2017-08-28 01:01:53'),(29,'500金币',1,'qppF2954',321,246233,2,NULL,28,NULL,'2017-08-28 01:18:43'),(30,'500金币',1,'hOoG6635',0,246233,2,NULL,28,NULL,'2017-08-28 01:18:45'),(31,'50砖石',1,'TgEv1685',0,246233,2,NULL,31,NULL,'2017-08-28 01:18:47'),(32,'50砖石',1,'Kvhd4994',0,246233,2,NULL,31,NULL,'2017-08-28 03:17:58'),(33,'500金币',1,'hQDF5225',0,246233,2,NULL,28,NULL,'2017-08-28 03:19:05'),(34,'500金币',1,'LcVB3916',0,246233,2,NULL,28,NULL,'2017-08-28 03:19:23'),(35,'500金币',1,'TAnr8696',0,246233,2,NULL,28,NULL,'2017-08-28 03:19:33'),(36,'500金币',1,'dWRj0102',0,246233,2,NULL,28,NULL,'2017-08-28 03:19:48'),(37,'500金币',1,'yrTg2085',0,246233,2,NULL,28,NULL,'2017-08-28 03:21:44'),(38,'500金币',1,'wFQQ1845',0,246233,2,NULL,28,NULL,'2017-08-28 03:23:10'),(39,'500金币',1,'FFzr6475',0,246233,2,NULL,28,NULL,'2017-08-28 03:23:45'),(40,'500金币',1,'qCwR8547',0,246233,2,NULL,28,NULL,'2017-08-28 03:25:19'),(41,'500金币',1,'gMEn3042',0,246233,2,NULL,28,NULL,'2017-08-28 03:56:21'),(42,'500金币',1,'Udar3271',0,246233,2,NULL,28,NULL,'2017-08-28 03:57:26'),(43,'500金币',1,'SYbo0121',0,246233,2,NULL,28,NULL,'2017-08-28 03:59:07'),(44,'500金币',1,'zqBR6029',0,246233,2,NULL,28,NULL,'2017-08-28 04:01:22'),(45,'500金币',1,'IDrD7991',0,246233,2,NULL,28,NULL,'2017-08-28 04:03:44'),(46,'500金币',1,'bUnC7048',0,246233,2,NULL,28,NULL,'2017-08-28 18:53:36'),(47,'500金币',1,'PRHh0849',0,246233,2,NULL,28,NULL,'2017-08-28 18:53:44'),(48,'500金币',1,'jtZm3368',0,246233,2,NULL,28,NULL,'2017-08-28 19:30:13'),(49,'500金币',1,'LvEg9569',0,100614,2,NULL,28,NULL,'2017-08-29 05:40:49'),(50,'6砖石',1,'uHnj2679',0,100614,2,NULL,29,NULL,'2017-08-29 05:40:54'),(51,'500金币',1,'sFTl1405',0,100614,2,NULL,28,NULL,'2017-08-29 05:41:05'),(52,'6砖石',1,'VNxh9209',0,100614,2,NULL,29,NULL,'2017-08-29 05:41:11'),(53,'500金币',1,'oFVl0140',0,246424,2,NULL,28,NULL,'2017-08-30 00:39:49'),(54,'500金币',1,'VjGz0289',0,246424,2,NULL,28,NULL,'2017-08-30 00:39:55'),(55,'6砖石',1,'qQbT9315',0,246424,2,NULL,29,NULL,'2017-08-30 00:39:58'),(56,'6砖石',1,'VbZU7216',0,246425,2,NULL,29,NULL,'2017-08-30 00:41:42'),(57,'500金币',1,'MlHT6954',0,246447,2,NULL,28,NULL,'2017-08-30 01:46:26'),(58,'500金币',1,'AbHT1372',0,246447,2,NULL,28,NULL,'2017-08-30 01:46:29'),(59,'6砖石',1,'IWye2856',0,246447,2,NULL,29,NULL,'2017-08-30 01:46:34'),(60,'青铜核弹',1,'vDsv4941',0,100167,2,NULL,30,NULL,'2017-08-31 05:49:30'),(61,'青铜核弹',1,'sKyI2497',0,100167,2,NULL,30,NULL,'2017-08-31 05:50:56'),(62,'青铜核弹',1,'MeHg7046',0,100167,2,NULL,30,NULL,'2017-08-31 05:50:59'),(63,'青铜核弹',1,'DAUu7525',0,100167,2,NULL,30,NULL,'2017-08-31 05:51:03'),(64,'青铜核弹',1,'Iugl9264',0,100167,2,NULL,30,NULL,'2017-08-31 05:51:06'),(65,'青铜核弹',1,'qlRu7534',0,100167,2,NULL,30,NULL,'2017-08-31 05:51:08'),(66,'青铜核弹',1,'EpJT1558',0,100167,2,NULL,30,NULL,'2017-08-31 05:51:09'),(67,'青铜核弹',1,'osho7481',0,100167,2,NULL,30,NULL,'2017-08-31 05:51:11'),(68,'青铜核弹',1,'MgDE8151',0,100167,2,NULL,30,NULL,'2017-08-31 05:51:12'),(69,'青铜核弹',1,'oQeL0234',0,100168,2,NULL,30,NULL,'2017-08-31 05:53:44'),(70,'白银核弹',1,'DLEx8947',0,100166,2,NULL,31,NULL,'2017-08-31 05:54:30'),(71,'青铜核弹',1,'lkMa6947',0,100168,2,NULL,30,NULL,'2017-08-31 05:55:10'),(72,'青铜核弹',1,'zusX5840',0,100168,2,NULL,30,NULL,'2017-08-31 05:55:11'),(73,'青铜核弹',1,'ajgx8279',0,100168,2,NULL,30,NULL,'2017-08-31 05:55:13'),(74,'青铜核弹',1,'LrTQ2029',0,100168,2,NULL,30,NULL,'2017-08-31 05:55:14'),(75,'青铜核弹',1,'IBXJ3134',0,100168,2,NULL,30,NULL,'2017-08-31 05:55:16'),(76,'青铜核弹',1,'RaPY9354',0,100168,2,NULL,30,NULL,'2017-08-31 05:55:17'),(77,'青铜核弹',1,'KtLP0417',0,100169,2,NULL,30,NULL,'2017-08-31 05:59:35'),(78,'青铜核弹',1,'ucgN7383',0,100169,2,NULL,30,NULL,'2017-08-31 06:00:40'),(79,'青铜核弹',1,'anJS0222',0,100169,2,NULL,30,NULL,'2017-08-31 06:00:50'),(80,'青铜核弹',1,'shiz6232',0,100169,2,NULL,30,NULL,'2017-08-31 06:00:56'),(81,'白银核弹',1,'XGRC0712',0,100169,2,NULL,31,NULL,'2017-08-31 06:01:59'),(82,'300元京东卡',1,'ybzJ4138',0,100169,2,NULL,38,NULL,'2017-08-31 06:02:05'),(83,'300元京东卡',1,'hJBE1108',0,100169,2,NULL,38,NULL,'2017-08-31 06:02:43'),(84,'青铜核弹',1,'dbPi2467',0,100169,2,NULL,30,NULL,'2017-08-31 06:09:52'),(85,'白银核弹',1,'DRAV8696',0,100169,2,NULL,31,NULL,'2017-08-31 06:09:53'),(86,'青铜核弹',1,'Wghc4037',0,100169,2,NULL,30,NULL,'2017-08-31 06:09:59'),(87,'白银核弹',1,'BeUV3067',0,100169,2,NULL,31,NULL,'2017-08-31 06:10:00'),(88,'300元京东卡',1,'JjGr7966',0,100169,2,NULL,38,NULL,'2017-08-31 06:10:01'),(89,'300元京东卡',1,'Tlbs8251',0,100169,2,NULL,38,NULL,'2017-08-31 06:10:03'),(90,'300元京东卡',1,'Ytvr6489',0,100169,2,NULL,38,NULL,'2017-08-31 06:10:04'),(91,'300元京东卡',1,'aXdi9075',0,100169,2,NULL,38,NULL,'2017-08-31 06:10:04'),(92,'300元京东卡',1,'qSrS6037',0,100169,2,NULL,38,NULL,'2017-08-31 06:10:04'),(93,'300元京东卡',1,'qNoq2413',0,100169,2,NULL,38,NULL,'2017-08-31 06:10:05'),(94,'300元京东卡',1,'ptbZ3042',0,100169,2,NULL,38,NULL,'2017-08-31 06:10:05'),(95,'300元京东卡',1,'zVsx9603',0,100169,2,NULL,38,NULL,'2017-08-31 06:10:06'),(96,'300元京东卡',1,'whjX3482',0,100169,2,NULL,38,NULL,'2017-08-31 06:10:06'),(97,'300元京东卡',1,'ouCj9531',0,100169,2,NULL,38,NULL,'2017-08-31 06:10:07'),(98,'300元京东卡',1,'tutY4658',0,100169,2,NULL,38,NULL,'2017-08-31 06:10:07'),(99,'300元京东卡',1,'iAGY7796',0,100169,2,NULL,38,NULL,'2017-08-31 06:10:08'),(100,'300元京东卡',1,'DeCQ8247',0,100169,2,NULL,38,NULL,'2017-08-31 06:10:08'),(101,'300元京东卡',1,'cQSm0946',0,100169,2,NULL,38,NULL,'2017-08-31 06:10:08'),(102,'300元京东卡',1,'NJev6945',0,100169,2,NULL,38,NULL,'2017-08-31 06:10:09'),(103,'300元京东卡',1,'HEge9522',0,100169,2,NULL,38,NULL,'2017-08-31 06:10:09'),(104,'300元京东卡',1,'ISlI1889',0,100169,2,NULL,38,NULL,'2017-08-31 06:10:09'),(105,'300元京东卡',1,'wfZg3032',0,100169,2,NULL,38,NULL,'2017-08-31 06:10:10'),(106,'300元京东卡',1,'hwTU5379',0,100169,2,NULL,38,NULL,'2017-08-31 06:10:11'),(107,'青铜核弹',1,'Zept3816',0,100170,2,NULL,30,NULL,'2017-08-31 06:10:59'),(108,'青铜核弹',1,'ilVH3537',0,100171,2,NULL,30,NULL,'2017-08-31 06:14:11'),(109,'300元京东卡',1,'UzYf7897',0,100171,2,NULL,38,NULL,'2017-08-31 06:15:07'),(110,'300元京东卡',1,'uuiW5702',30000,100171,2,NULL,38,NULL,'2017-08-31 06:18:22'),(111,'300元京东卡',1,'nckb1672',30000,100171,2,NULL,38,NULL,'2017-08-31 06:20:36'),(112,'300元京东卡',1,'KCol6596',30000,100171,2,NULL,38,NULL,'2017-08-31 06:20:48'),(113,'300元京东卡',1,'Yjnb3289',30000,100171,2,NULL,38,NULL,'2017-08-31 06:23:06'),(114,'300元京东卡',1,'uenb3617',30000,100171,2,NULL,38,NULL,'2017-08-31 06:29:00'),(115,'10万金币',1,'fekN0550',1000,100214,2,NULL,28,NULL,'2017-09-04 04:13:07'),(116,'10万金币',1,'qxnN7468',1000,100290,2,NULL,28,NULL,'2017-09-07 23:19:01'),(117,'10万金币',1,'PxFK3935',1000,100290,2,NULL,28,NULL,'2017-09-07 23:19:06'),(118,'10万金币',1,'lfOZ8717',1000,100290,2,NULL,28,NULL,'2017-09-07 23:19:09'),(119,'10万金币',1,'tvqq8506',1000,100290,2,NULL,28,NULL,'2017-09-07 23:20:42'),(120,'10万金币',1,'mOkh3556',1000,100290,2,NULL,28,NULL,'2017-09-07 23:20:59'),(121,'10万金币',1,'UUdA8950',1000,100290,2,NULL,28,NULL,'2017-09-07 23:21:00'),(122,'10万金币',1,'sFFQ9706',1000,100290,2,NULL,28,NULL,'2017-09-07 23:21:12'),(123,'10万金币',1,'sZZx3378',1000,100290,2,NULL,28,NULL,'2017-09-07 23:21:14'),(124,'10万金币',1,'JOdf6234',1000,100290,2,NULL,28,NULL,'2017-09-07 23:21:15'),(125,'10万金币',1,'VVpE3139',1000,100290,2,NULL,28,NULL,'2017-09-07 23:21:17'),(126,'30万金币',1,'qJPc8842',3000,100290,2,NULL,29,NULL,'2017-09-07 23:21:29'),(127,'50元话费',1,'UPTC2813',5000,100290,3,'不知道什么 就是不想发',32,'2017-09-08 14:23:13','2017-09-07 23:22:43'),(128,'50元话费',1,'zByJ3917',5000,100290,1,NULL,32,NULL,'2017-09-07 23:23:33'),(129,'青铜核弹',1,'Iqsk7786',2500,100290,2,NULL,30,NULL,'2017-09-07 23:25:37'),(130,'300元京东卡',1,'ILlm2444',30000,100290,1,NULL,38,NULL,'2017-09-07 23:26:05'),(131,'10万金币',1,'PJbe2389',1000,100218,2,NULL,28,NULL,'2017-09-13 23:43:35'),(132,'10万金币',1,'umuQ3557',1000,100218,2,NULL,28,NULL,'2017-09-13 23:43:48'),(133,'10万金币',1,'lsBK9989',1000,100218,2,NULL,28,NULL,'2017-09-13 23:43:50');

/*Table structure for table `jy_users_goods_stream` */

DROP TABLE IF EXISTS `jy_users_goods_stream`;

CREATE TABLE `jy_users_goods_stream` (
  `Id` bigint(20) unsigned NOT NULL AUTO_INCREMENT COMMENT '用户物品流水',
  `playerid` bigint(20) DEFAULT NULL COMMENT '用户ID',
  `Code` varchar(20) NOT NULL COMMENT '物品编码',
  `Type` tinyint(1) unsigned NOT NULL COMMENT '类型 1-游戏 2-充值 3-签到 4-兑换 5-月卡 6-首冲',
  `Income` tinyint(1) NOT NULL COMMENT '1-收入 2-支出',
  `Number` int(11) NOT NULL COMMENT '数量',
  `DateTime` timestamp NOT NULL DEFAULT CURRENT_TIMESTAMP COMMENT '创建时间',
  PRIMARY KEY (`Id`),
  KEY `DateTime` (`DateTime`,`playerid`),
  KEY `Code` (`Code`)
) ENGINE=MyISAM AUTO_INCREMENT=291 DEFAULT CHARSET=utf8;

/*Data for the table `jy_users_goods_stream` */

insert  into `jy_users_goods_stream`(`Id`,`playerid`,`Code`,`Type`,`Income`,`Number`,`DateTime`) values (186,100019,'2',2,1,8,'2017-09-11 06:01:07'),(185,100018,'1',5,1,3,'2017-09-11 06:00:30'),(184,100018,'2',5,1,8,'2017-09-11 06:00:30'),(183,100018,'1',2,1,3,'2017-09-11 06:00:29'),(182,100018,'2',2,1,8,'2017-09-11 06:00:29'),(181,100016,'1',5,1,3,'2017-09-11 05:55:34'),(180,100016,'2',5,1,8,'2017-09-11 05:55:34'),(179,100016,'1',2,1,3,'2017-09-11 05:55:33'),(178,100016,'2',2,1,8,'2017-09-11 05:55:33'),(177,100012,'1',5,1,3,'2017-09-11 05:53:50'),(176,100012,'2',5,1,8,'2017-09-11 05:53:50'),(175,100012,'1',2,1,3,'2017-09-11 05:53:49'),(174,100012,'2',2,1,8,'2017-09-11 05:53:49'),(173,100010,'1',5,1,3,'2017-09-11 05:52:48'),(172,100010,'2',5,1,8,'2017-09-11 05:52:48'),(171,100010,'1',2,1,3,'2017-09-11 05:52:46'),(170,100010,'2',2,1,8,'2017-09-11 05:52:46'),(169,100009,'1',5,1,3,'2017-09-11 05:51:29'),(168,100009,'2',5,1,8,'2017-09-11 05:51:29'),(167,100009,'1',2,1,3,'2017-09-11 05:51:28'),(166,100009,'2',2,1,8,'2017-09-11 05:51:28'),(165,100008,'1',5,1,3,'2017-09-11 05:50:28'),(164,100008,'2',5,1,8,'2017-09-11 05:50:28'),(163,100008,'1',2,1,3,'2017-09-11 05:50:27'),(162,100008,'2',2,1,8,'2017-09-11 05:50:27'),(161,100355,'1',5,1,3,'2017-09-11 05:29:48'),(160,100355,'2',5,1,8,'2017-09-11 05:29:48'),(159,100355,'1',2,1,3,'2017-09-11 05:29:47'),(158,100355,'2',2,1,8,'2017-09-11 05:29:47'),(157,100350,'1',5,1,3,'2017-09-11 05:13:33'),(156,100350,'2',5,1,8,'2017-09-11 05:13:33'),(155,100350,'1',2,1,3,'2017-09-11 05:13:32'),(154,100350,'2',2,1,8,'2017-09-11 05:13:32'),(153,100349,'1',5,1,3,'2017-09-11 05:10:47'),(152,100349,'2',5,1,8,'2017-09-11 05:10:47'),(151,100349,'1',2,1,3,'2017-09-11 05:10:45'),(150,100349,'2',2,1,8,'2017-09-11 05:10:45'),(149,100348,'1',5,1,3,'2017-09-11 05:10:16'),(148,100348,'2',5,1,8,'2017-09-11 05:10:16'),(147,100348,'1',2,1,3,'2017-09-11 05:10:15'),(146,100348,'2',2,1,8,'2017-09-11 05:10:15'),(145,100347,'1',5,1,3,'2017-09-11 05:09:20'),(144,100347,'2',5,1,8,'2017-09-11 05:09:20'),(143,100347,'1',2,1,3,'2017-09-11 05:09:19'),(142,100347,'2',2,1,8,'2017-09-11 05:09:19'),(141,100163,'1',5,1,3,'2017-09-11 05:06:10'),(140,100163,'2',5,1,8,'2017-09-11 05:06:10'),(139,100163,'1',2,1,3,'2017-09-11 05:06:04'),(138,100163,'2',2,1,8,'2017-09-11 05:06:04'),(137,100164,'1',5,1,3,'2017-09-11 02:55:45'),(136,100164,'2',5,1,8,'2017-09-11 02:55:45'),(135,100164,'1',2,1,3,'2017-09-11 02:55:37'),(134,100164,'2',2,1,8,'2017-09-11 02:55:37'),(133,100165,'1',5,1,3,'2017-09-11 02:47:49'),(132,100165,'2',5,1,8,'2017-09-11 02:47:49'),(131,100166,'1',5,1,3,'2017-09-11 01:21:53'),(130,100166,'2',5,1,8,'2017-09-11 01:21:53'),(129,100290,'3',4,1,1,'2017-09-07 23:25:37'),(128,100165,'1',5,1,9,'2017-09-07 05:43:57'),(127,100165,'2',5,1,64,'2017-09-07 05:43:57'),(126,100166,'1',5,1,9,'2017-09-07 05:35:40'),(125,100166,'2',5,1,64,'2017-09-07 05:35:40'),(124,100166,'1',5,1,9,'2017-09-07 05:34:32'),(123,100166,'2',5,1,64,'2017-09-07 05:34:32'),(122,100166,'1',5,1,9,'2017-09-07 05:33:42'),(121,100166,'2',5,1,64,'2017-09-07 05:33:42'),(120,100166,'1',5,1,9,'2017-09-07 05:33:13'),(119,100166,'2',5,1,64,'2017-09-07 05:33:13'),(118,100166,'1',5,1,9,'2017-09-07 05:32:08'),(117,100166,'2',5,1,64,'2017-09-07 05:32:08'),(116,100166,'1',5,1,9,'2017-09-07 05:29:43'),(115,100166,'2',5,1,64,'2017-09-07 05:29:43'),(114,100166,'1',5,1,9,'2017-09-07 05:24:08'),(113,100166,'2',5,1,64,'2017-09-07 05:24:08'),(112,100165,'1',2,1,9,'2017-09-07 05:15:11'),(111,100165,'2',2,1,64,'2017-09-07 05:15:11'),(110,100166,'1',2,1,9,'2017-09-07 05:14:09'),(109,100166,'2',2,1,64,'2017-09-07 05:14:09'),(108,100109,'6',3,1,300,'2017-09-07 04:24:24'),(107,100006,'1',5,1,9,'2017-09-04 04:52:33'),(106,100006,'2',5,1,64,'2017-09-04 04:52:33'),(105,100006,'1',5,1,9,'2017-09-04 04:51:28'),(104,100006,'2',5,1,64,'2017-09-04 04:51:28'),(103,100006,'1',5,1,9,'2017-09-04 04:45:01'),(102,100006,'2',5,1,64,'2017-09-04 04:45:01'),(101,100006,'1',5,1,9,'2017-09-04 04:44:59'),(100,100006,'2',5,1,64,'2017-09-04 04:44:59'),(99,100006,'1',5,1,9,'2017-09-04 04:44:59'),(98,100006,'2',5,1,64,'2017-09-04 04:44:59'),(97,100006,'1',5,1,9,'2017-09-04 04:44:57'),(96,100006,'2',5,1,64,'2017-09-04 04:44:57'),(95,100006,'1',5,1,9,'2017-09-04 04:44:53'),(94,100006,'2',5,1,64,'2017-09-04 04:44:53'),(187,100019,'1',2,1,3,'2017-09-11 06:01:07'),(188,100019,'2',5,1,8,'2017-09-11 06:01:08'),(189,100019,'1',5,1,3,'2017-09-11 06:01:08'),(190,100009,'6',3,1,300,'2017-09-11 23:34:40'),(191,100009,'6',3,1,300,'2017-09-11 23:40:21'),(192,100009,'6',3,1,300,'2017-09-11 23:55:09'),(193,100009,'6',3,1,300,'2017-09-11 23:58:31'),(194,100138,'2',2,1,8,'2017-09-12 19:01:21'),(195,100138,'1',2,1,3,'2017-09-12 19:01:21'),(196,100060,'2',2,1,8,'2017-09-12 19:03:52'),(197,100060,'1',2,1,3,'2017-09-12 19:03:52'),(198,100060,'2',5,1,8,'2017-09-12 19:05:09'),(199,100060,'1',5,1,3,'2017-09-12 19:05:09'),(200,100166,'2',5,1,8,'2017-09-13 02:15:58'),(201,100166,'1',5,1,3,'2017-09-13 02:15:58'),(202,100168,'2',2,1,8,'2017-09-13 02:16:00'),(203,100168,'1',2,1,3,'2017-09-13 02:16:00'),(204,100169,'2',2,1,8,'2017-09-13 02:17:16'),(205,100169,'1',2,1,3,'2017-09-13 02:17:16'),(206,100169,'2',5,1,8,'2017-09-13 02:17:18'),(207,100169,'1',5,1,3,'2017-09-13 02:17:18'),(208,100170,'2',2,1,8,'2017-09-13 02:18:10'),(209,100170,'1',2,1,3,'2017-09-13 02:18:10'),(210,100170,'2',5,1,8,'2017-09-13 02:18:15'),(211,100170,'1',5,1,3,'2017-09-13 02:18:15'),(212,100171,'2',2,1,8,'2017-09-13 02:18:56'),(213,100171,'1',2,1,3,'2017-09-13 02:18:56'),(214,100172,'2',2,1,8,'2017-09-13 02:19:37'),(215,100172,'1',2,1,3,'2017-09-13 02:19:37'),(216,100172,'2',5,1,8,'2017-09-13 02:19:50'),(217,100172,'1',5,1,3,'2017-09-13 02:19:50'),(218,100173,'2',2,1,8,'2017-09-13 02:23:27'),(219,100173,'1',2,1,3,'2017-09-13 02:23:27'),(220,100173,'2',5,1,8,'2017-09-13 02:23:37'),(221,100173,'1',5,1,3,'2017-09-13 02:23:37'),(222,100174,'2',2,1,8,'2017-09-13 02:24:43'),(223,100174,'1',2,1,3,'2017-09-13 02:24:43'),(224,100174,'2',5,1,8,'2017-09-13 02:24:45'),(225,100174,'1',5,1,3,'2017-09-13 02:24:45'),(226,100175,'2',2,1,8,'2017-09-13 02:28:26'),(227,100175,'1',2,1,3,'2017-09-13 02:28:26'),(228,100175,'2',5,1,8,'2017-09-13 02:28:30'),(229,100175,'1',5,1,3,'2017-09-13 02:28:30'),(230,100176,'2',2,1,8,'2017-09-13 02:36:03'),(231,100176,'1',2,1,3,'2017-09-13 02:36:03'),(232,100176,'2',5,1,8,'2017-09-13 02:36:11'),(233,100176,'1',5,1,3,'2017-09-13 02:36:11'),(234,100177,'2',2,1,8,'2017-09-13 02:43:18'),(235,100177,'1',2,1,3,'2017-09-13 02:43:18'),(236,100182,'2',2,1,8,'2017-09-13 04:13:35'),(237,100182,'1',2,1,3,'2017-09-13 04:13:35'),(238,100183,'2',2,1,8,'2017-09-13 04:14:56'),(239,100183,'1',2,1,3,'2017-09-13 04:14:56'),(240,100191,'2',2,1,8,'2017-09-13 05:46:13'),(241,100191,'1',2,1,3,'2017-09-13 05:46:13'),(242,100191,'2',5,1,8,'2017-09-13 05:46:40'),(243,100191,'1',5,1,3,'2017-09-13 05:46:40'),(244,100193,'2',2,1,8,'2017-09-13 05:51:53'),(245,100193,'1',2,1,3,'2017-09-13 05:51:53'),(246,100193,'2',5,1,8,'2017-09-13 05:52:06'),(247,100193,'1',5,1,3,'2017-09-13 05:52:06'),(248,100201,'2',2,1,8,'2017-09-13 06:13:34'),(249,100201,'1',2,1,3,'2017-09-13 06:13:34'),(250,100201,'2',5,1,8,'2017-09-13 06:13:42'),(251,100201,'1',5,1,3,'2017-09-13 06:13:42'),(252,100165,'2',5,1,8,'2017-09-13 06:24:19'),(253,100165,'1',5,1,3,'2017-09-13 06:24:19'),(254,100204,'2',2,1,8,'2017-09-13 19:14:36'),(255,100204,'1',2,1,3,'2017-09-13 19:14:36'),(256,100209,'2',2,1,8,'2017-09-13 19:35:54'),(257,100209,'1',2,1,3,'2017-09-13 19:35:54'),(258,100209,'2',5,1,8,'2017-09-13 19:35:57'),(259,100209,'1',5,1,3,'2017-09-13 19:35:57'),(260,100213,'2',2,1,8,'2017-09-13 20:42:35'),(261,100213,'1',2,1,3,'2017-09-13 20:42:35'),(262,100213,'2',5,1,8,'2017-09-13 20:42:38'),(263,100213,'1',5,1,3,'2017-09-13 20:42:38'),(264,100223,'2',2,1,8,'2017-09-14 01:41:30'),(265,100223,'1',2,1,3,'2017-09-14 01:41:30'),(266,100223,'2',5,1,8,'2017-09-14 01:41:33'),(267,100223,'1',5,1,3,'2017-09-14 01:41:33'),(268,100238,'2',2,1,8,'2017-09-14 03:40:06'),(269,100238,'1',2,1,3,'2017-09-14 03:40:06'),(270,100060,'6',3,1,300,'2017-09-14 20:32:43'),(271,100273,'2',2,1,8,'2017-09-15 01:57:53'),(272,100273,'1',2,1,3,'2017-09-15 01:57:53'),(273,100271,'2',2,1,8,'2017-09-15 01:58:11'),(274,100271,'1',2,1,3,'2017-09-15 01:58:11'),(275,100249,'2',2,1,8,'2017-09-15 02:23:57'),(276,100249,'1',2,1,3,'2017-09-15 02:23:57'),(277,100275,'2',2,1,8,'2017-09-15 02:26:04'),(278,100275,'1',2,1,3,'2017-09-15 02:26:04'),(279,100276,'2',2,1,8,'2017-09-15 02:27:58'),(280,100276,'1',2,1,3,'2017-09-15 02:27:58'),(281,100279,'2',2,1,8,'2017-09-15 02:31:57'),(282,100279,'1',2,1,3,'2017-09-15 02:31:57'),(283,100280,'2',2,1,8,'2017-09-15 02:35:10'),(284,100280,'1',2,1,3,'2017-09-15 02:35:10'),(285,100281,'2',2,1,8,'2017-09-15 02:35:49'),(286,100281,'1',2,1,3,'2017-09-15 02:35:49'),(287,100281,'2',5,1,8,'2017-09-15 02:35:51'),(288,100281,'1',5,1,3,'2017-09-15 02:35:51'),(289,100285,'2',2,1,8,'2017-09-15 02:44:34'),(290,100285,'1',2,1,3,'2017-09-15 02:44:34');

/*Table structure for table `jy_users_login_log` */

DROP TABLE IF EXISTS `jy_users_login_log`;

CREATE TABLE `jy_users_login_log` (
  `Id` int(11) unsigned NOT NULL AUTO_INCREMENT COMMENT '用户登录信息',
  `playerid` bigint(20) NOT NULL COMMENT '用户ID',
  `UsersName` varchar(50) NOT NULL COMMENT '用户名称',
  `Gold` bigint(20) NOT NULL COMMENT '登录金币',
  `Diamond` bigint(20) NOT NULL COMMENT '登录钻石',
  `LastIP` varchar(50) NOT NULL COMMENT '登录IP',
  `LastChannel` varchar(50) NOT NULL COMMENT '登录渠道',
  `RegChannel` varchar(50) NOT NULL COMMENT '注册渠道',
  `Platform` tinyint(1) NOT NULL DEFAULT '1' COMMENT '平台 1-苹果 2-安卓',
  `LastTime` timestamp NOT NULL DEFAULT CURRENT_TIMESTAMP COMMENT '登录时间',
  `RegTime` timestamp NULL DEFAULT CURRENT_TIMESTAMP COMMENT '注册时间',
  PRIMARY KEY (`Id`),
  KEY `playerid` (`playerid`,`LastTime`)
) ENGINE=MyISAM AUTO_INCREMENT=582 DEFAULT CHARSET=utf8;

/*Data for the table `jy_users_login_log` */

insert  into `jy_users_login_log`(`Id`,`playerid`,`UsersName`,`Gold`,`Diamond`,`LastIP`,`LastChannel`,`RegChannel`,`Platform`,`LastTime`,`RegTime`) values (3,246193,'游客100142',1000,0,'192.168.0.116','13724894160','',2,'2017-08-25 21:06:30','2017-09-13 12:06:15'),(2,246193,'玩家:100060',2226950,389,'192.168.0.138','13724894160','',2,'2017-08-31 21:01:39','2017-09-12 15:26:27'),(4,246193,'玩家:100060',2226620,396,'192.168.0.138','13724894160','',2,'2017-08-27 21:06:52','2017-09-12 15:26:27'),(5,100144,'游客100144',1000,0,'192.168.0.116','13724894160','',2,'2017-09-12 21:11:37','2017-09-13 12:11:36'),(6,100147,'游客100147',1000,0,'192.168.0.132','13724894160','',2,'2017-09-12 23:41:56','2017-09-13 14:41:55'),(7,100060,'玩家:100060',2226620,396,'192.168.0.138','13724894160','',2,'2017-09-12 23:49:13','2017-09-12 15:26:27'),(8,100060,'玩家:100060',2226610,399,'192.168.0.138','13724894160','',2,'2017-09-12 23:49:52','2017-09-12 15:26:27'),(9,100060,'玩家:100060',2226600,399,'192.168.0.138','13724894160','',2,'2017-09-12 23:52:42','2017-09-12 15:26:27'),(10,100147,'游客100147',24160,10,'192.168.0.132','13724894160','',2,'2017-09-12 23:54:09','2017-09-13 14:41:55'),(11,100060,'玩家:100060',2225540,404,'192.168.0.138','13724894160','',2,'2017-09-12 23:57:42','2017-09-12 15:26:27'),(12,100060,'玩家:100060',2225590,406,'192.168.0.138','13724894160','',2,'2017-09-12 23:59:04','2017-09-12 15:26:27'),(13,100060,'玩家:100060',2225800,407,'192.168.0.138','13724894160','',2,'2017-09-12 23:59:58','2017-09-12 15:26:27'),(14,100138,'玩家:100138',106580,195,'192.168.0.149','13724894160','',2,'2017-09-13 00:01:01','2017-09-13 09:56:30'),(15,100060,'玩家:100060',2225770,408,'192.168.0.138','13724894160','',2,'2017-09-13 00:01:03','2017-09-12 15:26:27'),(16,100060,'玩家:100060',2225660,409,'192.168.0.138','13724894160','',2,'2017-09-13 00:01:54','2017-09-12 15:26:27'),(17,100060,'玩家:100060',2225660,414,'192.168.0.138','13724894160','',2,'2017-09-13 00:10:51','2017-09-12 15:26:27'),(18,100060,'玩家:100060',2224460,421,'192.168.0.138','13724894160','',2,'2017-09-13 00:23:59','2017-09-12 15:26:27'),(19,100060,'玩家:100060',2224460,421,'192.168.0.138','13724894160','',2,'2017-09-13 00:24:15','2017-09-12 15:26:27'),(20,100138,'玩家:100138',96090,223,'192.168.0.149','13724894160','',2,'2017-09-13 00:24:35','2017-09-13 09:56:30'),(21,100150,'游客100150',1000,0,'192.168.0.147','13724894160','',2,'2017-09-13 00:24:42','2017-09-13 15:24:42'),(22,100151,'游客100151',1000,0,'192.168.0.149','13724894160','',2,'2017-09-13 00:25:06','2017-09-13 15:25:06'),(23,100152,'游客100152',1000,0,'192.168.0.132','13724894160','',2,'2017-09-13 00:25:41','2017-09-13 15:25:40'),(24,100153,'游客100153',1000,0,'192.168.0.147','13724894160','',2,'2017-09-13 00:30:44','2017-09-13 15:30:43'),(25,100060,'玩家:100060',2224460,421,'192.168.0.138','13724894160','',2,'2017-09-13 00:35:39','2017-09-12 15:26:27'),(26,100154,'游客100154',1000,0,'192.168.0.138','13724894160','',2,'2017-09-13 00:36:56','2017-09-13 15:36:56'),(27,100155,'游客100155',1000,0,'192.168.0.138','13724894160','',2,'2017-09-13 00:37:57','2017-09-13 15:37:57'),(28,100060,'玩家:100060',2224100,421,'192.168.0.138','13724894160','',2,'2017-09-13 00:39:02','2017-09-12 15:26:27'),(29,100060,'玩家:100060',2223200,421,'192.168.0.138','13724894160','',2,'2017-09-13 00:51:23','2017-09-12 15:26:27'),(30,100060,'玩家:100060',2223200,417,'192.168.0.138','13724894160','',2,'2017-09-13 00:55:34','2017-09-12 15:26:27'),(31,100156,'游客100156',1000,0,'192.168.0.147','13724894160','',2,'2017-09-13 00:57:19','2017-09-13 15:57:18'),(32,100060,'玩家:100060',2223200,415,'192.168.0.138','13724894160','',2,'2017-09-13 00:57:55','2017-09-12 15:26:27'),(33,100060,'玩家:100060',2223200,415,'192.168.0.138','13724894160','',2,'2017-09-13 00:58:05','2017-09-12 15:26:27'),(34,100060,'玩家:100060',2223200,411,'192.168.0.138','13724894160','',2,'2017-09-13 01:02:16','2017-09-12 15:26:27'),(35,100157,'游客100157',1000,0,'192.168.0.147','13724894160','',2,'2017-09-13 01:03:37','2017-09-13 16:03:36'),(36,100138,'玩家:100138',86150,243,'192.168.0.149','13724894160','',2,'2017-09-13 01:05:59','2017-09-13 09:56:30'),(37,100138,'玩家:100138',86150,243,'192.168.0.149','13724894160','',2,'2017-09-13 01:06:19','2017-09-13 09:56:30'),(38,100158,'游客100158',1000,0,'192.168.0.147','13724894160','',2,'2017-09-13 01:13:44','2017-09-13 16:13:43'),(39,100159,'游客100159',1000,0,'192.168.0.147','13724894160','',2,'2017-09-13 01:15:43','2017-09-13 16:15:43'),(40,100060,'玩家:100060',2223200,407,'192.168.0.138','13724894160','',2,'2017-09-13 01:17:37','2017-09-12 15:26:27'),(41,100060,'玩家:100060',2225200,402,'192.168.0.138','13724894160','',2,'2017-09-13 01:20:17','2017-09-12 15:26:27'),(42,100060,'玩家:100060',2227200,394,'192.168.0.138','13724894160','',2,'2017-09-13 01:21:05','2017-09-12 15:26:27'),(43,100060,'玩家:100060',2229200,384,'192.168.0.138','13724894160','',2,'2017-09-13 01:22:02','2017-09-12 15:26:27'),(44,100060,'玩家:100060',2241200,324,'192.168.0.138','13724894160','',2,'2017-09-13 01:23:37','2017-09-12 15:26:27'),(45,100160,'游客100160',1000,0,'192.168.0.138','13724894160','',2,'2017-09-13 01:24:59','2017-09-13 16:24:58'),(46,100161,'游客100161',1000,0,'192.168.0.138','13724894160','',2,'2017-09-13 01:25:30','2017-09-13 16:25:30'),(47,100060,'玩家:100060',2239070,324,'192.168.0.138','13724894160','',2,'2017-09-13 01:28:45','2017-09-12 15:26:27'),(48,100060,'玩家:100060',2251070,324,'192.168.0.138','13724894160','',2,'2017-09-13 01:35:38','2017-09-12 15:26:27'),(49,100162,'游客100162',1000,0,'192.168.0.138','13724894160','',2,'2017-09-13 01:36:20','2017-09-13 16:36:20'),(50,100060,'玩家:100060',2263010,320,'192.168.0.138','13724894160','',2,'2017-09-13 01:39:08','2017-09-12 15:26:27'),(51,100060,'玩家:100060',2287010,320,'192.168.0.138','13724894160','',2,'2017-09-13 01:48:28','2017-09-12 15:26:27'),(52,100060,'玩家:100060',2287010,320,'192.168.0.138','13724894160','',2,'2017-09-13 01:53:02','2017-09-12 15:26:27'),(53,100060,'玩家:100060',2287010,320,'192.168.0.138','13724894160','',2,'2017-09-13 01:53:47','2017-09-12 15:26:27'),(54,100138,'玩家:100138',123830,273,'192.168.0.149','13724894160','',2,'2017-09-13 01:54:45','2017-09-13 09:56:30'),(55,100060,'玩家:100060',2287000,320,'192.168.0.138','13724894160','',2,'2017-09-13 01:55:57','2017-09-12 15:26:27'),(56,100060,'玩家:100060',2287000,320,'192.168.0.138','13724894160','',2,'2017-09-13 01:57:53','2017-09-12 15:26:27'),(57,100060,'玩家:100060',2286990,320,'192.168.0.138','13724894160','',2,'2017-09-13 01:59:01','2017-09-12 15:26:27'),(58,100163,'游客100163',1000,0,'192.168.0.138','13724894160','',2,'2017-09-13 01:59:15','2017-09-13 16:59:15'),(59,100091,'玩家:100091',360,35,'192.168.0.111','13724894160','',2,'2017-09-13 02:02:13','2017-09-12 17:28:18'),(60,100091,'玩家:100091',360,35,'192.168.0.111','13724894160','',2,'2017-09-13 02:03:39','2017-09-12 17:28:18'),(61,100091,'玩家:100091',350,35,'192.168.0.111','13724894160','',2,'2017-09-13 02:04:53','2017-09-12 17:28:18'),(62,100164,'玩家:100164',1000,0,'192.168.0.147','13724894160','',2,'2017-09-13 02:06:55','2017-09-13 17:06:55'),(63,100091,'玩家:100091',350,35,'192.168.0.111','13724894160','',2,'2017-09-13 02:08:25','2017-09-12 17:28:18'),(64,100165,'玩家:100165',1000,0,'192.168.0.147','13724894160','',2,'2017-09-13 02:14:20','2017-09-13 17:14:20'),(65,100165,'玩家:100165',1000,0,'192.168.0.147','13724894160','',2,'2017-09-13 02:14:44','2017-09-13 17:14:20'),(66,100166,'游客100166',1000,0,'192.168.0.147','13724894160','',2,'2017-09-13 02:15:01','2017-09-13 17:15:01'),(67,100167,'游客100167',1000,0,'192.168.0.138','13724894160','',2,'2017-09-13 02:15:18','2017-09-13 17:15:18'),(68,100060,'玩家:100060',2286990,320,'192.168.0.138','13724894160','',2,'2017-09-13 02:15:44','2017-09-12 15:26:27'),(69,100168,'游客100168',1000,0,'192.168.0.138','13724894160','',2,'2017-09-13 02:15:53','2017-09-13 17:15:53'),(70,100169,'游客100169',1000,0,'192.168.0.147','13724894160','',2,'2017-09-13 02:16:58','2017-09-13 17:16:58'),(71,100170,'游客100170',1000,0,'192.168.0.147','13724894160','',2,'2017-09-13 02:17:55','2017-09-13 17:17:55'),(72,100171,'游客100171',1000,0,'192.168.0.147','13724894160','',2,'2017-09-13 02:18:53','2017-09-13 17:18:53'),(73,100172,'游客100172',1000,0,'192.168.0.147','13724894160','',2,'2017-09-13 02:19:30','2017-09-13 17:19:30'),(74,100173,'游客100173',1000,0,'192.168.0.147','13724894160','',2,'2017-09-13 02:23:24','2017-09-13 17:23:23'),(75,100174,'游客100174',1000,0,'192.168.0.147','13724894160','',2,'2017-09-13 02:24:39','2017-09-13 17:24:39'),(76,100060,'玩家:100060',2286990,320,'192.168.0.138','13724894160','',2,'2017-09-13 02:25:50','2017-09-12 15:26:27'),(77,100175,'游客100175',1000,0,'192.168.0.147','13724894160','',2,'2017-09-13 02:28:21','2017-09-13 17:28:21'),(78,100060,'玩家:100060',2286990,320,'192.168.0.138','13724894160','',2,'2017-09-13 02:34:48','2017-09-12 15:26:27'),(79,100176,'游客100176',1000,0,'192.168.0.147','13724894160','',2,'2017-09-13 02:35:57','2017-09-13 17:35:57'),(80,100060,'玩家:100060',2286990,320,'192.168.0.138','13724894160','',2,'2017-09-13 02:36:09','2017-09-12 15:26:27'),(81,100060,'玩家:100060',2286990,320,'192.168.0.138','13724894160','',2,'2017-09-13 02:36:58','2017-09-12 15:26:27'),(82,100060,'玩家:100060',2286990,320,'192.168.0.138','13724894160','',2,'2017-09-13 02:39:00','2017-09-12 15:26:27'),(83,100060,'玩家:100060',2286990,320,'192.168.0.138','13724894160','',2,'2017-09-13 02:41:33','2017-09-12 15:26:27'),(84,100091,'玩家:100091',350,35,'192.168.0.111','13724894160','',2,'2017-09-13 02:41:39','2017-09-12 17:28:18'),(85,100177,'游客100177',1000,0,'192.168.0.147','13724894160','',2,'2017-09-13 02:43:12','2017-09-13 17:43:12'),(86,100060,'玩家:100060',2286990,320,'192.168.0.138','13724894160','',2,'2017-09-13 02:43:41','2017-09-12 15:26:27'),(87,100060,'玩家:100060',2286990,320,'192.168.0.138','13724894160','',2,'2017-09-13 02:44:50','2017-09-12 15:26:27'),(88,100060,'玩家:100060',2286990,320,'192.168.0.138','13724894160','',2,'2017-09-13 02:45:55','2017-09-12 15:26:27'),(89,100060,'玩家:100060',2286990,320,'192.168.0.138','13724894160','',2,'2017-09-13 02:46:50','2017-09-12 15:26:27'),(90,100178,'游客100178',1000,0,'192.168.0.132','13724894160','',2,'2017-09-13 02:47:46','2017-09-13 17:47:46'),(91,100091,'玩家:100091',350,35,'192.168.0.111','13724894160','',2,'2017-09-13 02:50:14','2017-09-12 17:28:18'),(92,100091,'玩家:100091',330,35,'192.168.0.111','13724894160','',2,'2017-09-13 04:12:09','2017-09-12 17:28:18'),(93,100181,'游客100181',1000,0,'192.168.0.147','13724894160','',2,'2017-09-13 04:12:30','2017-09-13 19:10:05'),(94,100182,'游客100182',1000,0,'192.168.0.147','13724894160','',2,'2017-09-13 04:12:47','2017-09-13 19:12:47'),(95,100183,'游客100183',1000,0,'192.168.0.147','13724894160','',2,'2017-09-13 04:14:54','2017-09-13 19:14:53'),(96,100184,'游客100184',1000,0,'192.168.0.147','13724894160','',2,'2017-09-13 04:17:12','2017-09-13 19:17:12'),(97,100191,'游客100191',1000,0,'192.168.0.147','13724894160','',2,'2017-09-13 05:38:15','2017-09-13 20:36:20'),(98,100060,'玩家:100060',2286790,320,'192.168.0.138','13724894160','',2,'2017-09-13 05:38:16','2017-09-12 15:26:27'),(99,100060,'玩家:100060',2285920,320,'192.168.0.138','13724894160','',2,'2017-09-13 05:39:52','2017-09-12 15:26:27'),(100,100060,'玩家:100060',2285730,320,'192.168.0.138','13724894160','',2,'2017-09-13 05:40:07','2017-09-12 15:26:27'),(101,100060,'玩家:100060',2298020,330,'192.168.0.138','13724894160','',2,'2017-09-13 05:45:50','2017-09-12 15:26:27'),(102,100060,'玩家:100060',2298000,330,'192.168.0.138','13724894160','',2,'2017-09-13 05:46:02','2017-09-12 15:26:27'),(103,100192,'游客100192',1000,0,'192.168.0.132','13724894160','',2,'2017-09-13 05:51:24','2017-09-13 20:51:23'),(104,100193,'游客100193',1000,0,'192.168.0.147','13724894160','',2,'2017-09-13 05:51:50','2017-09-13 20:51:50'),(105,100194,'游客100194',1000,0,'192.168.0.138','13724894160','',2,'2017-09-13 05:52:05','2017-09-13 20:52:05'),(106,100060,'玩家:100060',4416460,495,'192.168.0.138','13724894160','',2,'2017-09-13 05:53:37','2017-09-12 15:26:27'),(107,100060,'玩家:100060',4416460,495,'192.168.0.138','13724894160','',2,'2017-09-13 05:53:47','2017-09-12 15:26:27'),(108,100195,'游客100195',1000,0,'192.168.0.138','13724894160','',2,'2017-09-13 05:54:12','2017-09-13 20:54:11'),(109,100196,'游客100196',1000,0,'192.168.0.138','13724894160','',2,'2017-09-13 05:54:16','2017-09-13 20:54:15'),(110,100197,'游客100197',1000,0,'192.168.0.138','13724894160','',2,'2017-09-13 05:55:48','2017-09-13 20:55:47'),(111,100198,'游客100198',1000,0,'192.168.0.138','13724894160','',2,'2017-09-13 05:55:50','2017-09-13 20:55:50'),(112,100199,'游客100199',1000,0,'192.168.0.138','13724894160','',2,'2017-09-13 05:55:52','2017-09-13 20:55:51'),(113,100199,'游客100199',1000,0,'192.168.0.138','13724894160','',2,'2017-09-13 05:55:54','2017-09-13 20:55:51'),(114,100200,'游客100200',1000,0,'192.168.0.138','13724894160','',2,'2017-09-13 05:56:03','2017-09-13 20:56:03'),(115,100060,'玩家:100060',4416460,495,'192.168.0.138','13724894160','',2,'2017-09-13 06:01:16','2017-09-12 15:26:27'),(116,100201,'游客100201',1000,0,'192.168.0.147','13724894160','',2,'2017-09-13 06:13:29','2017-09-13 21:13:29'),(117,100060,'玩家:100060',4446000,505,'192.168.0.138','13724894160','',2,'2017-09-13 06:17:11','2017-09-12 15:26:27'),(118,100202,'游客100202',1000,0,'192.168.0.147','13724894160','',2,'2017-09-13 06:19:30','2017-09-13 21:19:30'),(119,100060,'玩家:100060',6570540,670,'192.168.0.138','13724894160','',2,'2017-09-13 06:22:23','2017-09-12 15:26:27'),(120,100165,'玩家:100165',1000,0,'192.168.0.147','13724894160','',2,'2017-09-13 06:23:50','2017-09-13 17:14:20'),(121,100091,'玩家:100091',410,43,'192.168.0.111','13724894160','',2,'2017-09-13 18:44:20','2017-09-12 17:28:18'),(122,100091,'玩家:100091',400,43,'192.168.0.111','13724894160','',2,'2017-09-13 18:46:16','2017-09-12 17:28:18'),(123,100091,'玩家:100091',400,43,'192.168.0.111','13724894160','',2,'2017-09-13 18:49:49','2017-09-12 17:28:18'),(124,100060,'玩家:100060',6576160,680,'192.168.0.138','13724894160','',2,'2017-09-13 18:54:20','2017-09-12 15:26:27'),(125,100060,'玩家:100060',6576160,680,'192.168.0.138','13724894160','',2,'2017-09-13 18:54:53','2017-09-12 15:26:27'),(126,100203,'游客100203',1000,0,'192.168.0.147','13724894160','',2,'2017-09-13 18:58:48','2017-09-14 09:58:48'),(127,100091,'玩家:100091',400,43,'192.168.0.111','13724894160','',2,'2017-09-13 19:05:44','2017-09-12 17:28:18'),(128,100138,'玩家:100138',354570,272,'192.168.0.149','13724894160','',2,'2017-09-13 19:11:04','2017-09-13 09:56:30'),(129,100204,'玩家:100204',1000,0,'192.168.0.149','13724894160','',2,'2017-09-13 19:13:09','2017-09-14 10:13:09'),(130,100060,'玩家:100060',6576150,680,'192.168.0.138','13724894160','',2,'2017-09-13 19:17:24','2017-09-12 15:26:27'),(131,100205,'游客100205',1000,0,'192.168.0.132','13724894160','',2,'2017-09-13 19:17:33','2017-09-14 10:17:32'),(132,100205,'游客100205',1000,0,'192.168.0.132','13724894160','',2,'2017-09-13 19:17:47','2017-09-14 10:17:32'),(133,100165,'玩家:100165',51000,30,'192.168.0.147','13724894160','',2,'2017-09-13 19:23:17','2017-09-13 17:14:20'),(134,100165,'玩家:100165',54010,45,'192.168.0.147','13724894160','',2,'2017-09-13 19:26:33','2017-09-13 17:14:20'),(135,100206,'游客100206',1000,0,'192.168.0.138','13724894160','',2,'2017-09-13 19:27:42','2017-09-14 10:27:42'),(136,100207,'游客100207',1000,0,'192.168.0.138','13724894160','',2,'2017-09-13 19:27:55','2017-09-14 10:27:55'),(137,100138,'玩家:100138',353470,280,'192.168.0.149','13724894160','',2,'2017-09-13 19:31:53','2017-09-13 09:56:30'),(138,100060,'玩家:100060',6597120,550,'192.168.0.138','13724894160','',2,'2017-09-13 19:32:23','2017-09-12 15:26:27'),(139,100208,'游客100208',1000,0,'192.168.0.138','13724894160','',2,'2017-09-13 19:32:34','2017-09-14 10:32:34'),(140,100204,'玩家:100204',3240,108,'192.168.0.149','13724894160','',2,'2017-09-13 19:33:11','2017-09-14 10:13:09'),(141,100209,'游客100209',1000,0,'192.168.0.116','13724894160','',2,'2017-09-13 19:35:09','2017-09-14 10:35:09'),(142,100209,'游客100209',17681000,0,'192.168.0.116','13724894160','',2,'2017-09-13 19:35:38','2017-09-14 10:35:09'),(143,100209,'游客100209',17681000,0,'192.168.0.116','13724894160','',2,'2017-09-13 19:35:47','2017-09-14 10:35:09'),(144,100209,'游客100209',18411000,130,'192.168.0.116','13724894160','',2,'2017-09-13 19:38:34','2017-09-14 10:35:09'),(145,100209,'游客100209',18431000,130,'192.168.0.116','13724894160','',2,'2017-09-13 19:38:42','2017-09-14 10:35:09'),(146,100204,'玩家:100204',3180,108,'192.168.0.149','13724894160','',2,'2017-09-13 19:38:55','2017-09-14 10:13:09'),(147,100210,'游客100210',1000,0,'192.168.0.132','13724894160','',2,'2017-09-13 19:42:59','2017-09-14 10:42:59'),(148,100211,'游客100211',1000,0,'192.168.0.132','13724894160','',2,'2017-09-13 19:47:36','2017-09-14 10:47:36'),(149,100060,'玩家:100060',6597120,550,'192.168.0.138','13724894160','',2,'2017-09-13 19:54:18','2017-09-12 15:26:27'),(150,100060,'玩家:100060',6597120,550,'192.168.0.138','13724894160','',2,'2017-09-13 19:58:22','2017-09-12 15:26:27'),(151,100060,'玩家:100060',6597120,550,'192.168.0.138','13724894160','',2,'2017-09-13 20:00:40','2017-09-12 15:26:27'),(152,100212,'游客100212',1000,0,'192.168.0.116','13724894160','',2,'2017-09-13 20:04:22','2017-09-14 11:04:22'),(153,100213,'游客100213',1000,0,'192.168.0.116','13724894160','',2,'2017-09-13 20:06:12','2017-09-14 11:06:12'),(154,100060,'玩家:100060',6597020,550,'192.168.0.138','13724894160','',2,'2017-09-13 20:09:02','2017-09-12 15:26:27'),(155,100060,'玩家:100060',6596810,550,'192.168.0.138','13724894160','',2,'2017-09-13 20:20:01','2017-09-12 15:26:27'),(156,100060,'玩家:100060',6596810,550,'192.168.0.138','13724894160','',2,'2017-09-13 20:20:30','2017-09-12 15:26:27'),(157,100214,'游客100214',1000,0,'192.168.0.138','13724894160','',2,'2017-09-13 20:21:32','2017-09-14 11:21:31'),(158,100060,'玩家:100060',64916810,550,'192.168.0.138','13724894160','',2,'2017-09-13 20:21:45','2017-09-12 15:26:27'),(159,100215,'游客100215',1000,0,'192.168.0.138','13724894160','',2,'2017-09-13 20:22:38','2017-09-14 11:22:37'),(160,100060,'玩家:100060',64916800,550,'192.168.0.138','13724894160','',2,'2017-09-13 20:22:41','2017-09-12 15:26:27'),(161,100204,'玩家:100204',2270,108,'192.168.0.149','13724894160','',2,'2017-09-13 20:26:40','2017-09-14 10:13:09'),(162,100138,'玩家:100138',353790,280,'192.168.0.149','13724894160','',2,'2017-09-13 20:26:50','2017-09-13 09:56:30'),(163,100213,'游客100213',109263021000,0,'192.168.0.116','13724894160','',2,'2017-09-13 20:42:24','2017-09-14 11:06:12'),(164,100216,'游客100216',1000,0,'192.168.0.116','13724894160','',2,'2017-09-13 20:43:32','2017-09-14 11:43:32'),(165,100217,'游客100217',1000,0,'192.168.0.116','13724894160','',2,'2017-09-13 20:46:11','2017-09-14 11:46:10'),(166,100060,'玩家:100060',64916800,550,'192.168.0.138','13724894160','',2,'2017-09-13 20:47:02','2017-09-12 15:26:27'),(167,100165,'玩家:100165',13270,37,'192.168.0.147','13724894160','',2,'2017-09-13 20:49:45','2017-09-13 17:14:20'),(168,100217,'游客100217',14441000,0,'192.168.0.116','13724894160','',2,'2017-09-13 20:51:00','2017-09-14 11:46:10'),(169,100217,'游客100217',14441000,0,'192.168.0.116','13724894160','',2,'2017-09-13 20:51:02','2017-09-14 11:46:10'),(170,100060,'玩家:100060',64916800,550,'192.168.0.138','13724894160','',2,'2017-09-13 20:53:33','2017-09-12 15:26:27'),(171,100218,'游客100218',1000,0,'192.168.0.116','13724894160','',2,'2017-09-13 21:00:13','2017-09-14 12:00:12'),(172,100060,'玩家:100060',64916800,550,'192.168.0.138','13724894160','',2,'2017-09-13 21:21:55','2017-09-12 15:26:27'),(173,100060,'玩家:100060',64916800,550,'192.168.0.138','13724894160','',2,'2017-09-13 21:22:16','2017-09-12 15:26:27'),(174,100091,'玩家:100091',400,43,'192.168.0.111','13724894160','',2,'2017-09-13 23:17:13','2017-09-12 17:28:18'),(175,100091,'玩家:100091',400,43,'192.168.0.111','13724894160','',2,'2017-09-13 23:18:06','2017-09-12 17:28:18'),(176,100091,'玩家:100091',390,43,'192.168.0.111','13724894160','',2,'2017-09-13 23:20:31','2017-09-12 17:28:18'),(177,100091,'玩家:100091',390,43,'192.168.0.111','13724894160','',2,'2017-09-13 23:21:24','2017-09-12 17:28:18'),(178,100091,'玩家:100091',380,43,'192.168.0.111','13724894160','',2,'2017-09-13 23:32:25','2017-09-12 17:28:18'),(179,100219,'游客100219',1000,0,'192.168.0.116','13724894160','',2,'2017-09-13 23:35:27','2017-09-14 14:35:26'),(180,100138,'玩家:100138',428460,433,'192.168.0.149','13724894160','',2,'2017-09-13 23:41:22','2017-09-13 09:56:30'),(181,100204,'玩家:100204',18620,144,'192.168.0.149','13724894160','',2,'2017-09-13 23:41:27','2017-09-14 10:13:09'),(182,100091,'玩家:100091',370,43,'192.168.0.111','13724894160','',2,'2017-09-13 23:42:56','2017-09-12 17:28:18'),(183,100091,'玩家:100091',370,43,'192.168.0.111','13724894160','',2,'2017-09-13 23:43:36','2017-09-12 17:28:18'),(184,100220,'游客100220',1000,0,'192.168.0.116','13724894160','',2,'2017-09-13 23:45:04','2017-09-14 14:45:03'),(185,100091,'玩家:100091',360,43,'192.168.0.111','13724894160','',2,'2017-09-13 23:45:10','2017-09-12 17:28:18'),(186,100091,'玩家:100091',360,43,'192.168.0.111','13724894160','',2,'2017-09-13 23:46:02','2017-09-12 17:28:18'),(187,100091,'玩家:100091',350,43,'192.168.0.111','13724894160','',2,'2017-09-13 23:47:00','2017-09-12 17:28:18'),(188,100091,'玩家:100091',350,43,'192.168.0.111','13724894160','',2,'2017-09-13 23:48:02','2017-09-12 17:28:18'),(189,100060,'玩家:100060',64916800,550,'192.168.0.138','13724894160','',2,'2017-09-14 00:16:25','2017-09-12 15:26:27'),(190,100060,'玩家:100060',64916800,550,'192.168.0.138','13724894160','',2,'2017-09-14 00:17:20','2017-09-12 15:26:27'),(191,100060,'玩家:100060',64916800,550,'192.168.0.138','13724894160','',2,'2017-09-14 00:18:04','2017-09-12 15:26:27'),(192,100221,'游客100221',1000,0,'192.168.0.132','13724894160','',2,'2017-09-14 00:23:53','2017-09-14 15:23:53'),(193,100060,'玩家:100060',64916800,550,'192.168.0.138','13724894160','',2,'2017-09-14 00:31:36','2017-09-12 15:26:27'),(194,100091,'玩家:100091',350,43,'192.168.0.111','13724894160','',2,'2017-09-14 00:35:15','2017-09-12 17:28:18'),(195,100091,'玩家:100091',340,43,'192.168.0.111','13724894160','',2,'2017-09-14 00:37:52','2017-09-12 17:28:18'),(196,100060,'玩家:100060',64916800,550,'192.168.0.138','13724894160','',2,'2017-09-14 00:39:27','2017-09-12 15:26:27'),(197,100091,'玩家:100091',240,43,'192.168.0.111','13724894160','',2,'2017-09-14 00:40:22','2017-09-12 17:28:18'),(198,100091,'玩家:100091',210,43,'192.168.0.111','13724894160','',2,'2017-09-14 00:41:56','2017-09-12 17:28:18'),(199,100091,'玩家:100091',210,43,'192.168.0.111','13724894160','',2,'2017-09-14 00:43:54','2017-09-12 17:28:18'),(200,100222,'游客100222',1000,0,'192.168.0.132','13724894160','',2,'2017-09-14 00:45:44','2017-09-14 15:45:43'),(201,100060,'玩家:100060',64916800,550,'192.168.0.138','13724894160','',2,'2017-09-14 00:52:32','2017-09-12 15:26:27'),(202,100060,'玩家:100060',64916800,550,'192.168.0.138','13724894160','',2,'2017-09-14 00:53:11','2017-09-12 15:26:27'),(203,100060,'玩家:100060',64916800,550,'192.168.0.138','13724894160','',2,'2017-09-14 00:56:14','2017-09-12 15:26:27'),(204,100060,'玩家:100060',64916800,550,'192.168.0.138','13724894160','',2,'2017-09-14 01:12:26','2017-09-12 15:26:27'),(205,100060,'玩家:100060',64916800,550,'192.168.0.138','13724894160','',2,'2017-09-14 01:13:16','2017-09-12 15:26:27'),(206,100091,'玩家:100091',180,43,'192.168.0.111','13724894160','',2,'2017-09-14 01:14:07','2017-09-12 17:28:18'),(207,100091,'玩家:100091',180,43,'192.168.0.111','13724894160','',2,'2017-09-14 01:15:29','2017-09-12 17:28:18'),(208,100091,'玩家:100091',180,43,'192.168.0.111','13724894160','',2,'2017-09-14 01:16:19','2017-09-12 17:28:18'),(209,100091,'玩家:100091',180,43,'192.168.0.111','13724894160','',2,'2017-09-14 01:18:50','2017-09-12 17:28:18'),(210,100091,'玩家:100091',180,43,'192.168.0.111','13724894160','',2,'2017-09-14 01:19:34','2017-09-12 17:28:18'),(211,100223,'游客100223',1000,0,'192.168.0.147','13724894160','',2,'2017-09-14 01:24:57','2017-09-14 16:24:56'),(212,100060,'玩家:100060',64916800,550,'192.168.0.138','13724894160','',2,'2017-09-14 01:25:31','2017-09-12 15:26:27'),(213,100224,'玩家:100224',1000,0,'192.168.0.111','13724894160','',2,'2017-09-14 01:26:48','2017-09-14 16:26:47'),(214,100060,'玩家:100060',64916800,550,'192.168.0.138','13724894160','',2,'2017-09-14 01:34:09','2017-09-12 15:26:27'),(215,100060,'玩家:100060',64916800,550,'192.168.0.138','13724894160','',2,'2017-09-14 01:34:38','2017-09-12 15:26:27'),(216,100224,'玩家:100224',1010,5,'192.168.0.111','13724894160','',2,'2017-09-14 01:38:50','2017-09-14 16:26:47'),(217,100060,'玩家:100060',64916800,550,'192.168.0.138','13724894160','',2,'2017-09-14 01:41:07','2017-09-12 15:26:27'),(218,100060,'玩家:100060',64916800,550,'192.168.0.138','13724894160','',2,'2017-09-14 01:52:46','2017-09-12 15:26:27'),(219,100224,'玩家:100224',1010,5,'192.168.0.111','13724894160','',2,'2017-09-14 02:05:31','2017-09-14 16:26:47'),(220,100224,'玩家:100224',1010,5,'192.168.0.111','13724894160','',2,'2017-09-14 02:10:01','2017-09-14 16:26:47'),(221,100224,'玩家:100224',1010,5,'192.168.0.111','13724894160','',2,'2017-09-14 02:11:47','2017-09-14 16:26:47'),(222,100060,'玩家:100060',64916800,550,'192.168.0.138','13724894160','',2,'2017-09-14 02:23:19','2017-09-12 15:26:27'),(223,100060,'玩家:100060',64916800,550,'192.168.0.138','13724894160','',2,'2017-09-14 02:23:23','2017-09-12 15:26:27'),(224,100060,'玩家:100060',64916800,550,'192.168.0.138','13724894160','',2,'2017-09-14 02:23:37','2017-09-12 15:26:27'),(225,100225,'游客100225',1000,0,'192.168.0.138','13724894160','',2,'2017-09-14 02:24:24','2017-09-14 17:24:24'),(226,100226,'游客100226',1000,0,'192.168.0.132','13724894160','',2,'2017-09-14 02:24:27','2017-09-14 17:24:26'),(227,100060,'玩家:100060',64936800,550,'192.168.0.138','13724894160','',2,'2017-09-14 02:24:42','2017-09-12 15:26:27'),(228,100224,'玩家:100224',1010,5,'192.168.0.111','13724894160','',2,'2017-09-14 02:25:19','2017-09-14 16:26:47'),(229,100227,'玩家:100227',1000,0,'192.168.0.111','13724894160','',2,'2017-09-14 02:26:17','2017-09-14 17:26:17'),(230,100060,'玩家:100060',64936800,550,'192.168.0.138','13724894160','',2,'2017-09-14 02:29:56','2017-09-12 15:26:27'),(231,100060,'玩家:100060',64936800,550,'192.168.0.138','13724894160','',2,'2017-09-14 02:30:24','2017-09-12 15:26:27'),(232,100060,'玩家:100060',64936800,550,'192.168.0.138','13724894160','',2,'2017-09-14 02:31:07','2017-09-12 15:26:27'),(233,100060,'玩家:100060',64936800,550,'192.168.0.138','13724894160','',2,'2017-09-14 02:31:27','2017-09-12 15:26:27'),(234,100228,'游客100228',1000,0,'192.168.0.138','13724894160','',2,'2017-09-14 02:32:39','2017-09-14 17:32:39'),(235,100060,'玩家:100060',64936800,550,'192.168.0.138','13724894160','',2,'2017-09-14 02:33:38','2017-09-12 15:26:27'),(236,100060,'玩家:100060',64936800,550,'192.168.0.138','13724894160','',2,'2017-09-14 02:34:01','2017-09-12 15:26:27'),(237,100060,'玩家:100060',64936800,550,'192.168.0.138','13724894160','',2,'2017-09-14 02:34:09','2017-09-12 15:26:27'),(238,100227,'玩家:100227',1000,0,'192.168.0.111','13724894160','',2,'2017-09-14 02:34:15','2017-09-14 17:26:17'),(239,100060,'玩家:100060',64936800,550,'192.168.0.138','13724894160','',2,'2017-09-14 02:37:31','2017-09-12 15:26:27'),(240,100060,'玩家:100060',64936800,550,'192.168.0.138','13724894160','',2,'2017-09-14 02:38:04','2017-09-12 15:26:27'),(241,100060,'玩家:100060',64936800,550,'192.168.0.138','13724894160','',2,'2017-09-14 02:38:10','2017-09-12 15:26:27'),(242,100060,'玩家:100060',64936800,550,'192.168.0.138','13724894160','',2,'2017-09-14 02:38:17','2017-09-12 15:26:27'),(243,100229,'游客100229',1000,0,'192.168.0.138','13724894160','',2,'2017-09-14 02:38:24','2017-09-14 17:38:24'),(244,100060,'玩家:100060',64936800,550,'192.168.0.138','13724894160','',2,'2017-09-14 02:38:32','2017-09-12 15:26:27'),(245,100060,'玩家:100060',64936800,550,'192.168.0.138','13724894160','',2,'2017-09-14 02:42:47','2017-09-12 15:26:27'),(246,100060,'玩家:100060',64936800,550,'192.168.0.138','13724894160','',2,'2017-09-14 02:43:24','2017-09-12 15:26:27'),(247,100060,'玩家:100060',64936800,550,'192.168.0.138','13724894160','',2,'2017-09-14 02:44:33','2017-09-12 15:26:27'),(248,100060,'玩家:100060',64936800,550,'192.168.0.138','13724894160','',2,'2017-09-14 02:45:03','2017-09-12 15:26:27'),(249,100060,'玩家:100060',64936800,550,'192.168.0.138','13724894160','',2,'2017-09-14 02:45:18','2017-09-12 15:26:27'),(250,100060,'玩家:100060',64936800,550,'192.168.0.138','13724894160','',2,'2017-09-14 02:45:37','2017-09-12 15:26:27'),(251,100060,'玩家:100060',64936800,550,'192.168.0.138','13724894160','',2,'2017-09-14 02:45:45','2017-09-12 15:26:27'),(252,100060,'玩家:100060',64936800,550,'192.168.0.138','13724894160','',2,'2017-09-14 02:46:01','2017-09-12 15:26:27'),(253,100060,'玩家:100060',64936800,550,'192.168.0.138','13724894160','',2,'2017-09-14 02:46:10','2017-09-12 15:26:27'),(254,100060,'玩家:100060',64936800,550,'192.168.0.138','13724894160','',2,'2017-09-14 02:46:16','2017-09-12 15:26:27'),(255,100060,'玩家:100060',64936800,550,'192.168.0.138','13724894160','',2,'2017-09-14 02:46:22','2017-09-12 15:26:27'),(256,100060,'玩家:100060',64936800,550,'192.168.0.138','13724894160','',2,'2017-09-14 02:46:28','2017-09-12 15:26:27'),(257,100060,'玩家:100060',64936800,550,'192.168.0.138','13724894160','',2,'2017-09-14 02:46:35','2017-09-12 15:26:27'),(258,100227,'玩家:100227',990,6,'192.168.0.111','13724894160','',2,'2017-09-14 02:46:56','2017-09-14 17:26:17'),(259,100060,'玩家:100060',64936800,550,'192.168.0.138','13724894160','',2,'2017-09-14 02:47:06','2017-09-12 15:26:27'),(260,100060,'玩家:100060',64936800,550,'192.168.0.138','13724894160','',2,'2017-09-14 02:47:13','2017-09-12 15:26:27'),(261,100060,'玩家:100060',64936800,550,'192.168.0.138','13724894160','',2,'2017-09-14 02:47:19','2017-09-12 15:26:27'),(262,100060,'玩家:100060',64936800,550,'192.168.0.138','13724894160','',2,'2017-09-14 02:47:28','2017-09-12 15:26:27'),(263,100060,'玩家:100060',64936800,550,'192.168.0.138','13724894160','',2,'2017-09-14 02:47:35','2017-09-12 15:26:27'),(264,100060,'玩家:100060',64936800,550,'192.168.0.138','13724894160','',2,'2017-09-14 02:47:42','2017-09-12 15:26:27'),(265,100060,'玩家:100060',64936800,550,'192.168.0.138','13724894160','',2,'2017-09-14 02:47:52','2017-09-12 15:26:27'),(266,100060,'玩家:100060',64936800,550,'192.168.0.138','13724894160','',2,'2017-09-14 02:48:01','2017-09-12 15:26:27'),(267,100060,'玩家:100060',64936800,550,'192.168.0.138','13724894160','',2,'2017-09-14 02:48:10','2017-09-12 15:26:27'),(268,100060,'玩家:100060',64936800,550,'192.168.0.138','13724894160','',2,'2017-09-14 02:48:19','2017-09-12 15:26:27'),(269,100060,'玩家:100060',64936800,550,'192.168.0.138','13724894160','',2,'2017-09-14 02:48:28','2017-09-12 15:26:27'),(270,100060,'玩家:100060',64936800,550,'192.168.0.138','13724894160','',2,'2017-09-14 02:48:40','2017-09-12 15:26:27'),(271,100060,'玩家:100060',64936800,550,'192.168.0.138','13724894160','',2,'2017-09-14 02:48:44','2017-09-12 15:26:27'),(272,100230,'游客100230',1000,0,'192.168.0.138','13724894160','',2,'2017-09-14 02:48:55','2017-09-14 17:48:54'),(273,100230,'游客100230',1000,0,'192.168.0.138','13724894160','',2,'2017-09-14 02:48:56','2017-09-14 17:48:54'),(274,100227,'玩家:100227',990,6,'192.168.0.111','13724894160','',2,'2017-09-14 02:49:00','2017-09-14 17:26:17'),(275,100231,'游客100231',1000,0,'192.168.0.138','13724894160','',2,'2017-09-14 02:49:06','2017-09-14 17:49:06'),(276,100232,'游客100232',1000,0,'192.168.0.138','13724894160','',2,'2017-09-14 02:49:18','2017-09-14 17:49:18'),(277,100227,'玩家:100227',690,14,'192.168.0.111','13724894160','',2,'2017-09-14 02:51:28','2017-09-14 17:26:17'),(278,100227,'玩家:100227',690,14,'192.168.0.111','13724894160','',2,'2017-09-14 02:52:07','2017-09-14 17:26:17'),(279,100060,'玩家:100060',64936800,550,'192.168.0.138','13724894160','',2,'2017-09-14 02:52:16','2017-09-12 15:26:27'),(280,100060,'玩家:100060',64936800,550,'192.168.0.138','13724894160','',2,'2017-09-14 02:52:30','2017-09-12 15:26:27'),(281,100233,'玩家:100233',1000,0,'192.168.0.111','13724894160','',2,'2017-09-14 02:52:36','2017-09-14 17:52:36'),(282,100234,'游客100234',1000,0,'192.168.0.138','13724894160','',2,'2017-09-14 02:52:42','2017-09-14 17:52:41'),(283,100060,'玩家:100060',64936800,550,'192.168.0.138','13724894160','',2,'2017-09-14 02:53:06','2017-09-12 15:26:27'),(284,100060,'玩家:100060',64936800,550,'192.168.0.138','13724894160','',2,'2017-09-14 02:53:15','2017-09-12 15:26:27'),(285,100060,'玩家:100060',64936800,550,'192.168.0.138','13724894160','',2,'2017-09-14 02:53:24','2017-09-12 15:26:27'),(286,100060,'玩家:100060',64936800,550,'192.168.0.138','13724894160','',2,'2017-09-14 02:53:33','2017-09-12 15:26:27'),(287,100235,'玩家:100235',1000,0,'192.168.0.111','13724894160','',2,'2017-09-14 02:54:20','2017-09-14 17:54:19'),(288,100060,'玩家:100060',64936800,550,'192.168.0.138','13724894160','',2,'2017-09-14 02:56:06','2017-09-12 15:26:27'),(289,100060,'玩家:100060',64936800,550,'192.168.0.138','13724894160','',2,'2017-09-14 02:56:15','2017-09-12 15:26:27'),(290,100060,'玩家:100060',64936800,550,'192.168.0.138','13724894160','',2,'2017-09-14 02:56:27','2017-09-12 15:26:27'),(291,100235,'玩家:100235',1000,0,'192.168.0.111','13724894160','',2,'2017-09-14 02:56:55','2017-09-14 17:54:19'),(292,100236,'玩家:100236',1000,0,'192.168.0.111','13724894160','',2,'2017-09-14 02:58:44','2017-09-14 17:58:44'),(293,100236,'玩家:100236',1000,0,'192.168.0.111','13724894160','',2,'2017-09-14 03:01:24','2017-09-14 17:58:44'),(294,100236,'玩家:100236',1000,0,'192.168.0.111','13724894160','',2,'2017-09-14 03:02:22','2017-09-14 17:58:44'),(295,100236,'玩家:100236',990,6,'192.168.0.111','13724894160','',2,'2017-09-14 03:03:02','2017-09-14 17:58:44'),(296,100236,'玩家:100236',950,11,'192.168.0.111','13724894160','',2,'2017-09-14 03:03:33','2017-09-14 17:58:44'),(297,100236,'玩家:100236',940,11,'192.168.0.111','13724894160','',2,'2017-09-14 03:04:44','2017-09-14 17:58:44'),(298,100236,'玩家:100236',940,11,'192.168.0.111','13724894160','',2,'2017-09-14 03:05:13','2017-09-14 17:58:44'),(299,100236,'玩家:100236',940,11,'192.168.0.111','13724894160','',2,'2017-09-14 03:05:44','2017-09-14 17:58:44'),(300,100236,'玩家:100236',940,11,'192.168.0.111','13724894160','',2,'2017-09-14 03:06:03','2017-09-14 17:58:44'),(301,100237,'玩家:100237',1000,0,'192.168.0.111','13724894160','',2,'2017-09-14 03:07:22','2017-09-14 18:07:21'),(302,100237,'玩家:100237',1000,0,'192.168.0.111','13724894160','',2,'2017-09-14 03:07:47','2017-09-14 18:07:21'),(303,100060,'玩家:100060',64936800,550,'192.168.0.138','13724894160','',2,'2017-09-14 03:15:59','2017-09-12 15:26:27'),(304,100060,'玩家:100060',64936800,550,'192.168.0.138','13724894160','',2,'2017-09-14 03:16:25','2017-09-12 15:26:27'),(305,100204,'玩家:100204',28800,172,'192.168.0.149','13724894160','',2,'2017-09-14 03:36:22','2017-09-14 10:13:09'),(306,100204,'玩家:100204',28800,172,'192.168.0.149','13724894160','',2,'2017-09-14 03:36:23','2017-09-14 10:13:09'),(307,100204,'玩家:100204',28800,172,'192.168.0.149','13724894160','',2,'2017-09-14 03:36:30','2017-09-14 10:13:09'),(308,100138,'玩家:100138',358290,83,'192.168.0.149','13724894160','',2,'2017-09-14 03:36:56','2017-09-13 09:56:30'),(309,100238,'游客100238',1000,0,'192.168.0.116','13724894160','',2,'2017-09-14 03:39:59','2017-09-14 18:39:58'),(310,100238,'游客100238',1000,100,'192.168.0.116','13724894160','',2,'2017-09-14 03:40:10','2017-09-14 18:39:58'),(311,100238,'游客100238',21000,100,'192.168.0.116','13724894160','',2,'2017-09-14 03:40:46','2017-09-14 18:39:58'),(312,100060,'玩家:100060',64936800,550,'192.168.0.138','13724894160','',2,'2017-09-14 04:16:26','2017-09-12 15:26:27'),(313,100239,'游客100239',1000,0,'192.168.0.138','13724894160','',2,'2017-09-14 04:16:37','2017-09-14 19:16:37'),(314,100237,'玩家:100237',1000,0,'192.168.0.111','13724894160','',2,'2017-09-14 04:18:57','2017-09-14 18:07:21'),(315,100237,'玩家:100237',1000,0,'192.168.0.111','13724894160','',2,'2017-09-14 04:20:13','2017-09-14 18:07:21'),(316,100237,'玩家:100237',1000,0,'192.168.0.111','13724894160','',2,'2017-09-14 04:20:58','2017-09-14 18:07:21'),(317,100237,'玩家:100237',1000,0,'192.168.0.111','13724894160','',2,'2017-09-14 04:22:17','2017-09-14 18:07:21'),(318,100237,'玩家:100237',1000,0,'192.168.0.111','13724894160','',2,'2017-09-14 04:23:21','2017-09-14 18:07:21'),(319,100060,'玩家:100060',64936800,550,'192.168.0.138','13724894160','',2,'2017-09-14 04:24:06','2017-09-12 15:26:27'),(320,100237,'玩家:100237',980,6,'192.168.0.111','13724894160','',2,'2017-09-14 04:24:34','2017-09-14 18:07:21'),(321,100060,'玩家:100060',64936790,550,'192.168.0.138','13724894160','',2,'2017-09-14 04:36:28','2017-09-12 15:26:27'),(322,100060,'玩家:100060',64936790,550,'192.168.0.138','13724894160','',2,'2017-09-14 04:42:13','2017-09-12 15:26:27'),(323,100060,'玩家:100060',64936790,550,'192.168.0.138','13724894160','',2,'2017-09-14 04:45:39','2017-09-12 15:26:27'),(324,100060,'玩家:100060',64936790,550,'192.168.0.138','13724894160','',2,'2017-09-14 04:47:48','2017-09-12 15:26:27'),(325,100060,'玩家:100060',64936790,550,'192.168.0.138','13724894160','',2,'2017-09-14 04:47:59','2017-09-12 15:26:27'),(326,100060,'玩家:100060',64936790,550,'192.168.0.138','13724894160','',2,'2017-09-14 04:48:30','2017-09-12 15:26:27'),(327,100060,'玩家:100060',64936790,550,'192.168.0.138','13724894160','',2,'2017-09-14 04:48:38','2017-09-12 15:26:27'),(328,100060,'玩家:100060',64936790,550,'192.168.0.138','13724894160','',2,'2017-09-14 04:59:09','2017-09-12 15:26:27'),(329,100240,'游客100240',1000,0,'192.168.0.138','13724894160','',2,'2017-09-14 05:09:27','2017-09-14 20:09:26'),(330,100060,'玩家:100060',64936790,550,'192.168.0.138','13724894160','',2,'2017-09-14 05:09:39','2017-09-12 15:26:27'),(331,100060,'玩家:100060',64936530,550,'192.168.0.138','13724894160','',2,'2017-09-14 05:11:31','2017-09-12 15:26:27'),(332,100060,'玩家:100060',64936330,550,'192.168.0.138','13724894160','',2,'2017-09-14 05:11:47','2017-09-12 15:26:27'),(333,100237,'玩家:100237',980,6,'192.168.0.111','13724894160','',2,'2017-09-14 18:47:25','2017-09-14 18:07:21'),(334,100241,'游客100241',1000,0,'192.168.0.106','13724894160','',2,'2017-09-14 18:48:19','2017-09-15 09:48:19'),(335,100060,'玩家:100060',64935950,550,'192.168.0.138','13724894160','',2,'2017-09-14 18:49:48','2017-09-12 15:26:27'),(336,100237,'玩家:100237',980,6,'192.168.0.111','13724894160','',2,'2017-09-14 18:50:19','2017-09-14 18:07:21'),(337,100204,'玩家:100204',28800,172,'192.168.0.149','13724894160','',2,'2017-09-14 18:55:12','2017-09-14 10:13:09'),(338,100237,'玩家:100237',980,6,'192.168.0.111','13724894160','',2,'2017-09-14 19:05:10','2017-09-14 18:07:21'),(339,100237,'玩家:100237',980,6,'192.168.0.111','13724894160','',2,'2017-09-14 19:06:10','2017-09-14 18:07:21'),(340,100060,'玩家:100060',65113300,140,'192.168.0.138','13724894160','',2,'2017-09-14 19:06:28','2017-09-12 15:26:27'),(341,100237,'玩家:100237',980,6,'192.168.0.111','13724894160','',2,'2017-09-14 19:07:49','2017-09-14 18:07:21'),(342,100237,'玩家:100237',980,6,'192.168.0.111','13724894160','',2,'2017-09-14 19:08:31','2017-09-14 18:07:21'),(343,100237,'玩家:100237',980,6,'192.168.0.111','13724894160','',2,'2017-09-14 19:09:55','2017-09-14 18:07:21'),(344,100060,'玩家:100060',65130110,210,'192.168.0.138','13724894160','',2,'2017-09-14 19:10:44','2017-09-12 15:26:27'),(345,100060,'玩家:100060',65132050,220,'192.168.0.138','13724894160','',2,'2017-09-14 19:11:17','2017-09-12 15:26:27'),(346,100237,'玩家:100237',970,6,'192.168.0.111','13724894160','',2,'2017-09-14 19:12:06','2017-09-14 18:07:21'),(347,100237,'玩家:100237',970,6,'192.168.0.111','13724894160','',2,'2017-09-14 19:15:53','2017-09-14 18:07:21'),(348,100060,'玩家:100060',65142670,260,'192.168.0.138','13724894160','',2,'2017-09-14 19:16:14','2017-09-12 15:26:27'),(349,100060,'玩家:100060',65144510,270,'192.168.0.138','13724894160','',2,'2017-09-14 19:20:27','2017-09-12 15:26:27'),(350,100060,'玩家:100060',65144510,270,'192.168.0.138','13724894160','',2,'2017-09-14 19:21:02','2017-09-12 15:26:27'),(351,100060,'玩家:100060',65146290,280,'192.168.0.138','13724894160','',2,'2017-09-14 19:23:04','2017-09-12 15:26:27'),(352,100237,'玩家:100237',970,6,'192.168.0.111','13724894160','',2,'2017-09-14 19:23:11','2017-09-14 18:07:21'),(353,100060,'玩家:100060',65148130,290,'192.168.0.138','13724894160','',2,'2017-09-14 19:23:59','2017-09-12 15:26:27'),(354,100237,'玩家:100237',970,6,'192.168.0.111','13724894160','',2,'2017-09-14 19:25:11','2017-09-14 18:07:21'),(355,100237,'玩家:100237',970,6,'192.168.0.111','13724894160','',2,'2017-09-14 19:26:50','2017-09-14 18:07:21'),(356,100237,'玩家:100237',970,6,'192.168.0.111','13724894160','',2,'2017-09-14 19:29:35','2017-09-14 18:07:21'),(357,100237,'玩家:100237',970,6,'192.168.0.111','13724894160','',2,'2017-09-14 19:31:28','2017-09-14 18:07:21'),(358,100237,'玩家:100237',970,6,'192.168.0.111','13724894160','',2,'2017-09-14 19:31:53','2017-09-14 18:07:21'),(359,100165,'玩家:100165',13270,37,'192.168.0.147','13724894160','',2,'2017-09-14 19:32:09','2017-09-13 17:14:20'),(360,100242,'游客100242',1000,0,'192.168.0.147','13724894160','',2,'2017-09-14 19:32:30','2017-09-15 10:32:30'),(361,100243,'游客100243',1000,0,'192.168.0.106','13724894160','',2,'2017-09-14 19:37:48','2017-09-15 10:37:47'),(362,100237,'玩家:100237',970,6,'192.168.0.111','13724894160','',2,'2017-09-14 19:38:19','2017-09-14 18:07:21'),(363,100060,'玩家:100060',65156660,330,'192.168.0.138','13724894160','',2,'2017-09-14 19:42:20','2017-09-12 15:26:27'),(364,100237,'玩家:100237',970,6,'192.168.0.111','13724894160','',2,'2017-09-14 19:49:25','2017-09-14 18:07:21'),(365,100244,'玩家:100244',1000,0,'192.168.0.111','13724894160','',2,'2017-09-14 19:50:11','2017-09-15 10:50:10'),(366,100060,'玩家:100060',65161030,350,'192.168.0.138','13724894160','',2,'2017-09-14 19:52:54','2017-09-12 15:26:27'),(367,100060,'玩家:100060',65161030,350,'192.168.0.138','13724894160','',2,'2017-09-14 19:54:58','2017-09-12 15:26:27'),(368,100244,'玩家:100244',1000,0,'192.168.0.111','13724894160','',2,'2017-09-14 19:56:12','2017-09-15 10:50:10'),(369,100244,'玩家:100244',1000,0,'192.168.0.111','13724894160','',2,'2017-09-14 19:57:13','2017-09-15 10:50:10'),(370,100060,'玩家:100060',65161030,350,'192.168.0.138','13724894160','',2,'2017-09-14 19:57:58','2017-09-12 15:26:27'),(371,100060,'玩家:100060',65161030,350,'192.168.0.138','13724894160','',2,'2017-09-14 19:59:58','2017-09-12 15:26:27'),(372,100245,'游客100245',1000,0,'192.168.0.147','13724894160','',2,'2017-09-14 20:01:50','2017-09-15 11:01:49'),(373,100060,'玩家:100060',65163010,360,'192.168.0.138','13724894160','',2,'2017-09-14 20:04:11','2017-09-12 15:26:27'),(374,100246,'游客100246',1000,0,'192.168.0.132','13724894160','',2,'2017-09-14 20:04:15','2017-09-15 11:04:15'),(375,100060,'玩家:100060',65170640,390,'192.168.0.138','13724894160','',2,'2017-09-14 20:07:28','2017-09-12 15:26:27'),(376,100244,'玩家:100244',1000,0,'192.168.0.111','13724894160','',2,'2017-09-14 20:08:46','2017-09-15 10:50:10'),(377,100244,'玩家:100244',1000,0,'192.168.0.111','13724894160','',2,'2017-09-14 20:09:44','2017-09-15 10:50:10'),(378,100244,'玩家:100244',1000,0,'192.168.0.111','13724894160','',2,'2017-09-14 20:11:15','2017-09-15 10:50:10'),(379,100244,'玩家:100244',1000,0,'192.168.0.111','13724894160','',2,'2017-09-14 20:15:20','2017-09-15 10:50:10'),(380,100247,'游客100247',1000,0,'192.168.0.106','13724894160','',2,'2017-09-14 20:16:28','2017-09-15 11:16:28'),(381,100248,'游客100248',1000,0,'192.168.0.132','13724894160','',2,'2017-09-14 20:17:33','2017-09-15 11:17:32'),(382,100248,'游客100248',1000,0,'192.168.0.132','13724894160','',2,'2017-09-14 20:18:09','2017-09-15 11:17:32'),(383,100247,'游客100247',6680,13,'192.168.0.106','13724894160','',2,'2017-09-14 20:18:10','2017-09-15 11:16:28'),(384,100244,'玩家:100244',1000,0,'192.168.0.111','13724894160','',2,'2017-09-14 20:19:08','2017-09-15 10:50:10'),(385,100244,'玩家:100244',1000,0,'192.168.0.111','13724894160','',2,'2017-09-14 20:19:58','2017-09-15 10:50:10'),(386,100244,'玩家:100244',1000,0,'192.168.0.111','13724894160','',2,'2017-09-14 20:20:23','2017-09-15 10:50:10'),(387,100244,'玩家:100244',990,0,'192.168.0.111','13724894160','',2,'2017-09-14 20:25:12','2017-09-15 10:50:10'),(388,100244,'玩家:100244',990,0,'192.168.0.111','13724894160','',2,'2017-09-14 20:27:31','2017-09-15 10:50:10'),(389,100244,'玩家:100244',990,0,'192.168.0.111','13724894160','',2,'2017-09-14 20:30:49','2017-09-15 10:50:10'),(390,100249,'玩家:100249',1000,0,'192.168.0.147','13724894160','',2,'2017-09-14 20:31:12','2017-09-15 11:31:11'),(391,100244,'玩家:100244',990,0,'192.168.0.111','13724894160','',2,'2017-09-14 20:31:45','2017-09-15 10:50:10'),(392,100244,'玩家:100244',990,0,'192.168.0.111','13724894160','',2,'2017-09-14 20:32:21','2017-09-15 10:50:10'),(393,100060,'玩家:100060',65184690,440,'192.168.0.138','13724894160','',2,'2017-09-14 20:32:41','2017-09-12 15:26:27'),(394,100060,'玩家:100060',65184690,440,'192.168.0.138','13724894160','',2,'2017-09-14 20:32:43','2017-09-12 15:26:27'),(395,100060,'玩家:100060',65184690,440,'192.168.0.138','13724894160','',2,'2017-09-14 20:33:35','2017-09-12 15:26:27'),(396,100060,'玩家:100060',65184690,440,'192.168.0.138','13724894160','',2,'2017-09-14 20:33:50','2017-09-12 15:26:27'),(397,100204,'玩家:100204',38020,192,'192.168.0.149','13724894160','',2,'2017-09-14 20:33:54','2017-09-14 10:13:09'),(398,100060,'玩家:100060',65184690,440,'192.168.0.138','13724894160','',2,'2017-09-14 20:34:00','2017-09-12 15:26:27'),(399,100244,'玩家:100244',990,0,'192.168.0.111','13724894160','',2,'2017-09-14 20:34:02','2017-09-15 10:50:10'),(400,100244,'玩家:100244',1000,6,'192.168.0.111','13724894160','',2,'2017-09-14 20:35:10','2017-09-15 10:50:10'),(401,100249,'玩家:100249',1000,0,'192.168.0.147','13724894160','',2,'2017-09-14 20:37:37','2017-09-15 11:31:11'),(402,100249,'玩家:100249',1000,0,'192.168.0.147','13724894160','',2,'2017-09-14 20:38:07','2017-09-15 11:31:11'),(403,100249,'玩家:100249',1000,0,'192.168.0.147','13724894160','',2,'2017-09-14 20:38:52','2017-09-15 11:31:11'),(404,100244,'玩家:100244',990,6,'192.168.0.111','13724894160','',2,'2017-09-14 20:41:03','2017-09-15 10:50:10'),(405,100250,'玩家:100250',1000,0,'192.168.0.111','13724894160','',2,'2017-09-14 20:41:44','2017-09-15 11:41:44'),(406,100250,'玩家:100250',1000,0,'192.168.0.111','13724894160','',2,'2017-09-14 21:00:03','2017-09-15 11:41:44'),(407,100251,'玩家:100251',1000,0,'192.168.0.111','13724894160','',2,'2017-09-14 21:00:56','2017-09-15 12:00:55'),(408,100251,'玩家:100251',1000,0,'192.168.0.111','13724894160','',2,'2017-09-14 21:02:39','2017-09-15 12:00:55'),(409,100252,'玩家:100252',1000,0,'192.168.0.111','13724894160','',2,'2017-09-14 21:03:05','2017-09-15 12:03:05'),(410,100253,'玩家:100253',1000,0,'192.168.0.111','13724894160','',2,'2017-09-14 21:04:57','2017-09-15 12:04:56'),(411,100253,'玩家:100253',1000,0,'192.168.0.111','13724894160','',2,'2017-09-14 21:10:42','2017-09-15 12:04:56'),(412,100254,'玩家:100254',1000,0,'192.168.0.111','13724894160','',2,'2017-09-14 21:11:29','2017-09-15 12:11:28'),(413,100254,'玩家:100254',1000,0,'192.168.0.111','13724894160','',2,'2017-09-14 21:15:35','2017-09-15 12:11:28'),(414,100254,'玩家:100254',1000,5,'192.168.0.111','13724894160','',2,'2017-09-14 21:16:04','2017-09-15 12:11:28'),(415,100060,'玩家:100060',65184690,440,'192.168.0.138','13724894160','',2,'2017-09-14 21:16:06','2017-09-12 15:26:27'),(416,100254,'玩家:100254',3980,5,'192.168.0.111','13724894160','',2,'2017-09-14 21:17:12','2017-09-15 12:11:28'),(417,100254,'玩家:100254',3960,5,'192.168.0.111','13724894160','',2,'2017-09-14 21:17:39','2017-09-15 12:11:28'),(418,100060,'玩家:100060',65205910,490,'192.168.0.138','13724894160','',2,'2017-09-14 21:17:43','2017-09-12 15:26:27'),(419,100254,'玩家:100254',3950,5,'192.168.0.111','13724894160','',2,'2017-09-14 21:18:08','2017-09-15 12:11:28'),(420,100254,'玩家:100254',9430,15,'192.168.0.111','13724894160','',2,'2017-09-14 21:19:08','2017-09-15 12:11:28'),(421,100249,'玩家:100249',2181320,210,'192.168.0.147','13724894160','',2,'2017-09-14 21:19:14','2017-09-15 11:31:11'),(422,100249,'玩家:100249',2181390,210,'192.168.0.147','13724894160','',2,'2017-09-14 21:19:38','2017-09-15 11:31:11'),(423,100060,'玩家:100060',65240420,490,'192.168.0.138','13724894160','',2,'2017-09-14 21:20:37','2017-09-12 15:26:27'),(424,100060,'玩家:100060',65240030,490,'192.168.0.138','13724894160','',2,'2017-09-14 21:21:26','2017-09-12 15:26:27'),(425,100254,'玩家:100254',10160,23,'192.168.0.111','13724894160','',2,'2017-09-14 21:22:35','2017-09-15 12:11:28'),(426,100060,'玩家:100060',65240030,490,'192.168.0.138','13724894160','',2,'2017-09-14 21:22:58','2017-09-12 15:26:27'),(427,100249,'玩家:100249',2181870,210,'192.168.0.147','13724894160','',2,'2017-09-14 21:23:06','2017-09-15 11:31:11'),(428,100255,'游客100255',1000,0,'192.168.0.138','13724894160','',2,'2017-09-14 21:23:13','2017-09-15 12:23:13'),(429,100254,'玩家:100254',13430,23,'192.168.0.111','13724894160','',2,'2017-09-14 21:24:20','2017-09-15 12:11:28'),(430,100256,'游客100256',1000,0,'192.168.0.138','13724894160','',2,'2017-09-14 21:25:01','2017-09-15 12:25:01'),(431,100254,'玩家:100254',31640,33,'192.168.0.111','13724894160','',2,'2017-09-14 21:26:34','2017-09-15 12:11:28'),(432,100254,'玩家:100254',2126330,161,'192.168.0.111','13724894160','',2,'2017-09-14 21:28:57','2017-09-15 12:11:28'),(433,100254,'玩家:100254',2134310,176,'192.168.0.111','13724894160','',2,'2017-09-14 21:29:52','2017-09-15 12:11:28'),(434,100254,'玩家:100254',2153840,212,'192.168.0.111','13724894160','',2,'2017-09-14 21:32:20','2017-09-15 12:11:28'),(435,100254,'玩家:100254',2153840,212,'192.168.0.111','13724894160','',2,'2017-09-14 21:33:21','2017-09-15 12:11:28'),(436,100254,'玩家:100254',2153840,212,'192.168.0.111','13724894160','',2,'2017-09-14 21:34:05','2017-09-15 12:11:28'),(437,100254,'玩家:100254',2153840,212,'192.168.0.111','13724894160','',2,'2017-09-14 23:02:35','2017-09-15 12:11:28'),(438,100254,'玩家:100254',2153910,212,'192.168.0.111','13724894160','',2,'2017-09-14 23:03:44','2017-09-15 12:11:28'),(439,100254,'玩家:100254',2153910,212,'192.168.0.111','13724894160','',2,'2017-09-14 23:04:21','2017-09-15 12:11:28'),(440,100254,'玩家:100254',2153910,212,'192.168.0.111','13724894160','',2,'2017-09-14 23:05:16','2017-09-15 12:11:28'),(441,100254,'玩家:100254',2153900,212,'192.168.0.111','13724894160','',2,'2017-09-14 23:06:19','2017-09-15 12:11:28'),(442,100254,'玩家:100254',2153900,212,'192.168.0.111','13724894160','',2,'2017-09-14 23:07:12','2017-09-15 12:11:28'),(443,100254,'玩家:100254',2153910,212,'192.168.0.111','13724894160','',2,'2017-09-14 23:07:43','2017-09-15 12:11:28'),(444,100254,'玩家:100254',2153910,212,'192.168.0.111','13724894160','',2,'2017-09-14 23:09:44','2017-09-15 12:11:28'),(445,100060,'玩家:100060',65240030,490,'192.168.0.138','13724894160','',2,'2017-09-14 23:17:06','2017-09-12 15:26:27'),(446,100060,'玩家:100060',65240030,490,'192.168.0.138','13724894160','',2,'2017-09-14 23:24:50','2017-09-12 15:26:27'),(447,100254,'玩家:100254',2160440,212,'192.168.0.111','13724894160','',2,'2017-09-14 23:26:17','2017-09-15 12:11:28'),(448,100254,'玩家:100254',2160200,212,'192.168.0.111','13724894160','',2,'2017-09-14 23:27:03','2017-09-15 12:11:28'),(449,100257,'玩家:100257',1000,0,'192.168.0.111','13724894160','',2,'2017-09-14 23:27:36','2017-09-15 14:27:36'),(450,100257,'玩家:100257',4140,8,'192.168.0.111','13724894160','',2,'2017-09-14 23:29:37','2017-09-15 14:27:36'),(451,100257,'玩家:100257',7000,18,'192.168.0.111','13724894160','',2,'2017-09-14 23:32:05','2017-09-15 14:27:36'),(452,100257,'玩家:100257',10000,18,'192.168.0.111','13724894160','',2,'2017-09-14 23:32:57','2017-09-15 14:27:36'),(453,100257,'玩家:100257',10550,18,'192.168.0.111','13724894160','',2,'2017-09-14 23:33:45','2017-09-15 14:27:36'),(454,100257,'玩家:100257',19140,28,'192.168.0.111','13724894160','',2,'2017-09-14 23:35:22','2017-09-15 14:27:36'),(455,100258,'玩家:100258',1000,0,'192.168.0.111','13724894160','',2,'2017-09-14 23:36:46','2017-09-15 14:36:46'),(456,100258,'玩家:100258',9160,25,'192.168.0.111','13724894160','',2,'2017-09-14 23:38:40','2017-09-15 14:36:46'),(457,100259,'游客100259',1000,0,'192.168.0.132','13724894160','',2,'2017-09-14 23:44:15','2017-09-15 14:44:15'),(458,100060,'玩家:100060',65240030,490,'192.168.0.138','13724894160','',2,'2017-09-14 23:48:48','2017-09-12 15:26:27'),(459,100060,'玩家:100060',65240030,490,'192.168.0.138','13724894160','',2,'2017-09-14 23:59:15','2017-09-12 15:26:27'),(460,100060,'玩家:100060',65240030,490,'192.168.0.138','13724894160','',2,'2017-09-14 23:59:23','2017-09-12 15:26:27'),(461,100060,'玩家:100060',65240030,490,'192.168.0.138','13724894160','',2,'2017-09-14 23:59:33','2017-09-12 15:26:27'),(462,100060,'玩家:100060',65240030,490,'192.168.0.138','13724894160','',2,'2017-09-15 00:01:40','2017-09-12 15:26:27'),(463,100060,'玩家:100060',65240030,490,'192.168.0.138','13724894160','',2,'2017-09-15 00:01:48','2017-09-12 15:26:27'),(464,100060,'玩家:100060',65240030,490,'192.168.0.138','13724894160','',2,'2017-09-15 00:03:29','2017-09-12 15:26:27'),(465,100258,'玩家:100258',12530,25,'192.168.0.111','13724894160','',2,'2017-09-15 00:07:20','2017-09-15 14:36:46'),(466,100258,'玩家:100258',19050,35,'192.168.0.111','13724894160','',2,'2017-09-15 00:08:36','2017-09-15 14:36:46'),(467,100258,'玩家:100258',19040,35,'192.168.0.111','13724894160','',2,'2017-09-15 00:13:46','2017-09-15 14:36:46'),(468,100258,'玩家:100258',23260,35,'192.168.0.111','13724894160','',2,'2017-09-15 00:15:08','2017-09-15 14:36:46'),(469,100258,'玩家:100258',23260,35,'192.168.0.111','13724894160','',2,'2017-09-15 00:16:13','2017-09-15 14:36:46'),(470,100258,'玩家:100258',23260,35,'192.168.0.111','13724894160','',2,'2017-09-15 00:17:36','2017-09-15 14:36:46'),(471,100258,'玩家:100258',29230,35,'192.168.0.111','13724894160','',2,'2017-09-15 00:19:14','2017-09-15 14:36:46'),(472,100258,'玩家:100258',29220,35,'192.168.0.111','13724894160','',2,'2017-09-15 00:24:26','2017-09-15 14:36:46'),(473,100260,'游客100260',1000,0,'192.168.0.132','13724894160','',2,'2017-09-15 00:28:41','2017-09-15 15:28:41'),(474,100258,'玩家:100258',29220,35,'192.168.0.111','13724894160','',2,'2017-09-15 00:29:37','2017-09-15 14:36:46'),(475,100258,'玩家:100258',29220,35,'192.168.0.111','13724894160','',2,'2017-09-15 00:30:11','2017-09-15 14:36:46'),(476,100261,'游客100261',1000,0,'192.168.0.132','13724894160','',2,'2017-09-15 00:30:30','2017-09-15 15:30:30'),(477,100258,'玩家:100258',29210,35,'192.168.0.111','13724894160','',2,'2017-09-15 00:41:22','2017-09-15 14:36:46'),(478,100258,'玩家:100258',29210,35,'192.168.0.111','13724894160','',2,'2017-09-15 00:42:22','2017-09-15 14:36:46'),(479,100258,'玩家:100258',29210,35,'192.168.0.111','13724894160','',2,'2017-09-15 00:45:33','2017-09-15 14:36:46'),(480,100262,'玩家:100262',1000,0,'192.168.0.111','13724894160','',2,'2017-09-15 00:46:34','2017-09-15 15:46:33'),(481,100262,'玩家:100262',1000,0,'192.168.0.111','13724894160','',2,'2017-09-15 00:49:20','2017-09-15 15:46:33'),(482,100263,'玩家:100263',1000,0,'192.168.0.111','13724894160','',2,'2017-09-15 00:49:52','2017-09-15 15:49:51'),(483,100060,'玩家:100060',65240030,490,'192.168.0.138','13724894160','',2,'2017-09-15 00:56:03','2017-09-12 15:26:27'),(484,100060,'玩家:100060',65240030,490,'192.168.0.138','13724894160','',2,'2017-09-15 00:56:54','2017-09-12 15:26:27'),(485,100060,'玩家:100060',65240030,490,'192.168.0.138','13724894160','',2,'2017-09-15 00:57:10','2017-09-12 15:26:27'),(486,100264,'玩家:100264',1000,0,'192.168.0.111','13724894160','',2,'2017-09-15 01:03:49','2017-09-15 16:03:48'),(487,100204,'玩家:100204',38020,192,'192.168.0.149','13724894160','',2,'2017-09-15 01:06:00','2017-09-14 10:13:09'),(488,100265,'游客100265',1000,0,'192.168.0.106','13724894160','',2,'2017-09-15 01:06:35','2017-09-15 16:06:35'),(489,100266,'游客100266',1000,0,'192.168.0.106','13724894160','',2,'2017-09-15 01:09:35','2017-09-15 16:09:35'),(490,100267,'游客100267',1000,0,'192.168.0.106','13724894160','',2,'2017-09-15 01:11:54','2017-09-15 16:11:54'),(491,100268,'游客100268',1000,0,'192.168.0.106','13724894160','',2,'2017-09-15 01:12:52','2017-09-15 16:12:51'),(492,100060,'玩家:100060',65240030,490,'192.168.0.138','13724894160','',2,'2017-09-15 01:18:21','2017-09-12 15:26:27'),(493,100060,'玩家:100060',65240030,490,'192.168.0.138','13724894160','',2,'2017-09-15 01:18:38','2017-09-12 15:26:27'),(494,100269,'游客100269',1000,0,'192.168.0.138','13724894160','',2,'2017-09-15 01:18:45','2017-09-15 16:18:45'),(495,100270,'游客100270',1000,0,'192.168.0.106','13724894160','',2,'2017-09-15 01:26:57','2017-09-15 16:26:56'),(496,100204,'玩家:100204',47580,241,'192.168.0.149','13724894160','',2,'2017-09-15 01:39:33','2017-09-14 10:13:09'),(497,100264,'玩家:100264',1000,0,'192.168.0.111','13724894160','',2,'2017-09-15 01:40:23','2017-09-15 16:03:48'),(498,100264,'玩家:100264',1000,0,'192.168.0.111','13724894160','',2,'2017-09-15 01:40:29','2017-09-15 16:03:48'),(499,100060,'玩家:100060',65240030,490,'192.168.0.138','13724894160','',2,'2017-09-15 01:42:04','2017-09-12 15:26:27'),(500,100060,'玩家:100060',65240030,490,'192.168.0.138','13724894160','',2,'2017-09-15 01:42:55','2017-09-12 15:26:27'),(501,100060,'玩家:100060',65240030,490,'192.168.0.138','13724894160','',2,'2017-09-15 01:45:32','2017-09-12 15:26:27'),(502,100060,'玩家:100060',65240030,490,'192.168.0.138','13724894160','',2,'2017-09-15 01:46:01','2017-09-12 15:26:27'),(503,100060,'玩家:100060',65240030,490,'192.168.0.138','13724894160','',2,'2017-09-15 01:46:56','2017-09-12 15:26:27'),(504,100271,'玩家:100271',1000,0,'192.168.0.149','13724894160','',2,'2017-09-15 01:49:40','2017-09-15 16:49:39'),(505,100271,'玩家:100271',4870,8,'192.168.0.149','13724894160','',2,'2017-09-15 01:53:18','2017-09-15 16:49:39'),(506,100272,'游客100272',1000,0,'192.168.0.132','13724894160','',2,'2017-09-15 01:54:46','2017-09-15 16:54:46'),(507,100272,'游客100272',1000,0,'192.168.0.132','13724894160','',2,'2017-09-15 01:54:51','2017-09-15 16:54:46'),(508,100273,'玩家:100273',1000,0,'192.168.0.149','13724894160','',2,'2017-09-15 01:55:27','2017-09-15 16:55:27'),(509,100274,'玩家:100274',1000,0,'192.168.0.132','13724894160','',2,'2017-09-15 02:16:03','2017-09-15 17:16:03'),(510,100249,'玩家:100249',2181870,210,'192.168.0.147','13724894160','',2,'2017-09-15 02:23:47','2017-09-15 11:31:11'),(511,100275,'玩家:100275',1000,0,'192.168.0.147','13724894160','',2,'2017-09-15 02:25:49','2017-09-15 17:25:49'),(512,100264,'玩家:100264',1000,0,'192.168.0.111','13724894160','',2,'2017-09-15 02:26:06','2017-09-15 16:03:48'),(513,100276,'玩家:100276',1000,0,'192.168.0.147','13724894160','',2,'2017-09-15 02:27:43','2017-09-15 17:27:43'),(514,100060,'玩家:100060',65240030,490,'192.168.0.138','13724894160','',2,'2017-09-15 02:27:46','2017-09-12 15:26:27'),(515,100277,'游客100277',1000,0,'192.168.0.106','13724894160','',2,'2017-09-15 02:27:53','2017-09-15 17:27:52'),(516,100060,'玩家:100060',65240030,490,'192.168.0.138','13724894160','',2,'2017-09-15 02:28:15','2017-09-12 15:26:27'),(517,100278,'游客100278',1000,0,'192.168.0.106','13724894160','',2,'2017-09-15 02:28:28','2017-09-15 17:28:27'),(518,100276,'玩家:100276',2021120,205,'192.168.0.147','13724894160','',2,'2017-09-15 02:29:00','2017-09-15 17:27:43'),(519,100060,'玩家:100060',65239940,490,'192.168.0.138','13724894160','',2,'2017-09-15 02:30:19','2017-09-12 15:26:27'),(520,100264,'玩家:100264',1000,0,'192.168.0.111','13724894160','',2,'2017-09-15 02:31:22','2017-09-15 16:03:48'),(521,100279,'玩家:100279',1000,0,'192.168.0.147','13724894160','',2,'2017-09-15 02:31:50','2017-09-15 17:31:50'),(522,100060,'玩家:100060',65239940,490,'192.168.0.138','13724894160','',2,'2017-09-15 02:34:19','2017-09-12 15:26:27'),(523,100280,'玩家:100280',1000,0,'192.168.0.147','13724894160','',2,'2017-09-15 02:35:04','2017-09-15 17:35:04'),(524,100281,'游客100281',1000,0,'192.168.0.138','13724894160','',2,'2017-09-15 02:35:38','2017-09-15 17:35:38'),(525,100264,'玩家:100264',1000,0,'192.168.0.111','13724894160','',2,'2017-09-15 02:35:50','2017-09-15 16:03:48'),(526,100274,'玩家:100274',642450,13,'192.168.0.132','13724894160','',2,'2017-09-15 02:36:45','2017-09-15 17:16:03'),(527,100282,'玩家:100282',1000,0,'192.168.0.149','13724894160','',2,'2017-09-15 02:37:27','2017-09-15 17:37:27'),(528,100280,'玩家:100280',47170,217,'192.168.0.147','13724894160','',2,'2017-09-15 02:39:03','2017-09-15 17:35:04'),(529,100060,'玩家:100060',67263590,512,'192.168.0.138','13724894160','',2,'2017-09-15 02:41:38','2017-09-12 15:26:27'),(530,100264,'玩家:100264',1000,0,'192.168.0.111','13724894160','',2,'2017-09-15 02:41:44','2017-09-15 16:03:48'),(531,100060,'玩家:100060',67263580,512,'192.168.0.138','13724894160','',2,'2017-09-15 02:42:19','2017-09-12 15:26:27'),(532,100283,'游客100283',1000,0,'192.168.0.106','13724894160','',2,'2017-09-15 02:42:27','2017-09-15 17:42:27'),(533,100284,'游客100284',1000,0,'192.168.0.106','13724894160','',2,'2017-09-15 02:42:43','2017-09-15 17:42:43'),(534,100285,'玩家:100285',1000,0,'192.168.0.147','13724894160','',2,'2017-09-15 02:44:27','2017-09-15 17:44:27'),(535,100286,'游客100286',1000,0,'192.168.0.149','13724894160','',2,'2017-09-15 02:44:32','2017-09-15 17:44:32'),(536,100060,'玩家:100060',67263580,512,'192.168.0.138','13724894160','',2,'2017-09-15 02:49:28','2017-09-12 15:26:27'),(537,100287,'游客100287',1000,0,'192.168.0.149','13724894160','',2,'2017-09-15 02:53:01','2017-09-15 17:53:01'),(538,100288,'游客100288',1000,0,'192.168.0.106','13724894160','',2,'2017-09-15 02:53:41','2017-09-15 17:53:41'),(539,100273,'玩家:100273',123990,159,'192.168.0.149','13724894160','',2,'2017-09-15 02:59:32','2017-09-15 16:55:27'),(540,100060,'玩家:100060',67263580,512,'192.168.0.138','13724894160','',2,'2017-09-15 02:59:56','2017-09-12 15:26:27'),(541,100264,'玩家:100264',1000,0,'192.168.0.111','13724894160','',2,'2017-09-15 03:01:49','2017-09-15 16:03:48'),(542,100264,'玩家:100264',1000,0,'192.168.0.111','13724894160','',2,'2017-09-15 03:02:59','2017-09-15 16:03:48'),(543,100264,'玩家:100264',1000,0,'192.168.0.111','13724894160','',2,'2017-09-15 03:03:33','2017-09-15 16:03:48'),(544,100289,'游客100289',1000,0,'192.168.0.149','13724894160','',2,'2017-09-15 03:03:54','2017-09-15 18:03:53'),(545,100060,'玩家:100060',67263580,512,'192.168.0.138','13724894160','',2,'2017-09-15 03:03:55','2017-09-12 15:26:27'),(546,100264,'玩家:100264',1000,0,'192.168.0.111','13724894160','',2,'2017-09-15 03:04:15','2017-09-15 16:03:48'),(547,100264,'玩家:100264',1000,0,'192.168.0.111','13724894160','',2,'2017-09-15 03:04:44','2017-09-15 16:03:48'),(548,100060,'玩家:100060',67263580,512,'192.168.0.138','13724894160','',2,'2017-09-15 03:04:48','2017-09-12 15:26:27'),(549,100060,'玩家:100060',67263580,512,'192.168.0.138','13724894160','',2,'2017-09-15 03:05:02','2017-09-12 15:26:27'),(550,100264,'玩家:100264',1000,0,'192.168.0.111','13724894160','',2,'2017-09-15 03:05:17','2017-09-15 16:03:48'),(551,100060,'玩家:100060',67263580,512,'192.168.0.138','13724894160','',2,'2017-09-15 03:05:51','2017-09-12 15:26:27'),(552,100264,'玩家:100264',1000,0,'192.168.0.111','13724894160','',2,'2017-09-15 03:05:52','2017-09-15 16:03:48'),(553,100264,'玩家:100264',1000,0,'192.168.0.111','13724894160','',2,'2017-09-15 03:06:26','2017-09-15 16:03:48'),(554,100264,'玩家:100264',1000,0,'192.168.0.111','13724894160','',2,'2017-09-15 03:08:48','2017-09-15 16:03:48'),(555,100290,'游客100290',1000,0,'192.168.0.106','13724894160','',2,'2017-09-15 03:14:43','2017-09-15 18:14:43'),(556,100264,'玩家:100264',6570,5,'192.168.0.111','13724894160','',2,'2017-09-15 03:18:44','2017-09-15 16:03:48'),(557,100264,'玩家:100264',6570,5,'192.168.0.111','13724894160','',2,'2017-09-15 03:19:20','2017-09-15 16:03:48'),(558,100291,'玩家:100291',1000,0,'192.168.0.111','13724894160','',2,'2017-09-15 03:26:56','2017-09-15 18:26:56'),(559,100291,'玩家:100291',1000,0,'192.168.0.111','13724894160','',2,'2017-09-15 03:33:08','2017-09-15 18:26:56'),(560,100292,'游客100292',1000,0,'192.168.0.106','13724894160','',2,'2017-09-15 03:35:25','2017-09-15 18:35:25'),(561,100293,'玩家:100293',1000,0,'192.168.0.111','13724894160','',2,'2017-09-15 03:37:19','2017-09-15 18:37:19'),(562,100293,'玩家:100293',1000,0,'192.168.0.111','13724894160','',2,'2017-09-15 03:38:35','2017-09-15 18:37:19'),(563,100294,'玩家:100294',1000,0,'192.168.0.111','13724894160','',2,'2017-09-15 03:39:08','2017-09-15 18:39:08'),(564,100294,'玩家:100294',1000,0,'192.168.0.111','13724894160','',2,'2017-09-15 03:39:56','2017-09-15 18:39:08'),(565,100295,'玩家:100295',1000,0,'192.168.0.111','13724894160','',2,'2017-09-15 03:40:34','2017-09-15 18:40:34'),(566,100295,'玩家:100295',1000,0,'192.168.0.111','13724894160','',2,'2017-09-15 03:42:26','2017-09-15 18:40:34'),(567,100296,'玩家:100296',1000,0,'192.168.0.111','13724894160','',2,'2017-09-15 03:42:58','2017-09-15 18:42:58'),(568,100297,'玩家:100297',1000,0,'192.168.0.111','13724894160','',2,'2017-09-15 03:44:02','2017-09-15 18:44:02'),(569,100298,'玩家:100298',1000,0,'192.168.0.111','13724894160','',2,'2017-09-15 03:45:00','2017-09-15 18:45:00'),(570,100282,'玩家:100282',25120,77,'192.168.0.149','13724894160','',2,'2017-09-15 03:45:24','2017-09-15 17:37:27'),(571,100299,'玩家:100299',1000,0,'192.168.0.111','13724894160','',2,'2017-09-15 03:46:07','2017-09-15 18:46:07'),(572,100282,'玩家:100282',25100,77,'192.168.0.149','13724894160','',2,'2017-09-15 03:46:19','2017-09-15 17:37:27'),(573,100300,'玩家:100300',1000,0,'192.168.0.111','13724894160','',2,'2017-09-15 03:47:30','2017-09-15 18:47:29'),(574,100301,'玩家:100301',1000,0,'192.168.0.111','13724894160','',2,'2017-09-15 03:50:13','2017-09-15 18:50:13'),(575,100302,'玩家:100302',1000,0,'192.168.0.111','13724894160','',2,'2017-09-15 03:51:13','2017-09-15 18:51:13'),(576,100302,'玩家:100302',1000,0,'192.168.0.111','13724894160','',2,'2017-09-15 03:54:26','2017-09-15 18:51:13'),(577,100302,'玩家:100302',1000,0,'192.168.0.111','13724894160','',2,'2017-09-15 04:00:49','2017-09-15 18:51:13'),(578,100282,'玩家:100282',34070,27,'192.168.0.149','13724894160','',2,'2017-09-15 04:00:59','2017-09-15 17:37:27'),(579,100303,'游客100303',1000,0,'192.168.0.106','13724894160','',2,'2017-09-15 04:02:14','2017-09-15 19:02:13'),(580,100282,'玩家:100282',33900,27,'192.168.0.149','13724894160','',2,'2017-09-15 04:04:31','2017-09-15 17:37:27'),(581,100282,'玩家:100282',41410,37,'192.168.0.149','13724894160','',2,'2017-09-15 04:09:50','2017-09-15 17:37:27');

/*Table structure for table `jy_users_order_goods` */

DROP TABLE IF EXISTS `jy_users_order_goods`;

CREATE TABLE `jy_users_order_goods` (
  `Id` int(11) unsigned NOT NULL AUTO_INCREMENT COMMENT '订单物品',
  `playerid` bigint(20) unsigned NOT NULL COMMENT '用户ID',
  `PlatformOrder` varchar(30) NOT NULL COMMENT '订单号',
  `GoodsName` varchar(50) NOT NULL COMMENT '物品名',
  `GoodsCode` varchar(50) NOT NULL COMMENT '物品编码',
  `GetNum` int(1) unsigned NOT NULL COMMENT '物品数量',
  `Proportion` int(4) unsigned NOT NULL DEFAULT '0' COMMENT '首冲赠送比例',
  `GoodsID` int(11) unsigned NOT NULL COMMENT '物品ID',
  `Price` int(11) unsigned NOT NULL COMMENT '价格',
  `IsGive` tinyint(1) NOT NULL DEFAULT '1' COMMENT '是否赠送 1-否 2-是',
  `Number` int(4) NOT NULL DEFAULT '1' COMMENT '数量',
  `Type` tinyint(1) unsigned NOT NULL DEFAULT '1' COMMENT '物品类型',
  `DateTime` timestamp NOT NULL DEFAULT CURRENT_TIMESTAMP COMMENT '创建时间',
  PRIMARY KEY (`Id`),
  KEY `GoodsId` (`GoodsID`),
  KEY `Order` (`PlatformOrder`,`playerid`)
) ENGINE=InnoDB AUTO_INCREMENT=465 DEFAULT CHARSET=utf8;

/*Data for the table `jy_users_order_goods` */

insert  into `jy_users_order_goods`(`Id`,`playerid`,`PlatformOrder`,`GoodsName`,`GoodsCode`,`GetNum`,`Proportion`,`GoodsID`,`Price`,`IsGive`,`Number`,`Type`,`DateTime`) values (1,100200,'JYHD2017090552100100','60000金币','60000',60000,100,8,6,1,1,1,'2017-09-06 01:10:48'),(2,100200,'JYHD2017090651514853','60000金币','60000',60000,0,8,6,1,1,1,'2017-09-06 01:19:15'),(3,100200,'JYHD2017090799574998','60000金币','60000',60000,0,8,6,1,1,1,'2017-09-07 02:15:15'),(4,100166,'JYHD2017090751575550','60000金币','60000',60000,100,8,6,1,1,1,'2017-09-07 02:41:56'),(5,100166,'JYHD2017090757100534','60000金币','60000',60000,0,8,6,1,1,1,'2017-09-07 02:42:34'),(6,100166,'JYHD2017090752524997','60000金币','60000',60000,0,8,6,1,1,1,'2017-09-07 02:44:36'),(7,100166,'JYHD2017090710048509','60000金币','60000',60000,0,8,6,1,1,1,'2017-09-07 02:49:49'),(8,100166,'JYHD2017090757519954','60000金币','60000',60000,0,8,6,1,1,1,'2017-09-07 02:52:09'),(9,100166,'JYHD2017090750505649','60000金币','60000',60000,0,8,6,1,1,1,'2017-09-07 03:04:02'),(10,100166,'JYHD2017090749499853','60000金币','60000',60000,0,8,6,1,1,1,'2017-09-07 03:06:57'),(11,100166,'JYHD2017090751102495','60000金币','60000',60000,0,8,6,1,1,1,'2017-09-07 03:08:04'),(12,100166,'JYHD2017090748101551','60000金币','60000',60000,0,8,6,1,1,1,'2017-09-07 03:09:05'),(13,100166,'JYHD2017090750491015','60000金币','60000',60000,0,8,6,1,1,1,'2017-09-07 03:10:26'),(14,100166,'JYHD2017090753525053','60000金币','60000',60000,0,8,6,1,1,1,'2017-09-07 03:10:29'),(15,100166,'JYHD2017090748535249','300钻石','300',300,100,15,30,1,1,2,'2017-09-07 03:10:40'),(16,100166,'JYHD2017090797100575','首冲礼包','1002',1,0,24,6,1,1,1,'2017-09-07 03:11:23'),(17,100166,'JYHD2017090797100575','3280钻石','3280',3280,0,20,0,2,10,2,'2017-09-07 03:11:23'),(18,100166,'JYHD2017090797100575','6480钻石','6480',6480,0,23,0,2,666666,2,'2017-09-07 03:11:23'),(19,100109,'JYHD2017090798985057','168万金币','1680000',1680000,100,11,168,1,1,1,'2017-09-07 04:27:08'),(20,100166,'JYHD2017090752995710','60000金币','60000',60000,0,8,6,1,1,1,'2017-09-07 05:13:57'),(21,100166,'JYHD2017090749545510','月卡','2312',1,0,25,30,1,1,0,'2017-09-07 05:14:09'),(22,100166,'JYHD2017090749545510','自动发炮','1004',1,0,18,0,2,1,0,'2017-09-07 05:14:09'),(23,100166,'JYHD2017090749545510','捕渔券概率提升','1005',1,0,19,0,2,1,0,'2017-09-07 05:14:09'),(24,100166,'JYHD2017090749545510','锁定*8/天','2',8,0,26,0,2,8,3,'2017-09-07 05:14:09'),(25,100166,'JYHD2017090749545510','冰冻*3/天','1',3,0,27,0,2,3,3,'2017-09-07 05:14:09'),(26,100166,'JYHD2017090749545510','50000金币/天','50000',50000,0,36,0,2,1,1,'2017-09-07 05:14:09'),(27,100166,'JYHD2017090749545510','30钻石/天','30',30,0,37,0,2,1,2,'2017-09-07 05:14:09'),(28,100167,'JYHD2017090749531005','60000金币','60000',60000,0,8,6,1,1,1,'2017-09-07 05:14:59'),(29,100165,'JYHD2017090710249505','月卡','2312',1,0,25,30,1,1,0,'2017-09-07 05:15:11'),(30,100165,'JYHD2017090710249505','自动发炮','1004',1,0,18,0,2,1,0,'2017-09-07 05:15:11'),(31,100165,'JYHD2017090710249505','捕渔券概率提升','1005',1,0,19,0,2,1,0,'2017-09-07 05:15:11'),(32,100165,'JYHD2017090710249505','锁定*8/天','2',8,0,26,0,2,8,3,'2017-09-07 05:15:11'),(33,100165,'JYHD2017090710249505','冰冻*3/天','1',3,0,27,0,2,3,3,'2017-09-07 05:15:11'),(34,100165,'JYHD2017090710249505','50000金币/天','50000',50000,0,36,0,2,1,1,'2017-09-07 05:15:11'),(35,100165,'JYHD2017090710249505','30钻石/天','30',30,0,37,0,2,1,2,'2017-09-07 05:15:11'),(36,100167,'JYHD2017091110050545','60000金币','60000',60000,0,8,6,1,1,1,'2017-09-10 20:47:09'),(37,100165,'JYHD2017091153501029','60000金币','60000',60000,100,8,6,1,1,1,'2017-09-11 00:36:53'),(38,100165,'JYHD2017091152485656','30万金币','300000',300000,100,9,30,1,1,1,'2017-09-11 00:37:08'),(39,100165,'JYHD2017091110152519','60000金币','60000',60000,0,8,6,1,1,1,'2017-09-11 00:37:18'),(40,100164,'JYHD2017091157525010','月卡','2312',1,0,25,30,1,1,0,'2017-09-11 02:55:37'),(41,100164,'JYHD2017091157525010','自动发炮','1004',1,0,18,0,2,1,0,'2017-09-11 02:55:37'),(42,100164,'JYHD2017091157525010','捕渔券概率提升','1005',1,0,19,0,2,1,0,'2017-09-11 02:55:37'),(43,100164,'JYHD2017091157525010','锁定*8/天','2',1,0,26,0,2,8,3,'2017-09-11 02:55:37'),(44,100164,'JYHD2017091157525010','冰冻*3/天','1',1,0,27,0,2,3,3,'2017-09-11 02:55:37'),(45,100164,'JYHD2017091157525010','50000金币/天','50000',50000,0,36,0,2,1,1,'2017-09-11 02:55:37'),(46,100164,'JYHD2017091157525010','30钻石/天','30',30,0,37,0,2,1,2,'2017-09-11 02:55:37'),(47,100333,'JYHD2017091152485056','30万金币','300000',300000,100,9,30,1,1,1,'2017-09-11 04:18:28'),(48,100344,'JYHD2017091110157494','648万金币','6480000',6480000,100,13,648,1,1,1,'2017-09-11 05:02:22'),(49,100163,'JYHD2017091199574851','月卡','2312',1,0,25,30,1,1,0,'2017-09-11 05:06:04'),(50,100163,'JYHD2017091199574851','自动发炮','1004',1,0,18,0,2,1,0,'2017-09-11 05:06:04'),(51,100163,'JYHD2017091199574851','捕渔券概率提升','1005',1,0,19,0,2,1,0,'2017-09-11 05:06:04'),(52,100163,'JYHD2017091199574851','锁定*8/天','2',1,0,26,0,2,8,3,'2017-09-11 05:06:04'),(53,100163,'JYHD2017091199574851','冰冻*3/天','1',1,0,27,0,2,3,3,'2017-09-11 05:06:04'),(54,100163,'JYHD2017091199574851','50000金币/天','50000',50000,0,36,0,2,1,1,'2017-09-11 05:06:04'),(55,100163,'JYHD2017091199574851','30钻石/天','30',30,0,37,0,2,1,2,'2017-09-11 05:06:04'),(56,100347,'JYHD2017091110155575','月卡','2312',1,0,25,30,1,1,0,'2017-09-11 05:09:18'),(57,100347,'JYHD2017091110155575','自动发炮','1004',1,0,18,0,2,1,0,'2017-09-11 05:09:18'),(58,100347,'JYHD2017091110155575','捕渔券概率提升','1005',1,0,19,0,2,1,0,'2017-09-11 05:09:18'),(59,100347,'JYHD2017091110155575','锁定*8/天','2',1,0,26,0,2,8,3,'2017-09-11 05:09:18'),(60,100347,'JYHD2017091110155575','冰冻*3/天','1',1,0,27,0,2,3,3,'2017-09-11 05:09:18'),(61,100347,'JYHD2017091110155575','50000金币/天','50000',50000,0,36,0,2,1,1,'2017-09-11 05:09:18'),(62,100347,'JYHD2017091110155575','30钻石/天','30',30,0,37,0,2,1,2,'2017-09-11 05:09:18'),(63,100348,'JYHD2017091155515010','月卡','2312',1,0,25,30,1,1,0,'2017-09-11 05:10:15'),(64,100348,'JYHD2017091155515010','自动发炮','1004',1,0,18,0,2,1,0,'2017-09-11 05:10:15'),(65,100348,'JYHD2017091155515010','捕渔券概率提升','1005',1,0,19,0,2,1,0,'2017-09-11 05:10:15'),(66,100348,'JYHD2017091155515010','锁定*8/天','2',1,0,26,0,2,8,3,'2017-09-11 05:10:15'),(67,100348,'JYHD2017091155515010','冰冻*3/天','1',1,0,27,0,2,3,3,'2017-09-11 05:10:15'),(68,100348,'JYHD2017091155515010','50000金币/天','50000',50000,0,36,0,2,1,1,'2017-09-11 05:10:15'),(69,100348,'JYHD2017091155515010','30钻石/天','30',30,0,37,0,2,1,2,'2017-09-11 05:10:15'),(70,100349,'JYHD2017091153495199','月卡','2312',1,0,25,30,1,1,0,'2017-09-11 05:10:45'),(71,100349,'JYHD2017091153495199','自动发炮','1004',1,0,18,0,2,1,0,'2017-09-11 05:10:45'),(72,100349,'JYHD2017091153495199','捕渔券概率提升','1005',1,0,19,0,2,1,0,'2017-09-11 05:10:45'),(73,100349,'JYHD2017091153495199','锁定*8/天','2',1,0,26,0,2,8,3,'2017-09-11 05:10:45'),(74,100349,'JYHD2017091153495199','冰冻*3/天','1',1,0,27,0,2,3,3,'2017-09-11 05:10:45'),(75,100349,'JYHD2017091153495199','50000金币/天','50000',50000,0,36,0,2,1,1,'2017-09-11 05:10:45'),(76,100349,'JYHD2017091153495199','30钻石/天','30',30,0,37,0,2,1,2,'2017-09-11 05:10:45'),(77,100350,'JYHD2017091198101555','月卡','2312',1,0,25,30,1,1,0,'2017-09-11 05:13:32'),(78,100350,'JYHD2017091198101555','自动发炮','1004',1,0,18,0,2,1,0,'2017-09-11 05:13:32'),(79,100350,'JYHD2017091198101555','捕渔券概率提升','1005',1,0,19,0,2,1,0,'2017-09-11 05:13:32'),(80,100350,'JYHD2017091198101555','锁定*8/天','2',1,0,26,0,2,8,3,'2017-09-11 05:13:32'),(81,100350,'JYHD2017091198101555','冰冻*3/天','1',1,0,27,0,2,3,3,'2017-09-11 05:13:32'),(82,100350,'JYHD2017091198101555','50000金币/天','50000',50000,0,36,0,2,1,1,'2017-09-11 05:13:32'),(83,100350,'JYHD2017091198101555','30钻石/天','30',30,0,37,0,2,1,2,'2017-09-11 05:13:32'),(84,100355,'JYHD2017091197102481','月卡','2312',1,0,25,30,1,1,0,'2017-09-11 05:29:47'),(85,100355,'JYHD2017091197102481','自动发炮','1004',1,0,18,0,2,1,0,'2017-09-11 05:29:47'),(86,100355,'JYHD2017091197102481','捕渔券概率提升','1005',1,0,19,0,2,1,0,'2017-09-11 05:29:47'),(87,100355,'JYHD2017091197102481','锁定*8/天','2',1,0,26,0,2,8,3,'2017-09-11 05:29:47'),(88,100355,'JYHD2017091197102481','冰冻*3/天','1',1,0,27,0,2,3,3,'2017-09-11 05:29:47'),(89,100355,'JYHD2017091197102481','50000金币/天','50000',50000,0,36,0,2,1,1,'2017-09-11 05:29:47'),(90,100355,'JYHD2017091197102481','30钻石/天','30',30,0,37,0,2,1,2,'2017-09-11 05:29:47'),(91,100008,'JYHD2017091151499854','月卡','2312',1,0,25,30,1,1,0,'2017-09-11 05:50:27'),(92,100008,'JYHD2017091151499854','自动发炮','1004',1,0,18,0,2,1,0,'2017-09-11 05:50:27'),(93,100008,'JYHD2017091151499854','捕渔券概率提升','1005',1,0,19,0,2,1,0,'2017-09-11 05:50:27'),(94,100008,'JYHD2017091151499854','锁定*8/天','2',1,0,26,0,2,8,3,'2017-09-11 05:50:27'),(95,100008,'JYHD2017091151499854','冰冻*3/天','1',1,0,27,0,2,3,3,'2017-09-11 05:50:27'),(96,100008,'JYHD2017091151499854','50000金币/天','50000',50000,0,36,0,2,1,1,'2017-09-11 05:50:27'),(97,100008,'JYHD2017091151499854','30钻石/天','30',30,0,37,0,2,1,2,'2017-09-11 05:50:27'),(98,100009,'JYHD2017091148524851','月卡','2312',1,0,25,30,1,1,0,'2017-09-11 05:51:28'),(99,100009,'JYHD2017091148524851','自动发炮','1004',1,0,18,0,2,1,0,'2017-09-11 05:51:28'),(100,100009,'JYHD2017091148524851','捕渔券概率提升','1005',1,0,19,0,2,1,0,'2017-09-11 05:51:28'),(101,100009,'JYHD2017091148524851','锁定*8/天','2',1,0,26,0,2,8,3,'2017-09-11 05:51:28'),(102,100009,'JYHD2017091148524851','冰冻*3/天','1',1,0,27,0,2,3,3,'2017-09-11 05:51:28'),(103,100009,'JYHD2017091148524851','50000金币/天','50000',50000,0,36,0,2,1,1,'2017-09-11 05:51:28'),(104,100009,'JYHD2017091148524851','30钻石/天','30',30,0,37,0,2,1,2,'2017-09-11 05:51:28'),(105,100010,'JYHD2017091110010151','月卡','2312',1,0,25,30,1,1,0,'2017-09-11 05:52:46'),(106,100010,'JYHD2017091110010151','自动发炮','1004',1,0,18,0,2,1,0,'2017-09-11 05:52:46'),(107,100010,'JYHD2017091110010151','捕渔券概率提升','1005',1,0,19,0,2,1,0,'2017-09-11 05:52:46'),(108,100010,'JYHD2017091110010151','锁定*8/天','2',1,0,26,0,2,8,3,'2017-09-11 05:52:46'),(109,100010,'JYHD2017091110010151','冰冻*3/天','1',1,0,27,0,2,3,3,'2017-09-11 05:52:46'),(110,100010,'JYHD2017091110010151','50000金币/天','50000',50000,0,36,0,2,1,1,'2017-09-11 05:52:46'),(111,100010,'JYHD2017091110010151','30钻石/天','30',30,0,37,0,2,1,2,'2017-09-11 05:52:46'),(112,100012,'JYHD2017091110050539','月卡','2312',1,0,25,30,1,1,0,'2017-09-11 05:53:49'),(113,100012,'JYHD2017091110050539','自动发炮','1004',1,0,18,0,2,1,0,'2017-09-11 05:53:49'),(114,100012,'JYHD2017091110050539','捕渔券概率提升','1005',1,0,19,0,2,1,0,'2017-09-11 05:53:49'),(115,100012,'JYHD2017091110050539','锁定*8/天','2',1,0,26,0,2,8,3,'2017-09-11 05:53:49'),(116,100012,'JYHD2017091110050539','冰冻*3/天','1',1,0,27,0,2,3,3,'2017-09-11 05:53:49'),(117,100012,'JYHD2017091110050539','50000金币/天','50000',50000,0,36,0,2,1,1,'2017-09-11 05:53:49'),(118,100012,'JYHD2017091110050539','30钻石/天','30',30,0,37,0,2,1,2,'2017-09-11 05:53:49'),(119,100016,'JYHD2017091153565510','月卡','2312',1,0,25,30,1,1,0,'2017-09-11 05:55:33'),(120,100016,'JYHD2017091153565510','自动发炮','1004',1,0,18,0,2,1,0,'2017-09-11 05:55:33'),(121,100016,'JYHD2017091153565510','捕渔券概率提升','1005',1,0,19,0,2,1,0,'2017-09-11 05:55:33'),(122,100016,'JYHD2017091153565510','锁定*8/天','2',1,0,26,0,2,8,3,'2017-09-11 05:55:33'),(123,100016,'JYHD2017091153565510','冰冻*3/天','1',1,0,27,0,2,3,3,'2017-09-11 05:55:33'),(124,100016,'JYHD2017091153565510','50000金币/天','50000',50000,0,36,0,2,1,1,'2017-09-11 05:55:33'),(125,100016,'JYHD2017091153565510','30钻石/天','30',30,0,37,0,2,1,2,'2017-09-11 05:55:33'),(126,100018,'JYHD2017091199101995','月卡','2312',1,0,25,30,1,1,0,'2017-09-11 06:00:29'),(127,100018,'JYHD2017091199101995','自动发炮','1004',1,0,18,0,2,1,0,'2017-09-11 06:00:29'),(128,100018,'JYHD2017091199101995','捕渔券概率提升','1005',1,0,19,0,2,1,0,'2017-09-11 06:00:29'),(129,100018,'JYHD2017091199101995','锁定*8/天','2',1,0,26,0,2,8,3,'2017-09-11 06:00:29'),(130,100018,'JYHD2017091199101995','冰冻*3/天','1',1,0,27,0,2,3,3,'2017-09-11 06:00:29'),(131,100018,'JYHD2017091199101995','50000金币/天','50000',50000,0,36,0,2,1,1,'2017-09-11 06:00:29'),(132,100018,'JYHD2017091199101995','30钻石/天','30',30,0,37,0,2,1,2,'2017-09-11 06:00:29'),(133,100019,'JYHD2017091151501011','月卡','2312',1,0,25,30,1,1,0,'2017-09-11 06:01:07'),(134,100019,'JYHD2017091151501011','自动发炮','1004',1,0,18,0,2,1,0,'2017-09-11 06:01:07'),(135,100019,'JYHD2017091151501011','捕渔券概率提升','1005',1,0,19,0,2,1,0,'2017-09-11 06:01:07'),(136,100019,'JYHD2017091151501011','锁定*8/天','2',1,0,26,0,2,8,3,'2017-09-11 06:01:07'),(137,100019,'JYHD2017091151501011','冰冻*3/天','1',1,0,27,0,2,3,3,'2017-09-11 06:01:07'),(138,100019,'JYHD2017091151501011','50000金币/天','50000',50000,0,36,0,2,1,1,'2017-09-11 06:01:07'),(139,100019,'JYHD2017091151501011','30钻石/天','30',30,0,37,0,2,1,2,'2017-09-11 06:01:07'),(140,100046,'JYHD2017091249999910','680钻石','680',680,100,16,68,1,1,2,'2017-09-12 00:01:38'),(141,100048,'JYHD2017091257525456','680钻石','680',680,100,16,68,1,1,2,'2017-09-12 00:16:41'),(142,100058,'JYHD2017091249515610','680钻石','680',680,100,16,68,1,1,2,'2017-09-12 00:24:49'),(143,100061,'JYHD2017091210250539','680钻石','680',680,100,16,68,1,1,2,'2017-09-12 00:26:55'),(144,100065,'JYHD2017091210251102','680钻石','680',680,100,16,68,1,1,2,'2017-09-12 00:38:39'),(145,100070,'JYHD2017091210110098','680钻石','680',680,100,16,68,1,1,2,'2017-09-12 00:44:31'),(146,100069,'JYHD2017091298100494','60钻石','60',60,100,14,6,1,1,2,'2017-09-12 00:45:00'),(147,100069,'JYHD2017091210157509','680钻石','680',680,100,16,68,1,1,2,'2017-09-12 00:45:02'),(148,100076,'JYHD2017091298994952','680钻石','680',680,100,16,68,1,1,2,'2017-09-12 00:51:56'),(149,100087,'JYHD2017091256549998','680钻石','680',680,100,16,68,1,1,2,'2017-09-12 02:06:16'),(150,100099,'JYHD2017091299535549','648万金币','6480000',6480000,100,13,648,1,1,1,'2017-09-12 02:47:40'),(151,100104,'JYHD2017091210254994','680钻石','680',680,100,16,68,1,1,2,'2017-09-12 02:50:23'),(152,100107,'JYHD2017091255565698','680钻石','680',680,100,16,68,1,1,2,'2017-09-12 04:17:43'),(153,100107,'JYHD2017091250100995','68万金币','680000',680000,100,10,68,1,1,1,'2017-09-12 04:18:27'),(154,100116,'JYHD2017091253524850','680钻石','680',680,100,16,68,1,1,2,'2017-09-12 05:16:37'),(155,100120,'JYHD2017091250995757','1680钻石','1680',1680,100,17,168,1,1,2,'2017-09-12 05:24:19'),(156,100131,'JYHD2017091257515550','68万金币','680000',680000,100,10,68,1,1,1,'2017-09-12 05:58:17'),(157,100131,'JYHD2017091210054499','168万金币','1680000',1680000,100,11,168,1,1,1,'2017-09-12 05:58:21'),(158,100131,'JYHD2017091252505257','648万金币','6480000',6480000,100,13,648,1,1,1,'2017-09-12 05:58:44'),(159,100131,'JYHD2017091251511021','648万金币','6480000',6480000,0,13,648,1,1,1,'2017-09-12 05:58:59'),(160,100131,'JYHD2017091252991015','648万金币','6480000',6480000,0,13,648,1,1,1,'2017-09-12 05:59:01'),(161,100131,'JYHD2017091254555648','648万金币','6480000',6480000,0,13,648,1,1,1,'2017-09-12 05:59:02'),(162,100131,'JYHD2017091255985554','648万金币','6480000',6480000,0,13,648,1,1,1,'2017-09-12 05:59:03'),(163,100131,'JYHD2017091257485649','648万金币','6480000',6480000,0,13,648,1,1,1,'2017-09-12 05:59:05'),(164,100138,'JYHD2017091348985751','月卡','2312',1,0,25,30,1,1,0,'2017-09-12 19:01:21'),(165,100138,'JYHD2017091348985751','自动发炮','1004',1,0,18,0,2,1,0,'2017-09-12 19:01:21'),(166,100138,'JYHD2017091348985751','捕渔券概率提升','1005',1,0,19,0,2,1,0,'2017-09-12 19:01:21'),(167,100138,'JYHD2017091348985751','锁定*8/天','2',1,0,26,0,2,8,3,'2017-09-12 19:01:21'),(168,100138,'JYHD2017091348985751','冰冻*3/天','1',1,0,27,0,2,3,3,'2017-09-12 19:01:21'),(169,100138,'JYHD2017091348985751','50000金币/天','50000',50000,0,36,0,2,1,1,'2017-09-12 19:01:21'),(170,100138,'JYHD2017091348985751','30钻石/天','30',30,0,37,0,2,1,2,'2017-09-12 19:01:21'),(171,100060,'JYHD2017091356975150','月卡','2312',1,0,25,30,1,1,0,'2017-09-12 19:03:52'),(172,100060,'JYHD2017091356975150','自动发炮','1004',1,0,18,0,2,1,0,'2017-09-12 19:03:52'),(173,100060,'JYHD2017091356975150','捕渔券概率提升','1005',1,0,19,0,2,1,0,'2017-09-12 19:03:52'),(174,100060,'JYHD2017091356975150','锁定*8/天','2',1,0,26,0,2,8,3,'2017-09-12 19:03:52'),(175,100060,'JYHD2017091356975150','冰冻*3/天','1',1,0,27,0,2,3,3,'2017-09-12 19:03:52'),(176,100060,'JYHD2017091356975150','50000金币/天','50000',50000,0,36,0,2,1,1,'2017-09-12 19:03:52'),(177,100060,'JYHD2017091356975150','30钻石/天','30',30,0,37,0,2,1,2,'2017-09-12 19:03:52'),(178,100138,'JYHD2017091350999810','60000金币','60000',60000,100,8,0,1,1,1,'2017-09-12 19:31:15'),(179,100140,'JYHD2017091398100565','300钻石','300',300,100,15,30,1,1,2,'2017-09-12 19:33:00'),(180,100150,'JYHD2017091348574852','680钻石','680',680,100,16,68,1,1,2,'2017-09-13 00:24:49'),(181,100153,'JYHD2017091354505757','60钻石','60',60,100,14,6,1,1,2,'2017-09-13 00:31:50'),(182,100156,'JYHD2017091353501005','300钻石','300',300,100,15,30,1,1,2,'2017-09-13 00:57:25'),(183,100157,'JYHD2017091310099101','300钻石','300',300,100,15,30,1,1,2,'2017-09-13 01:04:14'),(184,100157,'JYHD2017091398555710','60000金币','60000',60000,100,8,0,1,1,1,'2017-09-13 01:10:35'),(185,100158,'JYHD2017091351565556','300钻石','300',300,100,15,30,1,1,2,'2017-09-13 01:13:55'),(186,100159,'JYHD2017091357554997','300钻石','300',300,100,15,30,1,1,2,'2017-09-13 01:26:01'),(187,100168,'JYHD2017091348529710','月卡','2312',1,0,25,30,1,1,0,'2017-09-13 02:16:00'),(188,100168,'JYHD2017091348529710','自动发炮','1004',1,0,18,0,2,1,0,'2017-09-13 02:16:00'),(189,100168,'JYHD2017091348529710','捕渔券概率提升','1005',1,0,19,0,2,1,0,'2017-09-13 02:16:00'),(190,100168,'JYHD2017091348529710','锁定*8/天','2',1,0,26,0,2,8,3,'2017-09-13 02:16:00'),(191,100168,'JYHD2017091348529710','冰冻*3/天','1',1,0,27,0,2,3,3,'2017-09-13 02:16:00'),(192,100168,'JYHD2017091348529710','50000金币/天','50000',50000,0,36,0,2,1,1,'2017-09-13 02:16:00'),(193,100168,'JYHD2017091348529710','30钻石/天','30',30,0,37,0,2,1,2,'2017-09-13 02:16:00'),(194,100169,'JYHD2017091398981029','月卡','2312',1,0,25,30,1,1,0,'2017-09-13 02:17:16'),(195,100169,'JYHD2017091398981029','自动发炮','1004',1,0,18,0,2,1,0,'2017-09-13 02:17:16'),(196,100169,'JYHD2017091398981029','捕渔券概率提升','1005',1,0,19,0,2,1,0,'2017-09-13 02:17:16'),(197,100169,'JYHD2017091398981029','锁定*8/天','2',1,0,26,0,2,8,3,'2017-09-13 02:17:16'),(198,100169,'JYHD2017091398981029','冰冻*3/天','1',1,0,27,0,2,3,3,'2017-09-13 02:17:16'),(199,100169,'JYHD2017091398981029','50000金币/天','50000',50000,0,36,0,2,1,1,'2017-09-13 02:17:16'),(200,100169,'JYHD2017091398981029','30钻石/天','30',30,0,37,0,2,1,2,'2017-09-13 02:17:16'),(201,100170,'JYHD2017091350575110','月卡','2312',1,0,25,30,1,1,0,'2017-09-13 02:18:10'),(202,100170,'JYHD2017091350575110','自动发炮','1004',1,0,18,0,2,1,0,'2017-09-13 02:18:10'),(203,100170,'JYHD2017091350575110','捕渔券概率提升','1005',1,0,19,0,2,1,0,'2017-09-13 02:18:10'),(204,100170,'JYHD2017091350575110','锁定*8/天','2',1,0,26,0,2,8,3,'2017-09-13 02:18:10'),(205,100170,'JYHD2017091350575110','冰冻*3/天','1',1,0,27,0,2,3,3,'2017-09-13 02:18:10'),(206,100170,'JYHD2017091350575110','50000金币/天','50000',50000,0,36,0,2,1,1,'2017-09-13 02:18:10'),(207,100170,'JYHD2017091350575110','30钻石/天','30',30,0,37,0,2,1,2,'2017-09-13 02:18:10'),(208,100171,'JYHD2017091348495050','月卡','2312',1,0,25,30,1,1,0,'2017-09-13 02:18:56'),(209,100171,'JYHD2017091348495050','自动发炮','1004',1,0,18,0,2,1,0,'2017-09-13 02:18:56'),(210,100171,'JYHD2017091348495050','捕渔券概率提升','1005',1,0,19,0,2,1,0,'2017-09-13 02:18:56'),(211,100171,'JYHD2017091348495050','锁定*8/天','2',1,0,26,0,2,8,3,'2017-09-13 02:18:56'),(212,100171,'JYHD2017091348495050','冰冻*3/天','1',1,0,27,0,2,3,3,'2017-09-13 02:18:56'),(213,100171,'JYHD2017091348495050','50000金币/天','50000',50000,0,36,0,2,1,1,'2017-09-13 02:18:56'),(214,100171,'JYHD2017091348495050','30钻石/天','30',30,0,37,0,2,1,2,'2017-09-13 02:18:56'),(215,100172,'JYHD2017091357545110','月卡','2312',1,0,25,30,1,1,0,'2017-09-13 02:19:37'),(216,100172,'JYHD2017091357545110','自动发炮','1004',1,0,18,0,2,1,0,'2017-09-13 02:19:37'),(217,100172,'JYHD2017091357545110','捕渔券概率提升','1005',1,0,19,0,2,1,0,'2017-09-13 02:19:37'),(218,100172,'JYHD2017091357545110','锁定*8/天','2',1,0,26,0,2,8,3,'2017-09-13 02:19:37'),(219,100172,'JYHD2017091357545110','冰冻*3/天','1',1,0,27,0,2,3,3,'2017-09-13 02:19:37'),(220,100172,'JYHD2017091357545110','50000金币/天','50000',50000,0,36,0,2,1,1,'2017-09-13 02:19:37'),(221,100172,'JYHD2017091357545110','30钻石/天','30',30,0,37,0,2,1,2,'2017-09-13 02:19:37'),(222,100173,'JYHD2017091310253569','月卡','2312',1,0,25,30,1,1,0,'2017-09-13 02:23:27'),(223,100173,'JYHD2017091310253569','自动发炮','1004',1,0,18,0,2,1,0,'2017-09-13 02:23:27'),(224,100173,'JYHD2017091310253569','捕渔券概率提升','1005',1,0,19,0,2,1,0,'2017-09-13 02:23:27'),(225,100173,'JYHD2017091310253569','锁定*8/天','2',1,0,26,0,2,8,3,'2017-09-13 02:23:27'),(226,100173,'JYHD2017091310253569','冰冻*3/天','1',1,0,27,0,2,3,3,'2017-09-13 02:23:27'),(227,100173,'JYHD2017091310253569','50000金币/天','50000',50000,0,36,0,2,1,1,'2017-09-13 02:23:27'),(228,100173,'JYHD2017091310253569','30钻石/天','30',30,0,37,0,2,1,2,'2017-09-13 02:23:27'),(229,100174,'JYHD2017091398485554','月卡','2312',1,0,25,30,1,1,0,'2017-09-13 02:24:43'),(230,100174,'JYHD2017091398485554','自动发炮','1004',1,0,18,0,2,1,0,'2017-09-13 02:24:43'),(231,100174,'JYHD2017091398485554','捕渔券概率提升','1005',1,0,19,0,2,1,0,'2017-09-13 02:24:43'),(232,100174,'JYHD2017091398485554','锁定*8/天','2',1,0,26,0,2,8,3,'2017-09-13 02:24:43'),(233,100174,'JYHD2017091398485554','冰冻*3/天','1',1,0,27,0,2,3,3,'2017-09-13 02:24:43'),(234,100174,'JYHD2017091398485554','50000金币/天','50000',50000,0,36,0,2,1,1,'2017-09-13 02:24:43'),(235,100174,'JYHD2017091398485554','30钻石/天','30',30,0,37,0,2,1,2,'2017-09-13 02:24:43'),(236,100175,'JYHD2017091397535456','月卡','2312',1,0,25,30,1,1,0,'2017-09-13 02:28:26'),(237,100175,'JYHD2017091397535456','自动发炮','1004',1,0,18,0,2,1,0,'2017-09-13 02:28:26'),(238,100175,'JYHD2017091397535456','捕渔券概率提升','1005',1,0,19,0,2,1,0,'2017-09-13 02:28:26'),(239,100175,'JYHD2017091397535456','锁定*8/天','2',1,0,26,0,2,8,3,'2017-09-13 02:28:26'),(240,100175,'JYHD2017091397535456','冰冻*3/天','1',1,0,27,0,2,3,3,'2017-09-13 02:28:26'),(241,100175,'JYHD2017091397535456','50000金币/天','50000',50000,0,36,0,2,1,1,'2017-09-13 02:28:26'),(242,100175,'JYHD2017091397535456','30钻石/天','30',30,0,37,0,2,1,2,'2017-09-13 02:28:26'),(243,100176,'JYHD2017091351524999','月卡','2312',1,0,25,30,1,1,0,'2017-09-13 02:36:03'),(244,100176,'JYHD2017091351524999','自动发炮','1004',1,0,18,0,2,1,0,'2017-09-13 02:36:03'),(245,100176,'JYHD2017091351524999','捕渔券概率提升','1005',1,0,19,0,2,1,0,'2017-09-13 02:36:03'),(246,100176,'JYHD2017091351524999','锁定*8/天','2',1,0,26,0,2,8,3,'2017-09-13 02:36:03'),(247,100176,'JYHD2017091351524999','冰冻*3/天','1',1,0,27,0,2,3,3,'2017-09-13 02:36:03'),(248,100176,'JYHD2017091351524999','50000金币/天','50000',50000,0,36,0,2,1,1,'2017-09-13 02:36:03'),(249,100176,'JYHD2017091351524999','30钻石/天','30',30,0,37,0,2,1,2,'2017-09-13 02:36:03'),(250,100177,'JYHD2017091354554810','月卡','2312',1,0,25,30,1,1,0,'2017-09-13 02:43:18'),(251,100177,'JYHD2017091354554810','自动发炮','1004',1,0,18,0,2,1,0,'2017-09-13 02:43:18'),(252,100177,'JYHD2017091354554810','捕渔券概率提升','1005',1,0,19,0,2,1,0,'2017-09-13 02:43:18'),(253,100177,'JYHD2017091354554810','锁定*8/天','2',1,0,26,0,2,8,3,'2017-09-13 02:43:18'),(254,100177,'JYHD2017091354554810','冰冻*3/天','1',1,0,27,0,2,3,3,'2017-09-13 02:43:18'),(255,100177,'JYHD2017091354554810','50000金币/天','50000',50000,0,36,0,2,1,1,'2017-09-13 02:43:18'),(256,100177,'JYHD2017091354554810','30钻石/天','30',30,0,37,0,2,1,2,'2017-09-13 02:43:18'),(257,100181,'JYHD2017091356100521','月卡','2312',1,0,25,30,1,1,0,'2017-09-13 04:11:53'),(258,100181,'JYHD2017091356100521','自动发炮','1004',1,0,18,0,2,1,0,'2017-09-13 04:11:53'),(259,100181,'JYHD2017091356100521','捕渔券概率提升','1005',1,0,19,0,2,1,0,'2017-09-13 04:11:53'),(260,100181,'JYHD2017091356100521','锁定*8/天','2',1,0,26,0,2,8,3,'2017-09-13 04:11:53'),(261,100181,'JYHD2017091356100521','冰冻*3/天','1',1,0,27,0,2,3,3,'2017-09-13 04:11:53'),(262,100181,'JYHD2017091356100521','50000金币/天','50000',50000,0,36,0,2,1,1,'2017-09-13 04:11:53'),(263,100181,'JYHD2017091356100521','30钻石/天','30',30,0,37,0,2,1,2,'2017-09-13 04:11:53'),(264,100181,'JYHD2017091349571001','月卡','2312',1,0,25,30,1,1,0,'2017-09-13 04:12:01'),(265,100181,'JYHD2017091349571001','自动发炮','1004',1,0,18,0,2,1,0,'2017-09-13 04:12:01'),(266,100181,'JYHD2017091349571001','捕渔券概率提升','1005',1,0,19,0,2,1,0,'2017-09-13 04:12:01'),(267,100181,'JYHD2017091349571001','锁定*8/天','2',1,0,26,0,2,8,3,'2017-09-13 04:12:01'),(268,100181,'JYHD2017091349571001','冰冻*3/天','1',1,0,27,0,2,3,3,'2017-09-13 04:12:01'),(269,100181,'JYHD2017091349571001','50000金币/天','50000',50000,0,36,0,2,1,1,'2017-09-13 04:12:01'),(270,100181,'JYHD2017091349571001','30钻石/天','30',30,0,37,0,2,1,2,'2017-09-13 04:12:01'),(271,100181,'JYHD2017091351535256','月卡','2312',1,0,25,30,1,1,0,'2017-09-13 04:12:03'),(272,100181,'JYHD2017091351535256','自动发炮','1004',1,0,18,0,2,1,0,'2017-09-13 04:12:03'),(273,100181,'JYHD2017091351535256','捕渔券概率提升','1005',1,0,19,0,2,1,0,'2017-09-13 04:12:03'),(274,100181,'JYHD2017091351535256','锁定*8/天','2',1,0,26,0,2,8,3,'2017-09-13 04:12:03'),(275,100181,'JYHD2017091351535256','冰冻*3/天','1',1,0,27,0,2,3,3,'2017-09-13 04:12:03'),(276,100181,'JYHD2017091351535256','50000金币/天','50000',50000,0,36,0,2,1,1,'2017-09-13 04:12:03'),(277,100181,'JYHD2017091351535256','30钻石/天','30',30,0,37,0,2,1,2,'2017-09-13 04:12:03'),(278,100181,'JYHD2017091355529998','月卡','2312',1,0,25,30,1,1,0,'2017-09-13 04:12:07'),(279,100181,'JYHD2017091355529998','自动发炮','1004',1,0,18,0,2,1,0,'2017-09-13 04:12:07'),(280,100181,'JYHD2017091355529998','捕渔券概率提升','1005',1,0,19,0,2,1,0,'2017-09-13 04:12:07'),(281,100181,'JYHD2017091355529998','锁定*8/天','2',1,0,26,0,2,8,3,'2017-09-13 04:12:07'),(282,100181,'JYHD2017091355529998','冰冻*3/天','1',1,0,27,0,2,3,3,'2017-09-13 04:12:07'),(283,100181,'JYHD2017091355529998','50000金币/天','50000',50000,0,36,0,2,1,1,'2017-09-13 04:12:07'),(284,100181,'JYHD2017091355529998','30钻石/天','30',30,0,37,0,2,1,2,'2017-09-13 04:12:07'),(285,100181,'JYHD2017091349501004','月卡','2312',1,0,25,30,1,1,0,'2017-09-13 04:12:17'),(286,100181,'JYHD2017091349501004','自动发炮','1004',1,0,18,0,2,1,0,'2017-09-13 04:12:17'),(287,100181,'JYHD2017091349501004','捕渔券概率提升','1005',1,0,19,0,2,1,0,'2017-09-13 04:12:17'),(288,100181,'JYHD2017091349501004','锁定*8/天','2',1,0,26,0,2,8,3,'2017-09-13 04:12:17'),(289,100181,'JYHD2017091349501004','冰冻*3/天','1',1,0,27,0,2,3,3,'2017-09-13 04:12:17'),(290,100181,'JYHD2017091349501004','50000金币/天','50000',50000,0,36,0,2,1,1,'2017-09-13 04:12:17'),(291,100181,'JYHD2017091349501004','30钻石/天','30',30,0,37,0,2,1,2,'2017-09-13 04:12:17'),(292,100182,'JYHD2017091353102485','月卡','2312',1,0,25,30,1,1,0,'2017-09-13 04:12:54'),(293,100182,'JYHD2017091353102485','自动发炮','1004',1,0,18,0,2,1,0,'2017-09-13 04:12:54'),(294,100182,'JYHD2017091353102485','捕渔券概率提升','1005',1,0,19,0,2,1,0,'2017-09-13 04:12:54'),(295,100182,'JYHD2017091353102485','锁定*8/天','2',1,0,26,0,2,8,3,'2017-09-13 04:12:54'),(296,100182,'JYHD2017091353102485','冰冻*3/天','1',1,0,27,0,2,3,3,'2017-09-13 04:12:54'),(297,100182,'JYHD2017091353102485','50000金币/天','50000',50000,0,36,0,2,1,1,'2017-09-13 04:12:54'),(298,100182,'JYHD2017091353102485','30钻石/天','30',30,0,37,0,2,1,2,'2017-09-13 04:12:54'),(299,100182,'JYHD2017091310110251','月卡','2312',1,0,25,30,1,1,0,'2017-09-13 04:13:35'),(300,100182,'JYHD2017091310110251','自动发炮','1004',1,0,18,0,2,1,0,'2017-09-13 04:13:35'),(301,100182,'JYHD2017091310110251','捕渔券概率提升','1005',1,0,19,0,2,1,0,'2017-09-13 04:13:35'),(302,100182,'JYHD2017091310110251','锁定*8/天','2',1,0,26,0,2,8,3,'2017-09-13 04:13:35'),(303,100182,'JYHD2017091310110251','冰冻*3/天','1',1,0,27,0,2,3,3,'2017-09-13 04:13:35'),(304,100182,'JYHD2017091310110251','50000金币/天','50000',50000,0,36,0,2,1,1,'2017-09-13 04:13:35'),(305,100182,'JYHD2017091310110251','30钻石/天','30',30,0,37,0,2,1,2,'2017-09-13 04:13:35'),(306,100183,'JYHD2017091348561005','月卡','2312',1,0,25,30,1,1,0,'2017-09-13 04:14:56'),(307,100183,'JYHD2017091348561005','自动发炮','1004',1,0,18,0,2,1,0,'2017-09-13 04:14:56'),(308,100183,'JYHD2017091348561005','捕渔券概率提升','1005',1,0,19,0,2,1,0,'2017-09-13 04:14:56'),(309,100183,'JYHD2017091348561005','锁定*8/天','2',1,0,26,0,2,8,3,'2017-09-13 04:14:56'),(310,100183,'JYHD2017091348561005','冰冻*3/天','1',1,0,27,0,2,3,3,'2017-09-13 04:14:56'),(311,100183,'JYHD2017091348561005','50000金币/天','50000',50000,0,36,0,2,1,1,'2017-09-13 04:14:56'),(312,100183,'JYHD2017091348561005','30钻石/天','30',30,0,37,0,2,1,2,'2017-09-13 04:14:56'),(313,100184,'JYHD2017091398531015','月卡','2312',1,0,25,30,1,1,0,'2017-09-13 04:17:15'),(314,100184,'JYHD2017091398531015','自动发炮','1004',1,0,18,0,2,1,0,'2017-09-13 04:17:15'),(315,100184,'JYHD2017091398531015','捕渔券概率提升','1005',1,0,19,0,2,1,0,'2017-09-13 04:17:15'),(316,100184,'JYHD2017091398531015','锁定*8/天','2',1,0,26,0,2,8,3,'2017-09-13 04:17:15'),(317,100184,'JYHD2017091398531015','冰冻*3/天','1',1,0,27,0,2,3,3,'2017-09-13 04:17:15'),(318,100184,'JYHD2017091398531015','50000金币/天','50000',50000,0,36,0,2,1,1,'2017-09-13 04:17:15'),(319,100184,'JYHD2017091398531015','30钻石/天','30',30,0,37,0,2,1,2,'2017-09-13 04:17:15'),(320,100191,'JYHD2017091352100481','月卡','2312',1,0,25,30,1,1,0,'2017-09-13 05:46:13'),(321,100191,'JYHD2017091352100481','自动发炮','1004',1,0,18,0,2,1,0,'2017-09-13 05:46:13'),(322,100191,'JYHD2017091352100481','捕渔券概率提升','1005',1,0,19,0,2,1,0,'2017-09-13 05:46:13'),(323,100191,'JYHD2017091352100481','锁定*8/天','2',1,0,26,0,2,8,3,'2017-09-13 05:46:13'),(324,100191,'JYHD2017091352100481','冰冻*3/天','1',1,0,27,0,2,3,3,'2017-09-13 05:46:13'),(325,100191,'JYHD2017091352100481','50000金币/天','50000',50000,0,36,0,2,1,1,'2017-09-13 05:46:13'),(326,100191,'JYHD2017091352100481','30钻石/天','30',30,0,37,0,2,1,2,'2017-09-13 05:46:13'),(327,100193,'JYHD2017091357505157','月卡','2312',1,0,25,30,1,1,0,'2017-09-13 05:51:53'),(328,100193,'JYHD2017091357505157','自动发炮','1004',1,0,18,0,2,1,0,'2017-09-13 05:51:53'),(329,100193,'JYHD2017091357505157','捕渔券概率提升','1005',1,0,19,0,2,1,0,'2017-09-13 05:51:53'),(330,100193,'JYHD2017091357505157','锁定*8/天','2',1,0,26,0,2,8,3,'2017-09-13 05:51:53'),(331,100193,'JYHD2017091357505157','冰冻*3/天','1',1,0,27,0,2,3,3,'2017-09-13 05:51:53'),(332,100193,'JYHD2017091357505157','50000金币/天','50000',50000,0,36,0,2,1,1,'2017-09-13 05:51:53'),(333,100193,'JYHD2017091357505157','30钻石/天','30',30,0,37,0,2,1,2,'2017-09-13 05:51:53'),(334,100201,'JYHD2017091310099535','月卡','2312',1,0,25,30,1,1,0,'2017-09-13 06:13:34'),(335,100201,'JYHD2017091310099535','自动发炮','1004',1,0,18,0,2,1,0,'2017-09-13 06:13:34'),(336,100201,'JYHD2017091310099535','捕渔券概率提升','1005',1,0,19,0,2,1,0,'2017-09-13 06:13:34'),(337,100201,'JYHD2017091310099535','锁定*8/天','2',1,0,26,0,2,8,3,'2017-09-13 06:13:34'),(338,100201,'JYHD2017091310099535','冰冻*3/天','1',1,0,27,0,2,3,3,'2017-09-13 06:13:34'),(339,100201,'JYHD2017091310099535','50000金币/天','50000',50000,0,36,0,2,1,1,'2017-09-13 06:13:34'),(340,100201,'JYHD2017091310099535','30钻石/天','30',30,0,37,0,2,1,2,'2017-09-13 06:13:34'),(341,100204,'JYHD2017091499521024','月卡','2312',1,0,25,30,1,1,0,'2017-09-13 19:14:36'),(342,100204,'JYHD2017091499521024','自动发炮','1004',1,0,18,0,2,1,0,'2017-09-13 19:14:36'),(343,100204,'JYHD2017091499521024','捕渔券概率提升','1005',1,0,19,0,2,1,0,'2017-09-13 19:14:36'),(344,100204,'JYHD2017091499521024','锁定*8/天','2',1,0,26,0,2,8,3,'2017-09-13 19:14:36'),(345,100204,'JYHD2017091499521024','冰冻*3/天','1',1,0,27,0,2,3,3,'2017-09-13 19:14:36'),(346,100204,'JYHD2017091499521024','50000金币/天','50000',50000,0,36,0,2,1,1,'2017-09-13 19:14:36'),(347,100204,'JYHD2017091499521024','30钻石/天','30',30,0,37,0,2,1,2,'2017-09-13 19:14:36'),(348,100205,'JYHD2017091450521019','30万金币','300000',300000,100,9,0,1,1,1,'2017-09-13 19:17:54'),(349,100207,'JYHD2017091449535410','6480钻石','6480',6480,100,23,648,1,1,2,'2017-09-13 19:28:17'),(350,100208,'JYHD2017091497999949','6480钻石','6480',6480,100,23,648,1,1,2,'2017-09-13 19:32:43'),(351,100209,'JYHD2017091452485556','648万金币','6480000',6480000,100,13,648,1,1,1,'2017-09-13 19:35:16'),(352,100209,'JYHD2017091497484849','68万金币','680000',680000,100,10,68,1,1,1,'2017-09-13 19:35:22'),(353,100209,'JYHD2017091410010156','168万金币','1680000',1680000,100,11,168,1,1,1,'2017-09-13 19:35:26'),(354,100209,'JYHD2017091497975710','月卡','2312',1,0,25,30,1,1,0,'2017-09-13 19:35:54'),(355,100209,'JYHD2017091497975710','自动发炮','1004',1,0,18,0,2,1,0,'2017-09-13 19:35:54'),(356,100209,'JYHD2017091497975710','捕渔券概率提升','1005',1,0,19,0,2,1,0,'2017-09-13 19:35:54'),(357,100209,'JYHD2017091497975710','锁定*8/天','2',1,0,26,0,2,8,3,'2017-09-13 19:35:54'),(358,100209,'JYHD2017091497975710','冰冻*3/天','1',1,0,27,0,2,3,3,'2017-09-13 19:35:54'),(359,100209,'JYHD2017091497975710','50000金币/天','50000',50000,0,36,0,2,1,1,'2017-09-13 19:35:54'),(360,100209,'JYHD2017091497975710','30钻石/天','30',30,0,37,0,2,1,2,'2017-09-13 19:35:54'),(361,100209,'JYHD2017091451565751','68万金币','680000',680000,0,10,68,1,1,1,'2017-09-13 19:38:59'),(362,100209,'JYHD2017091410152102','6480钻石','6480',6480,100,23,648,1,1,2,'2017-09-13 19:39:58'),(363,100209,'JYHD2017091452551024','680钻石','680',680,100,16,68,1,1,2,'2017-09-13 19:40:04'),(364,100209,'JYHD2017091450549810','1680钻石','1680',1680,100,17,168,1,1,2,'2017-09-13 19:40:18'),(365,100209,'JYHD2017091410210055','680钻石','680',680,0,16,68,1,1,2,'2017-09-13 19:40:32'),(366,100212,'JYHD2017091499485153','648万金币','6480000',6480000,100,13,648,1,1,1,'2017-09-13 20:04:28'),(367,100213,'JYHD2017091410110056','648万金币','6480000',6480000,100,13,648,1,1,1,'2017-09-13 20:06:39'),(368,100060,'JYHD2017091456514910','648万金币','6480000',6480000,100,13,648,1,1,1,'2017-09-13 20:20:40'),(369,100060,'JYHD2017091498495449','648万金币','6480000',6480000,0,13,648,1,1,1,'2017-09-13 20:20:43'),(370,100060,'JYHD2017091450101495','648万金币','6480000',6480000,0,13,648,1,1,1,'2017-09-13 20:20:51'),(371,100060,'JYHD2017091453100985','648万金币','6480000',6480000,0,13,648,1,1,1,'2017-09-13 20:20:54'),(372,100060,'JYHD2017091499481005','648万金币','6480000',6480000,0,13,648,1,1,1,'2017-09-13 20:21:00'),(373,100060,'JYHD2017091451495356','648万金币','6480000',6480000,0,13,648,1,1,1,'2017-09-13 20:21:07'),(374,100060,'JYHD2017091457100525','648万金币','6480000',6480000,0,13,648,1,1,1,'2017-09-13 20:21:14'),(375,100060,'JYHD2017091498545457','648万金币','6480000',6480000,0,13,648,1,1,1,'2017-09-13 20:21:15'),(376,100213,'JYHD2017091498565253','月卡','2312',1,0,25,30,1,1,0,'2017-09-13 20:42:35'),(377,100213,'JYHD2017091498565253','自动发炮','1004',1,0,18,0,2,1,0,'2017-09-13 20:42:35'),(378,100213,'JYHD2017091498565253','捕渔券概率提升','1005',1,0,19,0,2,1,0,'2017-09-13 20:42:35'),(379,100213,'JYHD2017091498565253','锁定*8/天','2',1,0,26,0,2,8,3,'2017-09-13 20:42:35'),(380,100213,'JYHD2017091498565253','冰冻*3/天','1',1,0,27,0,2,3,3,'2017-09-13 20:42:35'),(381,100213,'JYHD2017091498565253','50000金币/天','50000',50000,0,36,0,2,1,1,'2017-09-13 20:42:35'),(382,100213,'JYHD2017091498565253','30钻石/天','30',30,0,37,0,2,1,2,'2017-09-13 20:42:35'),(383,100216,'JYHD2017091457559898','648万金币','6480000',6480000,100,13,648,1,1,1,'2017-09-13 20:43:37'),(384,100204,'JYHD2017091453555710','60000金币','60000',60000,100,8,0,1,1,1,'2017-09-13 20:45:25'),(385,100217,'JYHD2017091455979854','648万金币','6480000',6480000,100,13,648,1,1,1,'2017-09-13 20:46:15'),(386,100223,'JYHD2017091497555050','月卡','2312',1,0,25,30,1,1,0,'2017-09-14 01:41:30'),(387,100223,'JYHD2017091497555050','自动发炮','1004',1,0,18,0,2,1,0,'2017-09-14 01:41:30'),(388,100223,'JYHD2017091497555050','捕渔券概率提升','1005',1,0,19,0,2,1,0,'2017-09-14 01:41:30'),(389,100223,'JYHD2017091497555050','锁定*8/天','2',1,0,26,0,2,8,3,'2017-09-14 01:41:30'),(390,100223,'JYHD2017091497555050','冰冻*3/天','1',1,0,27,0,2,3,3,'2017-09-14 01:41:30'),(391,100223,'JYHD2017091497555050','50000金币/天','50000',50000,0,36,0,2,1,1,'2017-09-14 01:41:30'),(392,100223,'JYHD2017091497555050','30钻石/天','30',30,0,37,0,2,1,2,'2017-09-14 01:41:30'),(393,100238,'JYHD2017091454559999','月卡','2312',1,0,25,30,1,1,0,'2017-09-14 03:40:06'),(394,100238,'JYHD2017091454559999','自动发炮','1004',1,0,18,0,2,1,0,'2017-09-14 03:40:06'),(395,100238,'JYHD2017091454559999','捕渔券概率提升','1005',1,0,19,0,2,1,0,'2017-09-14 03:40:06'),(396,100238,'JYHD2017091454559999','锁定*8/天','2',1,0,26,0,2,8,3,'2017-09-14 03:40:06'),(397,100238,'JYHD2017091454559999','冰冻*3/天','1',1,0,27,0,2,3,3,'2017-09-14 03:40:06'),(398,100238,'JYHD2017091454559999','50000金币/天','50000',50000,0,36,0,2,1,1,'2017-09-14 03:40:06'),(399,100238,'JYHD2017091454559999','30钻石/天','30',30,0,37,0,2,1,2,'2017-09-14 03:40:06'),(400,100238,'JYHD2017091410254991','60000金币','60000',60000,100,8,0,1,1,1,'2017-09-14 03:41:51'),(401,100273,'JYHD2017091549499810','月卡','2312',1,0,25,30,1,1,0,'2017-09-15 01:57:53'),(402,100273,'JYHD2017091549499810','自动发炮','1004',1,0,18,0,2,1,0,'2017-09-15 01:57:53'),(403,100273,'JYHD2017091549499810','捕渔券概率提升','1005',1,0,19,0,2,1,0,'2017-09-15 01:57:53'),(404,100273,'JYHD2017091549499810','锁定*8/天','2',1,0,26,0,2,8,3,'2017-09-15 01:57:53'),(405,100273,'JYHD2017091549499810','冰冻*3/天','1',1,0,27,0,2,3,3,'2017-09-15 01:57:53'),(406,100273,'JYHD2017091549499810','50000金币/天','50000',50000,0,36,0,2,1,1,'2017-09-15 01:57:53'),(407,100273,'JYHD2017091549499810','30钻石/天','30',30,0,37,0,2,1,2,'2017-09-15 01:57:53'),(408,100271,'JYHD2017091550100101','月卡','2312',1,0,25,30,1,1,0,'2017-09-15 01:58:11'),(409,100271,'JYHD2017091550100101','自动发炮','1004',1,0,18,0,2,1,0,'2017-09-15 01:58:11'),(410,100271,'JYHD2017091550100101','捕渔券概率提升','1005',1,0,19,0,2,1,0,'2017-09-15 01:58:11'),(411,100271,'JYHD2017091550100101','锁定*8/天','2',1,0,26,0,2,8,3,'2017-09-15 01:58:11'),(412,100271,'JYHD2017091550100101','冰冻*3/天','1',1,0,27,0,2,3,3,'2017-09-15 01:58:11'),(413,100271,'JYHD2017091550100101','50000金币/天','50000',50000,0,36,0,2,1,1,'2017-09-15 01:58:11'),(414,100271,'JYHD2017091550100101','30钻石/天','30',30,0,37,0,2,1,2,'2017-09-15 01:58:11'),(415,100249,'JYHD2017091510048985','月卡','2312',1,0,25,30,1,1,0,'2017-09-15 02:23:57'),(416,100249,'JYHD2017091510048985','自动发炮','1004',1,0,18,0,2,1,0,'2017-09-15 02:23:57'),(417,100249,'JYHD2017091510048985','捕渔券概率提升','1005',1,0,19,0,2,1,0,'2017-09-15 02:23:57'),(418,100249,'JYHD2017091510048985','锁定*8/天','2',1,0,26,0,2,8,3,'2017-09-15 02:23:57'),(419,100249,'JYHD2017091510048985','冰冻*3/天','1',1,0,27,0,2,3,3,'2017-09-15 02:23:57'),(420,100249,'JYHD2017091510048985','50000金币/天','50000',50000,0,36,0,2,1,1,'2017-09-15 02:23:57'),(421,100249,'JYHD2017091510048985','30钻石/天','30',30,0,37,0,2,1,2,'2017-09-15 02:23:57'),(422,100275,'JYHD2017091599505010','月卡','2312',1,0,25,30,1,1,0,'2017-09-15 02:26:04'),(423,100275,'JYHD2017091599505010','自动发炮','1004',1,0,18,0,2,1,0,'2017-09-15 02:26:04'),(424,100275,'JYHD2017091599505010','捕渔券概率提升','1005',1,0,19,0,2,1,0,'2017-09-15 02:26:04'),(425,100275,'JYHD2017091599505010','锁定*8/天','2',1,0,26,0,2,8,3,'2017-09-15 02:26:04'),(426,100275,'JYHD2017091599505010','冰冻*3/天','1',1,0,27,0,2,3,3,'2017-09-15 02:26:04'),(427,100275,'JYHD2017091599505010','50000金币/天','50000',50000,0,36,0,2,1,1,'2017-09-15 02:26:04'),(428,100275,'JYHD2017091599505010','30钻石/天','30',30,0,37,0,2,1,2,'2017-09-15 02:26:04'),(429,100274,'JYHD2017091599100101','30万金币','300000',300000,100,9,0,1,1,1,'2017-09-15 02:27:25'),(430,100276,'JYHD2017091510155515','月卡','2312',1,0,25,30,1,1,0,'2017-09-15 02:27:58'),(431,100276,'JYHD2017091510155515','自动发炮','1004',1,0,18,0,2,1,0,'2017-09-15 02:27:58'),(432,100276,'JYHD2017091510155515','捕渔券概率提升','1005',1,0,19,0,2,1,0,'2017-09-15 02:27:58'),(433,100276,'JYHD2017091510155515','锁定*8/天','2',1,0,26,0,2,8,3,'2017-09-15 02:27:58'),(434,100276,'JYHD2017091510155515','冰冻*3/天','1',1,0,27,0,2,3,3,'2017-09-15 02:27:58'),(435,100276,'JYHD2017091510155515','50000金币/天','50000',50000,0,36,0,2,1,1,'2017-09-15 02:27:58'),(436,100276,'JYHD2017091510155515','30钻石/天','30',30,0,37,0,2,1,2,'2017-09-15 02:27:58'),(437,100279,'JYHD2017091510051504','月卡','2312',1,0,25,30,1,1,0,'2017-09-15 02:31:57'),(438,100279,'JYHD2017091510051504','自动发炮','1004',1,0,18,0,2,1,0,'2017-09-15 02:31:57'),(439,100279,'JYHD2017091510051504','捕渔券概率提升','1005',1,0,19,0,2,1,0,'2017-09-15 02:31:57'),(440,100279,'JYHD2017091510051504','锁定*8/天','2',1,0,26,0,2,8,3,'2017-09-15 02:31:57'),(441,100279,'JYHD2017091510051504','冰冻*3/天','1',1,0,27,0,2,3,3,'2017-09-15 02:31:57'),(442,100279,'JYHD2017091510051504','50000金币/天','50000',50000,0,36,0,2,1,1,'2017-09-15 02:31:57'),(443,100279,'JYHD2017091510051504','30钻石/天','30',30,0,37,0,2,1,2,'2017-09-15 02:31:57'),(444,100280,'JYHD2017091510156495','月卡','2312',1,0,25,30,1,1,0,'2017-09-15 02:35:10'),(445,100280,'JYHD2017091510156495','自动发炮','1004',1,0,18,0,2,1,0,'2017-09-15 02:35:10'),(446,100280,'JYHD2017091510156495','捕渔券概率提升','1005',1,0,19,0,2,1,0,'2017-09-15 02:35:10'),(447,100280,'JYHD2017091510156495','锁定*8/天','2',1,0,26,0,2,8,3,'2017-09-15 02:35:10'),(448,100280,'JYHD2017091510156495','冰冻*3/天','1',1,0,27,0,2,3,3,'2017-09-15 02:35:10'),(449,100280,'JYHD2017091510156495','50000金币/天','50000',50000,0,36,0,2,1,1,'2017-09-15 02:35:10'),(450,100280,'JYHD2017091510156495','30钻石/天','30',30,0,37,0,2,1,2,'2017-09-15 02:35:10'),(451,100281,'JYHD2017091553515697','月卡','2312',1,0,25,30,1,1,0,'2017-09-15 02:35:49'),(452,100281,'JYHD2017091553515697','自动发炮','1004',1,0,18,0,2,1,0,'2017-09-15 02:35:49'),(453,100281,'JYHD2017091553515697','捕渔券概率提升','1005',1,0,19,0,2,1,0,'2017-09-15 02:35:49'),(454,100281,'JYHD2017091553515697','锁定*8/天','2',1,0,26,0,2,8,3,'2017-09-15 02:35:49'),(455,100281,'JYHD2017091553515697','冰冻*3/天','1',1,0,27,0,2,3,3,'2017-09-15 02:35:49'),(456,100281,'JYHD2017091553515697','50000金币/天','50000',50000,0,36,0,2,1,1,'2017-09-15 02:35:49'),(457,100281,'JYHD2017091553515697','30钻石/天','30',30,0,37,0,2,1,2,'2017-09-15 02:35:49'),(458,100285,'JYHD2017091550501011','月卡','2312',1,0,25,30,1,1,0,'2017-09-15 02:44:34'),(459,100285,'JYHD2017091550501011','自动发炮','1004',1,0,18,0,2,1,0,'2017-09-15 02:44:34'),(460,100285,'JYHD2017091550501011','捕渔券概率提升','1005',1,0,19,0,2,1,0,'2017-09-15 02:44:34'),(461,100285,'JYHD2017091550501011','锁定*8/天','2',1,0,26,0,2,8,3,'2017-09-15 02:44:34'),(462,100285,'JYHD2017091550501011','冰冻*3/天','1',1,0,27,0,2,3,3,'2017-09-15 02:44:34'),(463,100285,'JYHD2017091550501011','50000金币/天','50000',50000,0,36,0,2,1,1,'2017-09-15 02:44:34'),(464,100285,'JYHD2017091550501011','30钻石/天','30',30,0,37,0,2,1,2,'2017-09-15 02:44:34');

/*Table structure for table `jy_users_order_info` */

DROP TABLE IF EXISTS `jy_users_order_info`;

CREATE TABLE `jy_users_order_info` (
  `Id` bigint(20) unsigned NOT NULL AUTO_INCREMENT COMMENT '订单ID',
  `playerid` bigint(20) unsigned NOT NULL COMMENT '用户ID',
  `OrderName` varchar(50) NOT NULL COMMENT '订单名称',
  `UsersName` varchar(50) NOT NULL COMMENT '用户名',
  `PlatformOrder` varchar(50) NOT NULL COMMENT '平台订单号',
  `MerchantOrder` varchar(50) NOT NULL COMMENT '商户订单号',
  `Status` tinyint(1) unsigned NOT NULL DEFAULT '1' COMMENT '状态  1-待支付 2-已支付 3-订单过期 4-支付失败',
  `Price` varchar(20) NOT NULL COMMENT '价格',
  `CallbackTime` timestamp NOT NULL DEFAULT CURRENT_TIMESTAMP COMMENT '支付回调时间',
  `ExpireTime` int(11) unsigned DEFAULT NULL COMMENT '订单过期时间',
  `FoundTime` timestamp NOT NULL DEFAULT CURRENT_TIMESTAMP COMMENT '创建时间',
  `RegisterChannel` varchar(50) NOT NULL COMMENT '注册渠道',
  `MessAge` varchar(255) DEFAULT NULL COMMENT '支付状态说明',
  `IsFirst` tinyint(1) unsigned NOT NULL DEFAULT '1' COMMENT '是否首次支付 1-否 2-是',
  `PayPlatform` tinyint(1) unsigned NOT NULL DEFAULT '0' COMMENT '支付平台 1-支付宝 2-微信 3-爱贝 4-银联',
  `PayChannel` varchar(50) NOT NULL COMMENT '消费渠道',
  `VipLevel` int(4) unsigned DEFAULT NULL COMMENT '购买前用户Vip等级',
  `Form` tinyint(1) NOT NULL DEFAULT '1' COMMENT '来源 1-首冲 2-月卡 3-商城',
  `VipExp` int(11) unsigned DEFAULT NULL COMMENT '购买前用户Vip经验',
  `PayID` int(11) unsigned NOT NULL DEFAULT '0' COMMENT '支付ID',
  `Platform` tinyint(1) NOT NULL DEFAULT '1' COMMENT '平台 1-苹果 2-安卓',
  `PayPassAgeWay` varchar(50) NOT NULL COMMENT '支付通道',
  `PayType` tinyint(1) NOT NULL DEFAULT '0' COMMENT '支付类型 0-未支付 1-支付宝 2-微信',
  PRIMARY KEY (`Id`),
  KEY `PlatformOrder` (`PlatformOrder`),
  KEY `Status` (`Status`,`CallbackTime`),
  KEY `playerid` (`playerid`,`Status`),
  KEY `Status_2` (`FoundTime`,`Status`)
) ENGINE=InnoDB AUTO_INCREMENT=139 DEFAULT CHARSET=utf8;

/*Data for the table `jy_users_order_info` */

insert  into `jy_users_order_info`(`Id`,`playerid`,`OrderName`,`UsersName`,`PlatformOrder`,`MerchantOrder`,`Status`,`Price`,`CallbackTime`,`ExpireTime`,`FoundTime`,`RegisterChannel`,`MessAge`,`IsFirst`,`PayPlatform`,`PayChannel`,`VipLevel`,`Form`,`VipExp`,`PayID`,`Platform`,`PayPassAgeWay`,`PayType`) values (1,100200,'60000金币','游客100200','JYHD2017090552100100','',2,'6','2017-09-07 17:05:29',0,'2017-09-06 01:10:47','','状态码：2001说明：支付成功！;',1,3,'13724894160',0,2,24,6,2,'iappay',103),(2,100200,'60000金币','游客100200','JYHD2017090651514853','',1,'6','2017-09-06 01:19:15',0,'2017-09-06 01:19:15','',NULL,1,3,'13724894160',3,3,0,6,2,'iappay',0),(3,100200,'60000金币','游客100200','JYHD2017090799574998','',1,'6','2017-09-07 02:15:15',0,'2017-09-07 02:15:15','',NULL,1,1,'13724894160',1,1,30,6,2,'iappay',0),(4,100166,'60000金币','门徒会','JYHD2017090751575550','',1,'6','2017-09-07 02:41:55',0,'2017-09-07 02:41:55','',NULL,1,3,'13724894160',3,3,0,6,2,'iappay',0),(5,100166,'60000金币','门徒会','JYHD2017090757100534','',1,'6','2017-09-07 02:42:34',0,'2017-09-07 02:42:34','',NULL,1,3,'13724894160',3,3,0,6,2,'iappay',0),(6,100166,'60000金币','门徒会','JYHD2017090752524997','',1,'6','2017-09-07 02:44:36',0,'2017-09-07 02:44:36','',NULL,1,3,'13724894160',3,3,0,6,2,'iappay',0),(7,100166,'60000金币','门徒会','JYHD2017090710048509','',2,'6','2017-09-07 18:10:09',0,'2017-09-07 02:49:49','','状态码：2001说明：支付成功！;',1,3,'13724894160',3,3,0,6,2,'iappay',6),(8,100166,'60000金币','门徒会','JYHD2017090757519954','',1,'6','2017-09-07 02:52:09',0,'2017-09-07 02:52:09','',NULL,1,3,'13724894160',3,3,0,6,2,'iappay',0),(9,100166,'60000金币','门徒会','JYHD2017090750505649','',2,'6','2017-09-07 18:04:02',0,'2017-09-07 03:04:02','','状态码：2001说明：支付成功！;',1,3,'13724894160',0,3,6,6,2,'iappay',1),(10,100166,'60000金币','门徒会','JYHD2017090749499853','',2,'6','2017-09-07 18:06:57',0,'2017-09-07 03:06:57','','状态码：2001说明：支付成功！;',1,3,'13724894160',0,3,12,6,2,'iappay',1),(11,100166,'60000金币','门徒会','JYHD2017090751102495','',2,'6','2017-09-07 18:08:04',0,'2017-09-07 03:08:04','','状态码：2001说明：支付成功！;',1,3,'13724894160',0,3,18,6,2,'iappay',1),(12,100166,'60000金币','门徒会','JYHD2017090748101551','',2,'6','2017-09-07 18:09:05',0,'2017-09-07 03:09:05','','状态码：2001说明：支付成功！;',1,3,'13724894160',0,3,24,6,2,'iappay',1),(13,100166,'60000金币','门徒会','JYHD2017090750491015','',2,'6','2017-09-07 18:10:26',0,'2017-09-07 03:10:26','','状态码：2001说明：支付成功！;',1,3,'13724894160',0,3,6,6,2,'iappay',1),(14,100166,'60000金币','门徒会','JYHD2017090753525053','',2,'6','2017-09-07 18:10:29',0,'2017-09-07 03:10:29','','状态码：2001说明：支付成功！;',1,3,'13724894160',0,3,12,6,2,'iappay',1),(15,100166,'300钻石','门徒会','JYHD2017090748535249','',2,'30','2017-09-07 18:10:40',0,'2017-09-07 03:10:40','','状态码：2001说明：支付成功！;',1,3,'13724894160',0,3,18,6,2,'iappay',1),(16,100166,'首冲礼包','门徒会','JYHD2017090797100575','',2,'6','2017-09-07 18:11:23',0,'2017-09-07 03:11:23','','状态码：2001说明：支付成功！;',1,1,'13724894160',1,1,48,6,2,'iappay',1),(17,100109,'168万金币','31311','JYHD2017090798985057','',1,'168','2017-09-07 04:27:08',0,'2017-09-07 04:27:08','',NULL,1,3,'13724894160',3,3,0,6,2,'iappay',0),(18,100166,'60000金币','门徒会','JYHD2017090752995710','',1,'6','2017-09-07 05:13:57',0,'2017-09-07 05:13:57','',NULL,1,2,'13724894160',1,2,54,6,2,'iappay',0),(19,100166,'月卡','门徒会','JYHD2017090749545510','',2,'30','2017-09-07 20:14:09',0,'2017-09-07 05:14:09','','状态码：2001说明：支付成功！;',1,2,'13724894160',1,2,54,6,2,'iappay',1),(20,100167,'60000金币','游客100167','JYHD2017090749531005','',1,'6','2017-09-07 05:14:59',0,'2017-09-07 05:14:59','',NULL,1,2,'13724894160',3,2,0,6,2,'iappay',0),(21,100165,'月卡','玩家:100165','JYHD2017090710249505','',2,'30','2017-09-07 20:15:11',0,'2017-09-07 05:15:11','','状态码：2001说明：支付成功！;',1,2,'13724894160',3,2,0,6,2,'iappay',1),(22,100167,'60000金币','游客100167','JYHD2017091110050545','',1,'6','2017-09-10 20:47:09',0,'2017-09-10 20:47:09','',NULL,1,2,'13724894160',3,2,0,6,2,'iappay',0),(23,100165,'60000金币','玩家:100165','JYHD2017091153501029','',2,'6','2017-09-11 15:36:53',0,'2017-09-11 00:36:53','','状态码：2001说明：支付成功！;',1,3,'13724894160',1,3,30,6,2,'iappay',1),(24,100165,'30万金币','玩家:100165','JYHD2017091152485656','',2,'30','2017-09-11 15:37:08',0,'2017-09-11 00:37:08','','状态码：2001说明：支付成功！;',1,3,'13724894160',1,3,36,6,2,'iappay',1),(25,100165,'60000金币','玩家:100165','JYHD2017091110152519','',2,'6','2017-09-11 15:37:18',0,'2017-09-11 00:37:18','','状态码：2001说明：支付成功！;',1,3,'13724894160',1,3,66,6,2,'iappay',1),(26,100164,'月卡','玩家:100164','JYHD2017091157525010','',2,'30','2017-09-11 17:55:37',0,'2017-09-11 02:55:37','','状态码：2001说明：支付成功！;',1,2,'13724894160',3,2,0,6,2,'iappay',1),(27,100333,'30万金币','游客100333','JYHD2017091152485056','',2,'30','2017-09-11 19:18:28',0,'2017-09-11 04:18:28','','状态码：2001说明：支付成功！;',1,3,'13724894160',3,3,0,6,2,'iappay',1),(28,100344,'648万金币','游客100344','JYHD2017091110157494','',2,'648','2017-09-11 20:02:23',0,'2017-09-11 05:02:22','','状态码：2001说明：支付成功！;',1,3,'13724894160',3,3,0,6,2,'iappay',1),(29,100163,'月卡','玩家:100163','JYHD2017091199574851','',2,'30','2017-09-11 20:06:04',0,'2017-09-11 05:06:04','','状态码：2001说明：支付成功！;',1,2,'13724894160',3,2,0,6,2,'iappay',1),(30,100347,'月卡','游客100347','JYHD2017091110155575','',2,'30','2017-09-11 20:09:19',0,'2017-09-11 05:09:18','','状态码：2001说明：支付成功！;',1,2,'13724894160',3,2,0,6,2,'iappay',1),(31,100348,'月卡','游客100348','JYHD2017091155515010','',2,'30','2017-09-11 20:10:15',0,'2017-09-11 05:10:15','','状态码：2001说明：支付成功！;',1,2,'13724894160',3,2,0,6,2,'iappay',1),(32,100349,'月卡','游客100349','JYHD2017091153495199','',2,'30','2017-09-11 20:10:45',0,'2017-09-11 05:10:45','','状态码：2001说明：支付成功！;',1,2,'13724894160',3,2,0,6,2,'iappay',1),(33,100350,'月卡','游客100350','JYHD2017091198101555','',2,'30','2017-09-11 20:13:32',0,'2017-09-11 05:13:32','','状态码：2001说明：支付成功！;',1,2,'13724894160',3,2,0,6,2,'iappay',1),(34,100355,'月卡','游客100355','JYHD2017091197102481','',2,'30','2017-09-11 20:29:47',0,'2017-09-11 05:29:47','','状态码：2001说明：支付成功！;',1,2,'13724894160',3,2,0,6,2,'iappay',1),(35,100008,'月卡','游客100008','JYHD2017091151499854','',2,'30','2017-09-11 20:50:27',0,'2017-09-11 05:50:27','','状态码：2001说明：支付成功！;',1,2,'13724894160',3,2,0,6,2,'iappay',1),(36,100009,'月卡','游客100009','JYHD2017091148524851','',2,'30','2017-09-11 20:51:28',0,'2017-09-11 05:51:28','','状态码：2001说明：支付成功！;',1,2,'13724894160',3,2,0,6,2,'iappay',1),(37,100010,'月卡','游客100010','JYHD2017091110010151','',2,'30','2017-09-11 20:52:46',0,'2017-09-11 05:52:46','','状态码：2001说明：支付成功！;',1,2,'13724894160',3,2,0,6,2,'iappay',1),(38,100012,'月卡','游客100012','JYHD2017091110050539','',2,'30','2017-09-11 20:53:49',0,'2017-09-11 05:53:49','','状态码：2001说明：支付成功！;',1,2,'13724894160',3,2,0,6,2,'iappay',1),(39,100016,'月卡','游客100016','JYHD2017091153565510','',2,'30','2017-09-11 20:55:33',0,'2017-09-11 05:55:33','','状态码：2001说明：支付成功！;',1,2,'13724894160',3,2,0,6,2,'iappay',1),(40,100018,'月卡','游客100018','JYHD2017091199101995','',2,'30','2017-09-11 21:00:29',0,'2017-09-11 06:00:29','','状态码：2001说明：支付成功！;',1,2,'13724894160',3,2,0,6,2,'iappay',1),(41,100019,'月卡','游客100019','JYHD2017091151501011','',2,'30','2017-09-11 21:01:07',0,'2017-09-11 06:01:07','','状态码：2001说明：支付成功！;',1,2,'13724894160',3,2,0,6,2,'iappay',1),(42,100046,'680钻石','游客100046','JYHD2017091249999910','',2,'68','2017-09-12 15:01:38',0,'2017-09-12 00:01:38','','状态码：2001说明：支付成功！;',1,3,'13724894160',3,3,0,6,2,'iappay',1),(43,100048,'680钻石','游客100048','JYHD2017091257525456','',2,'68','2017-09-12 15:16:41',0,'2017-09-12 00:16:41','','状态码：2001说明：支付成功！;',1,3,'13724894160',3,3,0,6,2,'iappay',1),(44,100058,'680钻石','游客100058','JYHD2017091249515610','',1,'68','2017-09-12 15:24:49',0,'2017-09-12 00:24:49','','状态码：2001说明：支付成功！;',1,3,'13724894160',3,3,0,6,2,'iappay',1),(45,100061,'680钻石','游客100061','JYHD2017091210250539','',1,'68','2017-09-12 15:26:55',0,'2017-09-12 00:26:55','','状态码：2001说明：支付成功！;',1,3,'13724894160',3,3,0,6,2,'iappay',1),(46,100065,'680钻石','游客100065','JYHD2017091210251102','',1,'68','2017-09-12 15:38:39',0,'2017-09-12 00:38:39','','状态码：2001说明：支付成功！;',1,3,'13724894160',3,3,0,6,2,'iappay',1),(47,100070,'680钻石','游客100070','JYHD2017091210110098','',1,'68','2017-09-12 15:44:31',0,'2017-09-12 00:44:31','','状态码：2001说明：支付成功！;',1,3,'13724894160',3,3,0,6,2,'iappay',1),(48,100069,'60钻石','游客100069','JYHD2017091298100494','',2,'6','2017-09-12 15:45:00',0,'2017-09-12 00:45:00','','状态码：2001说明：支付成功！;',1,3,'13724894160',3,3,0,6,2,'iappay',1),(49,100069,'680钻石','游客100069','JYHD2017091210157509','',1,'68','2017-09-12 15:45:02',0,'2017-09-12 00:45:02','','状态码：2001说明：支付成功！;',1,3,'13724894160',0,3,6,6,2,'iappay',1),(50,100076,'680钻石','游客100076','JYHD2017091298994952','',2,'68','2017-09-12 15:51:56',0,'2017-09-12 00:51:56','','状态码：2001说明：支付成功！;',1,3,'13724894160',3,3,0,6,2,'iappay',1),(51,100087,'680钻石','游客100087','JYHD2017091256549998','',2,'68','2017-09-12 17:06:16',0,'2017-09-12 02:06:16','','状态码：2001说明：支付成功！;',1,3,'13724894160',3,3,0,6,2,'iappay',1),(52,100099,'648万金币','游客100099','JYHD2017091299535549','',2,'648','2017-09-12 17:47:40',0,'2017-09-12 02:47:40','','状态码：2001说明：支付成功！;',1,3,'13724894160',0,3,0,6,2,'iappay',1),(53,100104,'680钻石','游客100104','JYHD2017091210254994','',2,'68','2017-09-12 17:50:23',0,'2017-09-12 02:50:23','','状态码：2001说明：支付成功！;',1,3,'13724894160',0,3,0,6,2,'iappay',1),(54,100107,'680钻石','游客100107','JYHD2017091255565698','',2,'68','2017-09-12 19:17:43',0,'2017-09-12 04:17:43','','状态码：2001说明：支付成功！;',1,3,'13724894160',0,3,0,6,2,'iappay',1),(55,100107,'68万金币','游客100107','JYHD2017091250100995','',2,'68','2017-09-12 19:18:27',0,'2017-09-12 04:18:27','','状态码：2001说明：支付成功！;',1,3,'13724894160',1,3,68,6,2,'iappay',1),(56,100116,'680钻石','游客100116','JYHD2017091253524850','',2,'68','2017-09-12 20:16:37',0,'2017-09-12 05:16:37','','状态码：2001说明：支付成功！;',1,3,'13724894160',0,3,0,6,2,'iappay',1),(57,100120,'1680钻石','游客100120','JYHD2017091250995757','',2,'168','2017-09-12 20:24:19',0,'2017-09-12 05:24:19','','状态码：2001说明：支付成功！;',1,3,'13724894160',0,3,0,6,2,'iappay',1),(58,100131,'68万金币','游客100131','JYHD2017091257515550','',2,'68','2017-09-12 20:58:17',0,'2017-09-12 05:58:17','','状态码：2001说明：支付成功！;',1,3,'13724894160',0,3,0,6,2,'iappay',1),(59,100131,'168万金币','游客100131','JYHD2017091210054499','',2,'168','2017-09-12 20:58:21',0,'2017-09-12 05:58:21','','状态码：2001说明：支付成功！;',1,3,'13724894160',1,3,68,6,2,'iappay',1),(60,100131,'648万金币','游客100131','JYHD2017091252505257','',1,'648','2017-09-12 20:58:44',0,'2017-09-12 05:58:44','','状态码：2001说明：支付成功！;',1,3,'13724894160',2,3,236,6,2,'iappay',1),(61,100131,'648万金币','游客100131','JYHD2017091251511021','',1,'648','2017-09-12 20:58:59',0,'2017-09-12 05:58:59','','状态码：2001说明：支付成功！;',1,3,'13724894160',4,3,884,6,2,'iappay',1),(62,100131,'648万金币','游客100131','JYHD2017091252991015','',1,'648','2017-09-12 20:59:01',0,'2017-09-12 05:59:01','','状态码：2001说明：支付成功！;',1,3,'13724894160',4,3,1532,6,2,'iappay',1),(63,100131,'648万金币','游客100131','JYHD2017091254555648','',1,'648','2017-09-12 20:59:02',0,'2017-09-12 05:59:02','','状态码：2001说明：支付成功！;',1,3,'13724894160',5,3,2180,6,2,'iappay',1),(64,100131,'648万金币','游客100131','JYHD2017091255985554','',1,'648','2017-09-12 20:59:04',0,'2017-09-12 05:59:03','','状态码：2001说明：支付成功！;',1,3,'13724894160',5,3,2828,6,2,'iappay',1),(65,100131,'648万金币','游客100131','JYHD2017091257485649','',2,'648','2017-09-12 20:59:05',0,'2017-09-12 05:59:05','','状态码：2001说明：支付成功！;',1,3,'13724894160',5,3,3476,6,2,'iappay',1),(66,100138,'月卡','玩家:100138','JYHD2017091348985751','',2,'30','2017-09-13 10:01:21',0,'2017-09-12 19:01:21','','状态码：2001说明：支付成功！;',1,2,'13724894160',0,2,0,6,2,'iappay',1),(67,100060,'月卡','玩家:100060','JYHD2017091356975150','',2,'30','2017-09-13 10:03:52',0,'2017-09-12 19:03:52','','状态码：2001说明：支付成功！;',1,2,'13724894160',3,2,0,6,2,'iappay',1),(68,100138,'60000金币','玩家:100138','JYHD2017091350999810','',2,'0.01','2017-09-13 10:31:15',0,'2017-09-12 19:31:15','','状态码：2001说明：支付成功！;',1,3,'13724894160',1,3,30,6,2,'iappay',1),(69,100140,'300钻石','游客100140','JYHD2017091398100565','',2,'30','2017-09-13 10:33:00',0,'2017-09-12 19:33:00','','状态码：2001说明：支付成功！;',1,3,'13724894160',0,3,0,6,2,'iappay',1),(70,100150,'680钻石','游客100150','JYHD2017091348574852','',2,'68','2017-09-13 15:24:49',0,'2017-09-13 00:24:49','','状态码：2001说明：支付成功！;',1,3,'13724894160',0,3,0,6,2,'iappay',1),(71,100153,'60钻石','游客100153','JYHD2017091354505757','',2,'6','2017-09-13 15:31:50',0,'2017-09-13 00:31:50','','状态码：2001说明：支付成功！;',1,3,'13724894160',0,3,0,6,2,'iappay',1),(72,100156,'300钻石','游客100156','JYHD2017091353501005','',2,'30','2017-09-13 15:57:25',0,'2017-09-13 00:57:25','','状态码：2001说明：支付成功！;',1,3,'13724894160',0,3,0,6,2,'iappay',1),(73,100157,'300钻石','游客100157','JYHD2017091310099101','',2,'30','2017-09-13 16:04:14',0,'2017-09-13 01:04:14','','状态码：2001说明：支付成功！;',1,3,'13724894160',0,3,0,6,2,'iappay',1),(74,100157,'60000金币','游客100157','JYHD2017091398555710','',2,'0.01','2017-09-13 16:10:35',0,'2017-09-13 01:10:35','','状态码：2001说明：支付成功！;',1,3,'13724894160',1,3,30,6,2,'iappay',1),(75,100158,'300钻石','游客100158','JYHD2017091351565556','',2,'30','2017-09-13 16:13:55',0,'2017-09-13 01:13:55','','状态码：2001说明：支付成功！;',1,3,'13724894160',0,3,0,6,2,'iappay',1),(76,100159,'300钻石','游客100159','JYHD2017091357554997','',2,'30','2017-09-13 16:26:01',0,'2017-09-13 01:26:01','','状态码：2001说明：支付成功！;',1,3,'13724894160',0,3,0,6,2,'iappay',1),(77,100168,'月卡','游客100168','JYHD2017091348529710','',2,'30','2017-09-13 17:16:00',0,'2017-09-13 02:16:00','','状态码：2001说明：支付成功！;',1,2,'13724894160',0,2,0,6,2,'iappay',1),(78,100169,'月卡','游客100169','JYHD2017091398981029','',2,'30','2017-09-13 17:17:16',0,'2017-09-13 02:17:16','','状态码：2001说明：支付成功！;',1,2,'13724894160',0,2,0,6,2,'iappay',1),(79,100170,'月卡','游客100170','JYHD2017091350575110','',2,'30','2017-09-13 17:18:10',0,'2017-09-13 02:18:10','','状态码：2001说明：支付成功！;',1,2,'13724894160',0,2,0,6,2,'iappay',1),(80,100171,'月卡','游客100171','JYHD2017091348495050','',2,'30','2017-09-13 17:18:56',0,'2017-09-13 02:18:56','','状态码：2001说明：支付成功！;',1,2,'13724894160',0,2,0,6,2,'iappay',1),(81,100172,'月卡','游客100172','JYHD2017091357545110','',2,'30','2017-09-13 17:19:37',0,'2017-09-13 02:19:37','','状态码：2001说明：支付成功！;',1,2,'13724894160',0,2,0,6,2,'iappay',1),(82,100173,'月卡','游客100173','JYHD2017091310253569','',2,'30','2017-09-13 17:23:27',0,'2017-09-13 02:23:27','','状态码：2001说明：支付成功！;',1,2,'13724894160',0,2,0,6,2,'iappay',1),(83,100174,'月卡','游客100174','JYHD2017091398485554','',2,'30','2017-09-13 17:24:43',0,'2017-09-13 02:24:43','','状态码：2001说明：支付成功！;',1,2,'13724894160',0,2,0,6,2,'iappay',1),(84,100175,'月卡','游客100175','JYHD2017091397535456','',2,'30','2017-09-13 17:28:26',0,'2017-09-13 02:28:26','','状态码：2001说明：支付成功！;',1,2,'13724894160',0,2,0,6,2,'iappay',1),(85,100176,'月卡','游客100176','JYHD2017091351524999','',2,'30','2017-09-13 17:36:03',0,'2017-09-13 02:36:03','','状态码：2001说明：支付成功！;',1,2,'13724894160',0,2,0,6,2,'iappay',1),(86,100177,'月卡','游客100177','JYHD2017091354554810','',2,'30','2017-09-13 17:43:18',0,'2017-09-13 02:43:18','','状态码：2001说明：支付成功！;',1,2,'13724894160',0,2,0,6,2,'iappay',1),(87,100181,'月卡','游客100181','JYHD2017091356100521','',1,'30','2017-09-13 04:11:53',0,'2017-09-13 04:11:53','',NULL,1,2,'13724894160',0,2,0,6,2,'iappay',0),(88,100181,'月卡','游客100181','JYHD2017091349571001','',1,'30','2017-09-13 04:12:01',0,'2017-09-13 04:12:01','',NULL,1,2,'13724894160',0,2,0,6,2,'iappay',0),(89,100181,'月卡','游客100181','JYHD2017091351535256','',1,'30','2017-09-13 04:12:03',0,'2017-09-13 04:12:03','',NULL,1,2,'13724894160',0,2,0,6,2,'iappay',0),(90,100181,'月卡','游客100181','JYHD2017091355529998','',1,'30','2017-09-13 04:12:07',0,'2017-09-13 04:12:07','',NULL,1,2,'13724894160',0,2,0,6,2,'iappay',0),(91,100181,'月卡','游客100181','JYHD2017091349501004','',1,'30','2017-09-13 04:12:17',0,'2017-09-13 04:12:17','',NULL,1,2,'13724894160',0,2,0,6,2,'iappay',0),(92,100182,'月卡','游客100182','JYHD2017091353102485','',1,'30','2017-09-13 04:12:54',0,'2017-09-13 04:12:54','',NULL,1,2,'13724894160',0,2,0,6,2,'iappay',0),(93,100182,'月卡','游客100182','JYHD2017091310110251','',2,'30','2017-09-13 19:13:35',0,'2017-09-13 04:13:35','','状态码：2001说明：支付成功！;',1,2,'13724894160',0,2,0,6,2,'iappay',1),(94,100183,'月卡','游客100183','JYHD2017091348561005','',2,'30','2017-09-13 19:14:56',0,'2017-09-13 04:14:56','','状态码：2001说明：支付成功！;',1,2,'13724894160',0,2,0,6,2,'iappay',1),(95,100184,'月卡','游客100184','JYHD2017091398531015','',4,'30','2017-09-13 19:18:15',0,'2017-09-13 04:17:15','','状态码：3004说明：服务器无响应;',1,2,'13724894160',0,2,0,6,2,'iappay',1),(96,100191,'月卡','游客100191','JYHD2017091352100481','',2,'30','2017-09-13 20:46:13',0,'2017-09-13 05:46:13','','状态码：2001说明：支付成功！;',1,2,'13724894160',0,2,0,6,2,'iappay',1),(97,100193,'月卡','游客100193','JYHD2017091357505157','',2,'30','2017-09-13 20:51:53',0,'2017-09-13 05:51:53','','状态码：2001说明：支付成功！;',1,2,'13724894160',0,2,0,6,2,'iappay',1),(98,100201,'月卡','游客100201','JYHD2017091310099535','',2,'30','2017-09-13 21:13:34',0,'2017-09-13 06:13:34','','状态码：2001说明：支付成功！;',1,2,'13724894160',0,2,0,6,2,'iappay',1),(99,100204,'月卡','玩家:100204','JYHD2017091499521024','',2,'30','2017-09-14 10:14:36',0,'2017-09-13 19:14:36','','状态码：2001说明：支付成功！;',1,2,'13724894160',0,2,0,6,2,'iappay',1),(100,100205,'30万金币','游客100205','JYHD2017091450521019','',2,'0.01','2017-09-14 10:17:54',0,'2017-09-13 19:17:54','','状态码：2001说明：支付成功！;',1,3,'13724894160',0,3,0,6,2,'iappay',1),(101,100207,'6480钻石','游客100207','JYHD2017091449535410','',2,'648','2017-09-14 10:28:17',0,'2017-09-13 19:28:17','','状态码：2001说明：支付成功！;',1,3,'13724894160',0,3,0,6,2,'iappay',1),(102,100208,'6480钻石','游客100208','JYHD2017091497999949','',2,'648','2017-09-14 10:32:43',0,'2017-09-13 19:32:43','','状态码：2001说明：支付成功！;',1,3,'13724894160',0,3,0,6,2,'iappay',1),(103,100209,'648万金币','游客100209','JYHD2017091452485556','',1,'648','2017-09-14 10:35:16',0,'2017-09-13 19:35:16','','状态码：2001说明：支付成功！;',1,3,'13724894160',0,3,0,6,2,'iappay',1),(104,100209,'68万金币','游客100209','JYHD2017091497484849','',2,'68','2017-09-14 10:35:22',0,'2017-09-13 19:35:22','','状态码：2001说明：支付成功！;',1,3,'13724894160',3,3,648,6,2,'iappay',1),(105,100209,'168万金币','游客100209','JYHD2017091410010156','',2,'168','2017-09-14 10:35:26',0,'2017-09-13 19:35:26','','状态码：2001说明：支付成功！;',1,3,'13724894160',3,3,716,6,2,'iappay',1),(106,100209,'月卡','游客100209','JYHD2017091497975710','',2,'30','2017-09-14 10:35:54',0,'2017-09-13 19:35:54','','状态码：2001说明：支付成功！;',1,2,'13724894160',4,2,884,6,2,'iappay',1),(107,100209,'68万金币','游客100209','JYHD2017091451565751','',2,'68','2017-09-14 10:38:59',0,'2017-09-13 19:38:59','','状态码：2001说明：支付成功！;',1,3,'13724894160',4,3,914,6,2,'iappay',1),(108,100209,'6480钻石','游客100209','JYHD2017091410152102','',2,'648','2017-09-14 10:39:58',0,'2017-09-13 19:39:58','','状态码：2001说明：支付成功！;',1,3,'13724894160',4,3,982,6,2,'iappay',1),(109,100209,'680钻石','游客100209','JYHD2017091452551024','',2,'68','2017-09-14 10:40:04',0,'2017-09-13 19:40:04','','状态码：2001说明：支付成功！;',1,3,'13724894160',4,3,1630,6,2,'iappay',1),(110,100209,'1680钻石','游客100209','JYHD2017091450549810','',2,'168','2017-09-14 10:40:18',0,'2017-09-13 19:40:18','','状态码：2001说明：支付成功！;',1,3,'13724894160',4,3,1698,6,2,'iappay',1),(111,100209,'680钻石','游客100209','JYHD2017091410210055','',2,'68','2017-09-14 10:40:32',0,'2017-09-13 19:40:32','','状态码：2001说明：支付成功！;',1,3,'13724894160',4,3,1866,6,2,'iappay',1),(112,100212,'648万金币','游客100212','JYHD2017091499485153','',2,'648','2017-09-14 11:04:28',0,'2017-09-13 20:04:28','','状态码：2001说明：支付成功！;',1,3,'13724894160',0,3,0,6,2,'iappay',1),(113,100213,'648万金币','游客100213','JYHD2017091410110056','',2,'648','2017-09-14 11:06:39',0,'2017-09-13 20:06:39','','状态码：2001说明：支付成功！;',1,3,'13724894160',0,3,0,6,2,'iappay',1),(114,100060,'648万金币','玩家:100060','JYHD2017091456514910','',2,'648','2017-09-14 11:20:40',0,'2017-09-13 20:20:40','','状态码：2001说明：支付成功！;',1,3,'13724894160',1,3,30,6,2,'iappay',1),(115,100060,'648万金币','玩家:100060','JYHD2017091498495449','',1,'648','2017-09-14 11:20:43',0,'2017-09-13 20:20:43','','状态码：2001说明：支付成功！;',1,3,'13724894160',3,3,678,6,2,'iappay',1),(116,100060,'648万金币','玩家:100060','JYHD2017091450101495','',2,'648','2017-09-14 11:20:51',0,'2017-09-13 20:20:51','','状态码：2001说明：支付成功！;',1,3,'13724894160',4,3,1326,6,2,'iappay',1),(117,100060,'648万金币','玩家:100060','JYHD2017091453100985','',2,'648','2017-09-14 11:20:54',0,'2017-09-13 20:20:54','','状态码：2001说明：支付成功！;',1,3,'13724894160',4,3,1974,6,2,'iappay',1),(118,100060,'648万金币','玩家:100060','JYHD2017091499481005','',2,'648','2017-09-14 11:21:00',0,'2017-09-13 20:21:00','','状态码：2001说明：支付成功！;',1,3,'13724894160',5,3,2622,6,2,'iappay',1),(119,100060,'648万金币','玩家:100060','JYHD2017091451495356','',2,'648','2017-09-14 11:21:07',0,'2017-09-13 20:21:07','','状态码：2001说明：支付成功！;',1,3,'13724894160',5,3,3270,6,2,'iappay',1),(120,100060,'648万金币','玩家:100060','JYHD2017091457100525','',2,'648','2017-09-14 11:21:14',0,'2017-09-13 20:21:14','','状态码：2001说明：支付成功！;',1,3,'13724894160',5,3,3918,6,2,'iappay',1),(121,100060,'648万金币','玩家:100060','JYHD2017091498545457','',2,'648','2017-09-14 11:21:15',0,'2017-09-13 20:21:15','','状态码：2001说明：支付成功！;',1,3,'13724894160',5,3,4566,6,2,'iappay',1),(122,100213,'月卡','游客100213','JYHD2017091498565253','',2,'30','2017-09-14 11:42:35',0,'2017-09-13 20:42:35','','状态码：2001说明：支付成功！;',1,2,'13724894160',3,2,648,6,2,'iappay',1),(123,100216,'648万金币','游客100216','JYHD2017091457559898','',2,'648','2017-09-14 11:43:37',0,'2017-09-13 20:43:37','','状态码：2001说明：支付成功！;',1,3,'13724894160',0,3,0,6,2,'iappay',1),(124,100204,'60000金币','玩家:100204','JYHD2017091453555710','',2,'0.01','2017-09-14 11:45:25',0,'2017-09-13 20:45:25','','状态码：2001说明：支付成功！;',1,3,'13724894160',1,3,30,6,2,'iappay',1),(125,100217,'648万金币','游客100217','JYHD2017091455979854','',2,'648','2017-09-14 11:46:16',0,'2017-09-13 20:46:15','','状态码：2001说明：支付成功！;',1,3,'13724894160',0,3,0,6,2,'iappay',1),(126,100223,'月卡','游客100223','JYHD2017091497555050','',2,'30','2017-09-14 16:41:30',0,'2017-09-14 01:41:30','','状态码：2001说明：支付成功！;',1,2,'13724894160',0,2,0,6,2,'iappay',1),(127,100238,'月卡','游客100238','JYHD2017091454559999','',2,'30','2017-09-14 18:40:06',0,'2017-09-14 03:40:06','','状态码：2001说明：支付成功！;',1,2,'13724894160',0,2,0,6,2,'iappay',1),(128,100238,'60000金币','游客100238','JYHD2017091410254991','',2,'0.01','2017-09-14 18:41:51',0,'2017-09-14 03:41:51','','状态码：2001说明：支付成功！;',2,3,'13724894160',1,3,30,6,2,'iappay',1),(129,100273,'月卡','玩家:100273','JYHD2017091549499810','',2,'30','2017-09-15 16:57:53',0,'2017-09-15 01:57:53','','状态码：2001说明：支付成功！;',1,2,'13724894160',0,2,0,6,2,'iappay',1),(130,100271,'月卡','玩家:100271','JYHD2017091550100101','',2,'30','2017-09-15 16:58:11',0,'2017-09-15 01:58:11','','状态码：2001说明：支付成功！;',1,2,'13724894160',0,2,0,6,2,'iappay',1),(131,100249,'月卡','玩家:100249','JYHD2017091510048985','',2,'30','2017-09-15 17:23:57',0,'2017-09-15 02:23:57','','状态码：2001说明：支付成功！;',1,2,'13724894160',0,2,0,6,2,'iappay',1),(132,100275,'月卡','玩家:100275','JYHD2017091599505010','',2,'30','2017-09-15 17:26:04',0,'2017-09-15 02:26:04','','状态码：2001说明：支付成功！;',1,2,'13724894160',0,2,0,6,2,'iappay',1),(133,100274,'30万金币','玩家:100274','JYHD2017091599100101','',2,'0.01','2017-09-15 17:27:25',0,'2017-09-15 02:27:25','','状态码：2001说明：支付成功！;',1,3,'13724894160',0,3,0,6,2,'iappay',1),(134,100276,'月卡','玩家:100276','JYHD2017091510155515','',2,'30','2017-09-15 17:27:58',0,'2017-09-15 02:27:58','','状态码：2001说明：支付成功！;',1,2,'13724894160',0,2,0,6,2,'iappay',1),(135,100279,'月卡','玩家:100279','JYHD2017091510051504','',2,'30','2017-09-15 17:31:57',0,'2017-09-15 02:31:57','','状态码：2001说明：支付成功！;',1,2,'13724894160',0,2,0,6,2,'iappay',1),(136,100280,'月卡','玩家:100280','JYHD2017091510156495','',2,'30','2017-09-15 17:35:10',0,'2017-09-15 02:35:10','','状态码：2001说明：支付成功！;',1,2,'13724894160',0,2,0,6,2,'iappay',1),(137,100281,'月卡','游客100281','JYHD2017091553515697','',2,'30','2017-09-15 17:35:49',0,'2017-09-15 02:35:49','','状态码：2001说明：支付成功！;',1,2,'13724894160',0,2,0,6,2,'iappay',1),(138,100285,'月卡','玩家:100285','JYHD2017091550501011','',2,'30','2017-09-15 17:44:34',0,'2017-09-15 02:44:34','','状态码：2001说明：支付成功！;',1,2,'13724894160',0,2,0,6,2,'iappay',1);

/*Table structure for table `jy_users_package_shop_log` */

DROP TABLE IF EXISTS `jy_users_package_shop_log`;

CREATE TABLE `jy_users_package_shop_log` (
  `Id` bigint(20) unsigned NOT NULL AUTO_INCREMENT COMMENT '用户礼包购买记录',
  `playerid` bigint(20) unsigned NOT NULL COMMENT '用户Id',
  `Type` tinyint(1) unsigned NOT NULL COMMENT '1-首充 2-月卡',
  `DateTime` timestamp NOT NULL DEFAULT CURRENT_TIMESTAMP COMMENT '创建时间',
  PRIMARY KEY (`Id`),
  KEY `playerid` (`playerid`,`Type`,`DateTime`)
) ENGINE=MyISAM AUTO_INCREMENT=55 DEFAULT CHARSET=utf8;

/*Data for the table `jy_users_package_shop_log` */

insert  into `jy_users_package_shop_log`(`Id`,`playerid`,`Type`,`DateTime`) values (12,100347,2,'2017-09-11 05:09:19'),(11,100163,2,'2017-09-11 05:06:04'),(10,100164,2,'2017-09-11 02:55:37'),(9,100165,2,'2017-09-07 05:15:11'),(13,100348,2,'2017-09-11 05:10:15'),(8,100166,2,'2017-09-07 05:14:09'),(14,100349,2,'2017-09-11 05:10:45'),(15,100350,2,'2017-09-11 05:13:32'),(16,100355,2,'2017-09-11 05:29:47'),(17,100008,2,'2017-09-11 05:50:27'),(18,100009,2,'2017-09-11 05:51:28'),(19,100010,2,'2017-09-11 05:52:46'),(20,100012,2,'2017-09-11 05:53:49'),(21,100016,2,'2017-09-11 05:55:33'),(22,100018,2,'2017-09-11 06:00:29'),(23,100019,2,'2017-09-11 06:01:07'),(24,100138,2,'2017-09-12 19:01:21'),(25,100060,2,'2017-09-12 19:03:52'),(26,100168,2,'2017-09-13 02:16:00'),(27,100169,2,'2017-09-13 02:17:16'),(28,100170,2,'2017-09-13 02:18:10'),(29,100171,2,'2017-09-13 02:18:56'),(30,100172,2,'2017-09-13 02:19:37'),(31,100173,2,'2017-09-13 02:23:27'),(32,100174,2,'2017-09-13 02:24:43'),(33,100175,2,'2017-09-13 02:28:26'),(34,100176,2,'2017-09-13 02:36:03'),(35,100177,2,'2017-09-13 02:43:18'),(36,100182,2,'2017-09-13 04:13:35'),(37,100183,2,'2017-09-13 04:14:56'),(38,100191,2,'2017-09-13 05:46:13'),(39,100193,2,'2017-09-13 05:51:53'),(40,100201,2,'2017-09-13 06:13:34'),(41,100204,2,'2017-09-13 19:14:36'),(42,100209,2,'2017-09-13 19:35:54'),(43,100213,2,'2017-09-13 20:42:35'),(44,100223,2,'2017-09-14 01:41:30'),(45,100238,2,'2017-09-14 03:40:06'),(46,100273,2,'2017-09-15 01:57:53'),(47,100271,2,'2017-09-15 01:58:11'),(48,100249,2,'2017-09-15 02:23:57'),(49,100275,2,'2017-09-15 02:26:04'),(50,100276,2,'2017-09-15 02:27:58'),(51,100279,2,'2017-09-15 02:31:57'),(52,100280,2,'2017-09-15 02:35:10'),(53,100281,2,'2017-09-15 02:35:49'),(54,100285,2,'2017-09-15 02:44:34');

/*Table structure for table `jy_users_shop_log` */

DROP TABLE IF EXISTS `jy_users_shop_log`;

CREATE TABLE `jy_users_shop_log` (
  `Id` bigint(20) unsigned NOT NULL AUTO_INCREMENT COMMENT '购买记录',
  `playerid` bigint(20) unsigned NOT NULL COMMENT '用户ID',
  `GoodID` int(11) unsigned NOT NULL COMMENT '物品ID',
  `Code` varchar(20) NOT NULL COMMENT '物品编号',
  `GiveNum` int(11) unsigned NOT NULL DEFAULT '0' COMMENT '赠送数量',
  `IsGive` tinyint(1) unsigned NOT NULL DEFAULT '1' COMMENT '是否赠送 1-否 2-是',
  `Number` int(11) unsigned NOT NULL DEFAULT '1' COMMENT '数量',
  `DateTime` timestamp NOT NULL DEFAULT CURRENT_TIMESTAMP COMMENT '创建时间',
  PRIMARY KEY (`Id`)
) ENGINE=MyISAM AUTO_INCREMENT=127 DEFAULT CHARSET=utf8;

/*Data for the table `jy_users_shop_log` */

insert  into `jy_users_shop_log`(`Id`,`playerid`,`GoodID`,`Code`,`GiveNum`,`IsGive`,`Number`,`DateTime`) values (1,100201,25,'2312',0,1,1,'2017-09-05 04:17:27'),(2,100201,18,'1004',0,2,1,'2017-09-05 04:17:27'),(3,100201,19,'1005',0,2,1,'2017-09-05 04:17:27'),(4,100201,20,'1001',0,2,30,'2017-09-05 04:17:27'),(5,100201,23,'1002',0,2,50000,'2017-09-05 04:17:27'),(6,100201,26,'312',0,2,8,'2017-09-05 04:17:27'),(7,100201,27,'4645',0,2,3,'2017-09-05 04:17:27'),(8,100201,25,'2312',0,1,1,'2017-09-05 04:18:37'),(9,100201,18,'1004',0,2,1,'2017-09-05 04:18:37'),(10,100201,19,'1005',0,2,1,'2017-09-05 04:18:37'),(11,100201,20,'1001',0,2,30,'2017-09-05 04:18:37'),(12,100201,23,'1002',0,2,50000,'2017-09-05 04:18:37'),(13,100201,26,'312',0,2,8,'2017-09-05 04:18:37'),(14,100201,27,'4645',0,2,3,'2017-09-05 04:18:37'),(15,100201,25,'2312',0,1,1,'2017-09-05 04:18:40'),(16,100201,18,'1004',0,2,1,'2017-09-05 04:18:40'),(17,100201,19,'1005',0,2,1,'2017-09-05 04:18:40'),(18,100201,20,'1001',0,2,30,'2017-09-05 04:18:40'),(19,100201,23,'1002',0,2,50000,'2017-09-05 04:18:40'),(20,100201,26,'312',0,2,8,'2017-09-05 04:18:40'),(21,100201,27,'4645',0,2,3,'2017-09-05 04:18:40'),(22,100201,25,'2312',0,1,1,'2017-09-05 04:18:42'),(23,100201,18,'1004',0,2,1,'2017-09-05 04:18:42'),(24,100201,19,'1005',0,2,1,'2017-09-05 04:18:42'),(25,100201,20,'1001',0,2,30,'2017-09-05 04:18:42'),(26,100201,23,'1002',0,2,50000,'2017-09-05 04:18:42'),(27,100201,26,'312',0,2,8,'2017-09-05 04:18:42'),(28,100201,27,'4645',0,2,3,'2017-09-05 04:18:42'),(29,100201,25,'2312',0,1,1,'2017-09-05 04:18:44'),(30,100201,18,'1004',0,2,1,'2017-09-05 04:18:44'),(31,100201,19,'1005',0,2,1,'2017-09-05 04:18:44'),(32,100201,20,'1001',0,2,30,'2017-09-05 04:18:44'),(33,100201,23,'1002',0,2,50000,'2017-09-05 04:18:44'),(34,100201,26,'312',0,2,8,'2017-09-05 04:18:44'),(35,100201,27,'4645',0,2,3,'2017-09-05 04:18:44'),(36,100201,25,'2312',0,1,1,'2017-09-05 04:19:00'),(37,100201,18,'1004',0,2,1,'2017-09-05 04:19:00'),(38,100201,19,'1005',0,2,1,'2017-09-05 04:19:00'),(39,100201,20,'1001',0,2,30,'2017-09-05 04:19:00'),(40,100201,23,'1002',0,2,50000,'2017-09-05 04:19:00'),(41,100201,26,'312',0,2,8,'2017-09-05 04:19:00'),(42,100201,27,'4645',0,2,3,'2017-09-05 04:19:00'),(43,100201,25,'2312',0,1,1,'2017-09-05 04:20:45'),(44,100201,18,'1004',0,2,1,'2017-09-05 04:20:45'),(45,100201,19,'1005',0,2,1,'2017-09-05 04:20:45'),(46,100201,20,'1001',0,2,30,'2017-09-05 04:20:45'),(47,100201,23,'1002',0,2,50000,'2017-09-05 04:20:45'),(48,100201,26,'312',0,2,8,'2017-09-05 04:20:45'),(49,100201,27,'4645',0,2,3,'2017-09-05 04:20:45'),(50,100201,25,'2312',0,1,1,'2017-09-05 04:20:52'),(51,100201,18,'1004',0,2,1,'2017-09-05 04:20:52'),(52,100201,19,'1005',0,2,1,'2017-09-05 04:20:52'),(53,100201,20,'1001',0,2,30,'2017-09-05 04:20:52'),(54,100201,23,'1002',0,2,50000,'2017-09-05 04:20:52'),(55,100201,26,'312',0,2,8,'2017-09-05 04:20:52'),(56,100201,27,'4645',0,2,3,'2017-09-05 04:20:52'),(57,100201,25,'2312',0,1,1,'2017-09-05 04:54:03'),(58,100201,18,'1004',0,2,1,'2017-09-05 04:54:03'),(59,100201,19,'1005',0,2,1,'2017-09-05 04:54:03'),(60,100201,20,'1001',0,2,30,'2017-09-05 04:54:03'),(61,100201,23,'1002',0,2,50000,'2017-09-05 04:54:03'),(62,100201,26,'312',0,2,8,'2017-09-05 04:54:03'),(63,100201,27,'4645',0,2,3,'2017-09-05 04:54:03'),(64,100201,25,'2312',0,1,1,'2017-09-05 04:55:15'),(65,100201,18,'1004',0,2,1,'2017-09-05 04:55:15'),(66,100201,19,'1005',0,2,1,'2017-09-05 04:55:15'),(67,100201,20,'1001',0,2,30,'2017-09-05 04:55:15'),(68,100201,23,'1002',0,2,50000,'2017-09-05 04:55:15'),(69,100201,26,'312',0,2,8,'2017-09-05 04:55:15'),(70,100201,27,'4645',0,2,3,'2017-09-05 04:55:15'),(71,100201,25,'2312',0,1,1,'2017-09-05 04:56:40'),(72,100201,18,'1004',0,2,1,'2017-09-05 04:56:40'),(73,100201,19,'1005',0,2,1,'2017-09-05 04:56:40'),(74,100201,20,'1001',0,2,30,'2017-09-05 04:56:40'),(75,100201,23,'1002',0,2,50000,'2017-09-05 04:56:40'),(76,100201,26,'312',0,2,8,'2017-09-05 04:56:40'),(77,100201,27,'4645',0,2,3,'2017-09-05 04:56:40'),(78,100201,25,'2312',0,1,1,'2017-09-05 04:57:09'),(79,100201,18,'1004',0,2,1,'2017-09-05 04:57:09'),(80,100201,19,'1005',0,2,1,'2017-09-05 04:57:09'),(81,100201,20,'1001',0,2,30,'2017-09-05 04:57:09'),(82,100201,23,'1002',0,2,50000,'2017-09-05 04:57:09'),(83,100201,26,'312',0,2,8,'2017-09-05 04:57:09'),(84,100201,27,'4645',0,2,3,'2017-09-05 04:57:09'),(85,100201,25,'2312',0,1,1,'2017-09-05 05:01:21'),(86,100201,18,'1004',0,2,1,'2017-09-05 05:01:21'),(87,100201,19,'1005',0,2,1,'2017-09-05 05:01:21'),(88,100201,20,'1001',0,2,30,'2017-09-05 05:01:21'),(89,100201,23,'1002',0,2,50000,'2017-09-05 05:01:21'),(90,100201,26,'312',0,2,8,'2017-09-05 05:01:21'),(91,100201,27,'4645',0,2,3,'2017-09-05 05:01:21'),(92,100201,25,'2312',0,1,1,'2017-09-05 05:04:21'),(93,100201,18,'1004',0,2,1,'2017-09-05 05:04:21'),(94,100201,19,'1005',0,2,1,'2017-09-05 05:04:21'),(95,100201,20,'1001',0,2,30,'2017-09-05 05:04:21'),(96,100201,23,'1002',0,2,50000,'2017-09-05 05:04:21'),(97,100201,26,'312',0,2,8,'2017-09-05 05:04:21'),(98,100201,27,'4645',0,2,3,'2017-09-05 05:04:21'),(99,100201,25,'2312',0,1,1,'2017-09-05 05:08:34'),(100,100201,18,'1004',0,2,1,'2017-09-05 05:08:34'),(101,100201,19,'1005',0,2,1,'2017-09-05 05:08:34'),(102,100201,20,'1001',0,2,30,'2017-09-05 05:08:34'),(103,100201,23,'1002',0,2,50000,'2017-09-05 05:08:34'),(104,100201,26,'312',0,2,8,'2017-09-05 05:08:34'),(105,100201,27,'4645',0,2,3,'2017-09-05 05:08:34'),(106,100201,25,'2312',0,1,1,'2017-09-05 05:11:55'),(107,100201,18,'1004',0,2,1,'2017-09-05 05:11:55'),(108,100201,19,'1005',0,2,1,'2017-09-05 05:11:55'),(109,100201,20,'1001',0,2,30,'2017-09-05 05:11:55'),(110,100201,23,'1002',0,2,50000,'2017-09-05 05:11:55'),(111,100201,26,'312',0,2,8,'2017-09-05 05:11:55'),(112,100201,27,'4645',0,2,3,'2017-09-05 05:11:55'),(113,100201,25,'2312',0,1,1,'2017-09-05 05:12:06'),(114,100201,18,'1004',0,2,1,'2017-09-05 05:12:06'),(115,100201,19,'1005',0,2,1,'2017-09-05 05:12:06'),(116,100201,20,'1001',0,2,30,'2017-09-05 05:12:06'),(117,100201,23,'1002',0,2,50000,'2017-09-05 05:12:06'),(118,100201,26,'312',0,2,8,'2017-09-05 05:12:06'),(119,100201,27,'4645',0,2,3,'2017-09-05 05:12:06'),(120,100201,25,'2312',0,1,1,'2017-09-05 05:12:17'),(121,100201,18,'1004',0,2,1,'2017-09-05 05:12:17'),(122,100201,19,'1005',0,2,1,'2017-09-05 05:12:17'),(123,100201,20,'1001',0,2,30,'2017-09-05 05:12:17'),(124,100201,23,'1002',0,2,50000,'2017-09-05 05:12:17'),(125,100201,26,'312',0,2,8,'2017-09-05 05:12:17'),(126,100201,27,'4645',0,2,3,'2017-09-05 05:12:17');

/*Table structure for table `jy_users_sign_log` */

DROP TABLE IF EXISTS `jy_users_sign_log`;

CREATE TABLE `jy_users_sign_log` (
  `Id` bigint(20) unsigned NOT NULL AUTO_INCREMENT COMMENT '用户签到记录表',
  `playerid` bigint(20) unsigned NOT NULL COMMENT '用户ID',
  `GoodsID` int(11) unsigned NOT NULL COMMENT '物品ID',
  `Day` tinyint(1) unsigned NOT NULL COMMENT '第几天',
  `Number` int(11) NOT NULL COMMENT '数量',
  `DateTime` timestamp NOT NULL DEFAULT CURRENT_TIMESTAMP COMMENT '签到时间',
  PRIMARY KEY (`Id`),
  KEY `Day` (`Day`),
  KEY `playerid` (`playerid`,`DateTime`)
) ENGINE=MyISAM AUTO_INCREMENT=14 DEFAULT CHARSET=utf8;

/*Data for the table `jy_users_sign_log` */

insert  into `jy_users_sign_log`(`Id`,`playerid`,`GoodsID`,`Day`,`Number`,`DateTime`) values (1,2,1,1,2,'2017-08-07 04:46:21'),(3,2,1,1,32,'2017-07-31 20:08:09'),(4,2,2,2,32,'2017-08-01 20:08:29'),(5,2,2,3,213,'2017-08-02 20:10:49'),(6,2,2,4,2,'2017-08-03 20:11:52'),(7,2,32,5,32,'2017-08-04 20:11:55'),(8,2,32,6,321,'2017-08-05 20:11:58'),(9,2,312,7,312,'2017-08-06 20:12:01');

/*Table structure for table `jy_vip_info` */

DROP TABLE IF EXISTS `jy_vip_info`;

CREATE TABLE `jy_vip_info` (
  `level` int(4) unsigned NOT NULL DEFAULT '0' COMMENT '等级',
  `GiveInfo` varchar(50) NOT NULL COMMENT '赠送信息',
  `ImgCode` varchar(50) NOT NULL COMMENT '图标',
  `Describe` varchar(255) NOT NULL COMMENT '描述',
  `experience` int(11) NOT NULL COMMENT '充值额度',
  `mtime` timestamp NOT NULL DEFAULT CURRENT_TIMESTAMP COMMENT '创建时间',
  PRIMARY KEY (`level`)
) ENGINE=InnoDB DEFAULT CHARSET=utf8;

/*Data for the table `jy_vip_info` */

insert  into `jy_vip_info`(`level`,`GiveInfo`,`ImgCode`,`Describe`,`experience`,`mtime`) values (0,'','','',0,'2017-09-07 03:02:08'),(1,'赠送武器\"破空\"','gun_02_01.png','每日签到双倍 \r\n每日免费领取 \r\n20000金币',30,'2017-07-25 20:52:02'),(2,'赠送武器\"怒雷\"','gun_03_01.png','在线奖励金币翻倍\r\n每日免费领取\r\n30000金币',100,'2017-08-17 19:48:01'),(3,'赠送武器\"灾星\"','gun_04_01.png','锁定时间x2\r\n每日免费领取\r\n40000金币',300,'2017-08-17 19:48:57'),(4,'赠送武器\"厄运\"','gun_05_01.png','捕鱼概率2倍奖励\r\n每日免费领取\r\n70000金币',800,'2017-08-17 19:49:12'),(5,'赠送武器\"魔焰\"','gun_06_01.png','捕渔券概率x2\r\n每日免费领取\r\n250000金币',2000,'2017-08-17 19:49:32'),(6,'赠送武器\"苍穹\"','gun_07_01.png','捕鱼概率3倍奖励\r\n每日免费领取\r\n250000金币',5000,'2017-08-17 19:49:39'),(7,'赠送武器\"君主\"','gun_08_01.png','捕渔券概率x4\r\n每日免费领取\r\n40000金币',10000,'2017-08-17 19:49:46'),(8,'赠送武器\"冰魄\"','gun_09_01.png','提升打BOSS概率\r\n每日免费领取\r\n650000金币',20000,'2017-08-17 19:49:57'),(9,'赠送武器\"祸忌\"','gun_10_01.png','获得核弹概率x2\r\n每日免费领取\r\n1000000金币',50000,'2017-08-17 19:50:05'),(10,'赠送武器\"魔神\"','gun_11_01.png','提升捕获所有鱼的概率\r\n每日免费领取\r\n1500000金币',100000,'2017-08-17 19:50:12');

/*Table structure for table `player` */

DROP TABLE IF EXISTS `player`;

CREATE TABLE `player` (
  `playerid` bigint(20) NOT NULL COMMENT '玩家id',
  `name` varchar(64) DEFAULT NULL COMMENT '昵称',
  `sex` int(11) DEFAULT NULL COMMENT '1 男 2 女',
  `vip` int(11) DEFAULT NULL COMMENT 'vip 等级',
  `vip_exp` int(11) DEFAULT NULL COMMENT 'vip 经验',
  `status` int(11) DEFAULT NULL COMMENT '游戏状态（1离线，2在线，3玩牌）',
  `serverid` int(11) DEFAULT NULL COMMENT '所在游戏服务器id',
  `game_type` int(11) DEFAULT NULL COMMENT '所在游戏类型',
  `room_type` int(11) DEFAULT NULL COMMENT '所在房间类型',
  `level_type` int(11) DEFAULT NULL COMMENT '所在场次类型',
  `roomid` int(11) DEFAULT NULL COMMENT '所在房间id',
  `gold` bigint(20) DEFAULT NULL COMMENT '金币',
  `diamond` bigint(20) DEFAULT NULL COMMENT '钻石',
  `deposit` bigint(20) DEFAULT NULL COMMENT '存款',
  `profit` bigint(20) DEFAULT NULL COMMENT '当日盈利',
  `glevel` int(11) DEFAULT NULL COMMENT '游戏等级',
  `gexp` int(11) DEFAULT NULL COMMENT '游戏经验',
  `gun_lv` int(11) DEFAULT NULL COMMENT '炮的等级',
  `sign_day` int(11) DEFAULT NULL COMMENT '累计签到天数',
  `sign_time` bigint(20) DEFAULT NULL COMMENT '签到时间',
  `gunid` int(11) DEFAULT NULL COMMENT '当前炮的id',
  `is_mc` int(11) DEFAULT NULL COMMENT '是否是月卡用户',
  `mc_overtime` bigint(20) DEFAULT NULL COMMENT '月卡结束时间',
  PRIMARY KEY (`playerid`)
) ENGINE=InnoDB DEFAULT CHARSET=utf8;

/*Data for the table `player` */

insert  into `player`(`playerid`,`name`,`sex`,`vip`,`vip_exp`,`status`,`serverid`,`game_type`,`room_type`,`level_type`,`roomid`,`gold`,`diamond`,`deposit`,`profit`,`glevel`,`gexp`,`gun_lv`,`sign_day`,`sign_time`,`gunid`,`is_mc`,`mc_overtime`) values (246192,'游客246192',1,0,0,1,0,-1,0,-1,-1,100000,0,0,0,1,0,10,0,0,1,0,0),(246193,'游客246193',1,0,0,1,0,-1,0,-1,-1,100000,0,0,0,1,0,10,0,0,1,0,0),(246194,'游客246194',1,0,0,1,0,-1,0,-1,-1,203900,0,0,103900,1,0,10,0,0,1,0,0),(246195,'游客246195',1,0,0,1,0,-1,0,-1,-1,100000,0,0,0,1,0,10,0,0,1,0,0),(246196,'游客246196',1,0,0,0,0,-1,0,-1,-1,100000,0,0,0,1,0,1,0,0,1,0,0),(246197,'游客246197',1,0,0,0,0,-1,0,-1,-1,100000,0,0,0,1,0,1,0,0,1,0,0),(246198,'游客246198',1,0,0,0,0,-1,0,-1,-1,100000,0,0,0,1,0,1,0,0,1,0,0),(246199,'游客246199',1,0,0,0,0,-1,0,-1,-1,100000,0,0,0,1,0,1,0,0,1,0,0),(246200,'游客246200',1,0,0,0,0,-1,0,-1,-1,100000,0,0,0,1,0,1,0,0,1,0,0),(246201,'游客246201',1,0,0,0,0,-1,0,-1,-1,100000,0,0,0,1,0,1,0,0,1,0,0),(246202,'游客246202',1,0,0,0,0,-1,0,-1,-1,100000,0,0,0,1,0,1,0,0,1,0,0),(246203,'游客246203',1,0,0,0,0,-1,0,-1,-1,100000,0,0,0,1,0,1,0,0,1,0,0),(246204,'游客246204',1,0,0,0,0,-1,0,-1,-1,100000,0,0,0,1,0,1,0,0,1,0,0),(246205,'游客246205',1,0,0,0,0,-1,0,-1,-1,9528710,0,0,9428710,1,0,1,0,0,1,0,0);

/*Table structure for table `test` */

DROP TABLE IF EXISTS `test`;

CREATE TABLE `test` (
  `Id` int(11) unsigned NOT NULL AUTO_INCREMENT COMMENT '测试',
  `name` varchar(255) NOT NULL,
  PRIMARY KEY (`Id`)
) ENGINE=InnoDB AUTO_INCREMENT=9 DEFAULT CHARSET=utf8;

/*Data for the table `test` */

insert  into `test`(`Id`,`name`) values (5,'3'),(6,'3'),(7,'3'),(8,'3');

/*!40101 SET SQL_MODE=@OLD_SQL_MODE */;
/*!40014 SET FOREIGN_KEY_CHECKS=@OLD_FOREIGN_KEY_CHECKS */;
/*!40014 SET UNIQUE_CHECKS=@OLD_UNIQUE_CHECKS */;
/*!40111 SET SQL_NOTES=@OLD_SQL_NOTES */;
