/*
SQLyog Ultimate v12.09 (64 bit)
MySQL - 5.7.20-0ubuntu0.16.04.1-log : Database - jyhd
*********************************************************************
*/

/*!40101 SET NAMES utf8 */;

/*!40101 SET SQL_MODE=''*/;

/*!40014 SET @OLD_UNIQUE_CHECKS=@@UNIQUE_CHECKS, UNIQUE_CHECKS=0 */;
/*!40101 SET @OLD_SQL_MODE=@@SQL_MODE, SQL_MODE='NO_AUTO_VALUE_ON_ZERO' */;
/*!40111 SET @OLD_SQL_NOTES=@@SQL_NOTES, SQL_NOTES=0 */;
CREATE DATABASE /*!32312 IF NOT EXISTS*/`jyhd` /*!40100 DEFAULT CHARACTER SET utf8 */;

/*Table structure for table `game_account` */

DROP TABLE IF EXISTS `game_account`;

CREATE TABLE `game_account` (
  `playerid` bigint(20) NOT NULL,
  `account_type` int(11) DEFAULT NULL COMMENT '帐号类型 (1游客，2自定义)',
  `os_type` int(11) DEFAULT NULL COMMENT '系统类型 (1ios, 2安卓)',
  `mac` varchar(128) DEFAULT NULL COMMENT 'mac地址',
  `imei` varchar(128) DEFAULT NULL COMMENT '手机序列号',
  `imsi` varchar(128) DEFAULT NULL COMMENT '运营商序列号',
  `uuid` varchar(128) DEFAULT NULL COMMENT '苹果uuid',
  `mobile` bigint(20) DEFAULT NULL COMMENT '手机号',
  `accountstate` int(11) DEFAULT NULL COMMENT '账户状态(1正常, 2封号, 3已经登录)',
  `regtime` timestamp NULL DEFAULT CURRENT_TIMESTAMP COMMENT '注册时间',
  `lasttime` timestamp NULL DEFAULT CURRENT_TIMESTAMP COMMENT '最后登录时间',
  `block_desc` varchar(255) DEFAULT NULL COMMENT '封号原因',
  `loginip` varchar(24) DEFAULT NULL COMMENT '登录ip',
  `reg_channel` varchar(32) DEFAULT NULL COMMENT '注册渠道号',
  `login_channel` varchar(32) DEFAULT NULL COMMENT '登录渠道号',
  `phone_model` varchar(24) DEFAULT NULL COMMENT '手机型号',
  `phone_os_ver` varchar(24) DEFAULT NULL COMMENT '手机系统版本',
  `game_ver` varchar(24) DEFAULT NULL COMMENT '游戏版本号',
  `communiid` bigint(20) DEFAULT NULL COMMENT '通讯id',
  `account_name` varchar(24) DEFAULT NULL COMMENT '自定义账号名',
  `pwd` varchar(24) DEFAULT NULL COMMENT '自定义密码',
  `logout_time` varchar(24) DEFAULT NULL COMMENT '最后离线时间',
  `online_time` int(11) DEFAULT NULL,
  PRIMARY KEY (`playerid`),
  KEY `regtime` (`regtime`),
  KEY `reg_channel` (`reg_channel`)
) ENGINE=InnoDB DEFAULT CHARSET=utf8;

/*Data for the table `game_account` */

/*Table structure for table `game_broke_action` */

DROP TABLE IF EXISTS `game_broke_action`;

CREATE TABLE `game_broke_action` (
  `id` bigint(20) NOT NULL AUTO_INCREMENT,
  `playerid` bigint(20) DEFAULT NULL,
  `login_channel` varchar(24) DEFAULT NULL,
  `game_ver` varchar(24) DEFAULT NULL,
  `broke_time` timestamp NULL DEFAULT NULL ON UPDATE CURRENT_TIMESTAMP,
  PRIMARY KEY (`id`)
) ENGINE=InnoDB DEFAULT CHARSET=utf8;

/*Data for the table `game_broke_action` */

/*Table structure for table `game_item` */

DROP TABLE IF EXISTS `game_item`;

CREATE TABLE `game_item` (
  `playerid` bigint(20) NOT NULL,
  `item1_num` int(11) NOT NULL,
  `item2_num` int(11) NOT NULL,
  `item3_num` int(11) NOT NULL,
  `item4_num` int(11) NOT NULL,
  `item5_num` int(11) NOT NULL,
  `item6_num` int(11) NOT NULL,
  PRIMARY KEY (`playerid`)
) ENGINE=InnoDB DEFAULT CHARSET=utf8;

/*Data for the table `game_item` */

insert  into `game_item`(`playerid`,`item1_num`,`item2_num`,`item3_num`,`item4_num`,`item5_num`,`item6_num`) values (100035,0,17,0,0,0,179),(100037,0,8,0,0,0,178),(100049,0,8,0,0,0,230),(100282,0,556,2,2,4,2590),(100646,1,0,0,0,0,170),(101534,0,0,0,0,0,177),(101663,316,15,647,655,2519,322472),(102498,0,1,0,0,0,200),(102691,0,10,0,0,0,14),(102749,0,10,0,0,0,246),(103004,1,0,0,0,0,1993),(103212,630,24,0,0,0,1185),(103343,1,10,0,0,0,140),(103345,0,0,0,0,0,140),(103360,0,0,0,0,0,10),(103375,0,0,0,0,0,10),(103387,630,16,0,0,0,4477306),(103393,0,0,0,0,0,17),(103406,0,0,0,0,0,10),(103424,3,8,0,0,0,10),(103434,0,0,0,0,0,13),(103436,3,0,0,0,0,53),(127969,2,0,0,1,1,2356),(131048,0,10,0,0,0,50),(131054,0,10,0,0,0,50),(131063,0,10,0,0,0,50),(131071,0,10,0,0,0,50),(131072,0,10,0,0,0,50),(131087,0,10,0,0,0,50),(131092,0,10,0,0,0,50),(131093,0,10,0,0,0,50),(131099,0,10,0,0,0,50),(131112,0,10,0,0,0,50),(131128,0,10,0,0,0,50),(131147,0,10,0,0,0,50),(131162,0,10,0,0,0,50),(131169,0,10,0,0,0,50),(131178,0,10,0,0,0,50),(131183,0,10,0,0,0,50),(131194,1,10,0,0,0,50),(131200,0,10,0,0,0,50),(131218,1,10,0,0,0,50),(131234,0,10,0,0,0,50),(131243,0,10,0,0,0,50),(131250,1,10,0,0,0,50),(131257,0,10,0,0,0,50),(131274,1,10,0,0,0,50),(131281,1,10,0,0,0,50),(131292,1,10,0,0,0,50),(131298,1,10,0,0,0,50),(131303,1,10,0,0,0,50),(131317,1,10,0,0,0,50),(131334,0,10,0,0,0,50),(131353,0,10,0,0,0,50),(131359,0,10,0,0,0,50),(131363,0,10,0,0,0,50),(131372,0,10,0,0,0,50),(131388,0,10,0,0,0,50),(131394,0,10,0,0,0,50),(131397,0,10,0,0,0,50),(131399,0,10,0,0,0,50),(131404,0,10,0,0,0,50),(131421,0,10,0,0,0,50),(131431,0,10,0,0,0,50),(131434,0,10,0,0,0,50),(131441,0,10,0,0,0,50),(131455,0,10,0,0,0,50),(131465,0,10,0,0,0,50),(131467,0,10,0,0,0,50),(131481,0,10,0,0,0,50),(131494,0,10,0,0,0,50),(131508,0,10,0,0,0,50),(131520,0,10,0,0,0,50),(131540,0,10,0,0,0,50),(131549,0,10,0,0,0,50),(131550,0,10,0,0,0,50),(131566,0,10,0,0,0,50),(131575,0,10,0,0,0,50),(131586,0,10,0,0,0,50),(131594,0,11,0,0,0,53),(131609,0,10,0,0,0,50),(131614,0,10,0,0,0,50),(131617,0,10,0,0,0,50),(131632,0,10,0,0,0,50),(131643,0,10,0,0,0,50),(131655,0,10,0,0,0,50),(131657,0,10,0,0,0,50),(131661,0,10,0,0,0,50);

/*Table structure for table `game_login_action` */

DROP TABLE IF EXISTS `game_login_action`;

CREATE TABLE `game_login_action` (
  `id` int(11) unsigned NOT NULL AUTO_INCREMENT COMMENT '用户登录记录表',
  `playerid` bigint(20) NOT NULL COMMENT '用户ID',
  `account_type` tinyint(1) unsigned NOT NULL COMMENT '帐号类型 (1游客，2自定义)',
  `os_type` tinyint(1) unsigned NOT NULL COMMENT '系统类型 (1ios, 2安卓)',
  `login_channel` varchar(64) NOT NULL COMMENT '登录渠道',
  `reg_channel` varchar(64) NOT NULL COMMENT '注册渠道',
  `game_ver` varchar(24) NOT NULL COMMENT '游戏版本号',
  `name` varchar(24) NOT NULL COMMENT '用户名',
  `vip` int(11) NOT NULL COMMENT 'vip等级',
  `vip_exp` int(11) NOT NULL COMMENT 'vip经验',
  `glevel` int(11) NOT NULL COMMENT '游戏等级',
  `gexp` int(11) NOT NULL COMMENT '游戏经验',
  `gold` bigint(20) NOT NULL COMMENT '金币',
  `diamond` bigint(20) NOT NULL COMMENT '砖石',
  `deposit` bigint(20) NOT NULL COMMENT '存款',
  `login_time` timestamp NOT NULL DEFAULT CURRENT_TIMESTAMP COMMENT '登录时间',
  `regtime` timestamp NOT NULL DEFAULT CURRENT_TIMESTAMP COMMENT '注册时间',
  PRIMARY KEY (`id`),
  KEY `login_time` (`login_time`,`playerid`),
  KEY `login_channel` (`login_channel`)
) ENGINE=InnoDB AUTO_INCREMENT=45 DEFAULT CHARSET=utf8;

/*Data for the table `game_login_action` */

insert  into `game_login_action`(`id`,`playerid`,`account_type`,`os_type`,`login_channel`,`reg_channel`,`game_ver`,`name`,`vip`,`vip_exp`,`glevel`,`gexp`,`gold`,`diamond`,`deposit`,`login_time`,`regtime`) values (1,103212,2,2,'JYHD_0','JYHD_0','1.0','玩家:103212',0,0,7,12450680,49480,141,0,'2017-10-20 15:36:53','2017-10-14 20:36:41'),(2,100049,1,2,'JYHD_0','JYHD_0','1.0','游客100049',0,0,2,575460,83880,11,0,'2017-10-20 15:37:08','2017-09-29 11:05:06'),(3,100049,1,2,'JYHD_0','JYHD_0','1.0','游客100049',0,0,2,576680,102410,23,0,'2017-10-20 15:38:43','2017-09-29 11:05:06'),(4,101534,1,2,'JYHD_0','JYHD_0','1.0','游客101534',0,0,2,186960,93180,11,0,'2017-10-20 15:39:01','2017-10-11 15:04:40'),(5,103212,2,2,'JYHD_0','JYHD_0','1.0','玩家:103212',0,0,7,12491840,81990,145,0,'2017-10-20 15:41:44','2017-10-14 20:36:41'),(6,103004,2,2,'JYHD_0','JYHD_0','1.0','玩家:103004',0,0,3,814080,0,87,0,'2017-10-20 15:43:55','2017-10-13 16:08:11'),(7,101663,1,2,'JYHD_0','JYHD_0','1.0','游客101663',0,0,1,39910,33540,8,0,'2017-10-20 15:52:48','2017-10-11 15:20:27'),(8,101663,1,2,'JYHD_0','JYHD_0','1.0','游客101663',0,0,1,41040,53720,20,0,'2017-10-20 15:53:58','2017-10-11 15:20:27'),(9,102749,2,2,'JYHD_0','JYHD_0','1.0','玩家:102749',0,0,2,679330,17500,58,0,'2017-10-20 16:18:39','2017-10-13 15:07:14'),(10,101663,1,2,'JYHD_0','JYHD_0','1.0','游客101663',0,0,9,22715200,709017186,1968991,0,'2017-10-20 16:23:38','2017-10-11 15:20:27'),(11,101663,1,2,'JYHD_0','JYHD_0','1.0','游客101663',0,0,9,22715200,709017186,1968991,0,'2017-10-20 16:23:55','2017-10-11 15:20:27'),(12,103004,2,2,'JYHD_0','JYHD_0','1.0','玩家:103004',0,0,5,4653050,2622240,99485,0,'2017-10-20 16:26:51','2017-10-13 16:08:11'),(13,100049,1,2,'JYHD_0','JYHD_0','1.0','游客100049',0,0,2,576680,114410,23,0,'2017-10-20 16:27:03','2017-09-29 11:05:06'),(14,101663,1,2,'JYHD_0','JYHD_0','1.0','游客101663',0,0,9,22715200,709017186,1968991,0,'2017-10-20 16:27:48','2017-10-11 15:20:27'),(15,103004,2,2,'JYHD_0','JYHD_0','1.0','玩家:103004',0,0,5,4653050,2622240,99485,0,'2017-10-20 16:29:14','2017-10-13 16:08:11'),(16,103004,2,2,'JYHD_0','JYHD_0','1.0','玩家:103004',0,0,5,4653050,2622240,99485,0,'2017-10-20 16:31:11','2017-10-13 16:08:11'),(17,101663,1,2,'JYHD_0','JYHD_0','1.0','游客101663',0,0,9,22715200,709017186,1968991,0,'2017-10-20 16:32:47','2017-10-11 15:20:27'),(18,100049,1,2,'JYHD_0','JYHD_0','1.0','游客100049',0,0,2,576680,114410,23,0,'2017-10-20 16:33:06','2017-09-29 11:05:06'),(19,100049,1,2,'JYHD_0','JYHD_0','1.0','游客100049',0,0,2,576680,114400,23,0,'2017-10-20 16:33:44','2017-09-29 11:05:06'),(20,101534,1,2,'JYHD_0','JYHD_0','1.0','游客101534',0,0,2,196020,101710,28,0,'2017-10-20 17:18:12','2017-10-11 15:04:40'),(21,100049,1,2,'JYHD_0','JYHD_0','1.0','游客100049',0,0,2,577030,113070,23,0,'2017-10-20 17:18:36','2017-09-29 11:05:06'),(22,100049,1,2,'JYHD_0','JYHD_0','1.0','游客100049',0,0,2,577150,112960,23,0,'2017-10-20 17:19:14','2017-09-29 11:05:06'),(23,103004,2,2,'JYHD_0','JYHD_0','1.0','玩家:103004',0,0,7,9800860,677550,98369,0,'2017-10-20 17:19:41','2017-10-13 16:08:11'),(24,103004,2,2,'JYHD_0','JYHD_0','1.0','玩家:103004',0,0,7,9901360,616850,98337,0,'2017-10-20 17:32:04','2017-10-13 16:08:11'),(25,100049,1,2,'JYHD_0','JYHD_0','1.0','游客100049',0,0,2,577150,112960,23,0,'2017-10-20 17:41:29','2017-09-29 11:05:06'),(26,103004,2,2,'JYHD_0','JYHD_0','1.0','玩家:103004',0,0,7,9943070,599680,98335,0,'2017-10-20 17:45:34','2017-10-13 16:08:11'),(27,103004,2,2,'JYHD_0','JYHD_0','1.0','玩家:103004',0,0,7,10095290,649200,95143,0,'2017-10-20 18:18:58','2017-10-13 16:08:11'),(28,103004,2,2,'JYHD_0','JYHD_0','1.0','玩家:103004',0,0,7,10906320,5990,93848,0,'2017-10-20 18:26:09','2017-10-13 16:08:11'),(29,103343,1,2,'JYHD_0','JYHD_0','1.0','游客103343',0,0,1,0,6000,10,0,'2017-10-21 12:11:28','2017-10-21 12:11:28'),(30,103343,1,2,'JYHD_0','JYHD_0','1.0','游客103343',0,0,2,585250,54600,38,0,'2017-10-21 15:38:48','2017-10-21 12:11:28'),(31,103343,1,2,'JYHD_0','JYHD_0','1.0','游客103343',0,0,3,870250,0,7,0,'2017-10-21 15:55:03','2017-10-21 12:11:28'),(32,103343,1,2,'JYHD_0','JYHD_0','1.0','游客103343',0,0,3,870250,0,7,0,'2017-10-21 15:57:56','2017-10-21 12:11:28'),(33,103343,1,2,'JYHD_0','JYHD_0','1.0','游客103343',0,0,3,870250,0,7,0,'2017-10-21 16:01:02','2017-10-21 12:11:28'),(34,103343,1,2,'JYHD_0','JYHD_0','1.0','游客103343',0,0,3,870250,0,7,0,'2017-10-21 16:01:10','2017-10-21 12:11:28'),(35,103345,2,2,'JYHD_0','JYHD_0','1.0','玩家:103345',0,0,1,0,6000,10,0,'2017-10-21 16:01:42','2017-10-21 16:01:42'),(36,103345,2,2,'JYHD_0','JYHD_0','1.0','玩家:103345',0,0,1,7900,36460,37,0,'2017-10-22 16:19:51','2017-10-21 16:01:42'),(37,103004,2,2,'JYHD_0','JYHD_0','1.0','玩家:103004',0,0,7,10920840,0,93848,0,'2017-10-23 11:04:32','2017-10-13 16:08:11'),(38,103004,2,2,'JYHD_0','JYHD_0','1.0','玩家:103004',0,0,7,10920840,12000,93848,0,'2017-10-23 11:04:57','2017-10-13 16:08:11'),(39,100049,1,2,'JYHD_0','JYHD_0','1.0','游客100049',0,0,2,580000,114400,28,0,'2017-10-23 12:22:40','2017-09-29 11:05:06'),(40,100049,1,2,'JYHD_0','JYHD_0','1.0','游客100049',0,0,2,580000,125900,28,0,'2017-10-23 15:35:43','2017-09-29 11:05:06'),(41,103004,2,2,'JYHD_0','JYHD_0','1.0','玩家:103004',0,0,7,11056050,16030,90795,0,'2017-10-23 17:50:21','2017-10-13 16:08:11'),(42,100049,1,2,'JYHD_0','JYHD_0','1.0','游客100049',0,0,2,580150,126260,29,0,'2017-10-23 18:52:07','2017-09-29 11:05:06'),(43,100037,1,2,'JYHD_0','JYHD_0','1.0','游客100037',0,0,2,250580,156010,13,0,'2017-10-23 18:55:45','2017-09-27 09:21:38'),(44,103360,2,2,'JYHD_0','JYHD_0','1.0','玩家:103360',0,0,1,0,6000,0,0,'2017-10-23 19:00:18','2017-10-23 19:00:18');

/*Table structure for table `game_player` */

DROP TABLE IF EXISTS `game_player`;

CREATE TABLE `game_player` (
  `playerid` bigint(20) NOT NULL COMMENT '玩家id',
  `name` varchar(64) DEFAULT NULL COMMENT '昵称',
  `sex` int(11) DEFAULT NULL COMMENT '1 男 2 女',
  `vip` int(11) DEFAULT NULL COMMENT 'vip 等级',
  `vip_exp` int(11) DEFAULT NULL COMMENT 'vip 经验',
  `status` int(11) DEFAULT NULL COMMENT '游戏状态（1离线，2在线，3玩牌）',
  `serverid` int(11) DEFAULT NULL COMMENT '所在游戏服务器id',
  `game_type` int(11) DEFAULT NULL COMMENT '所在游戏类型',
  `room_type` int(11) DEFAULT NULL COMMENT '所在房间类型',
  `level_type` int(11) DEFAULT NULL COMMENT '所在场次类型',
  `roomid` int(11) DEFAULT NULL COMMENT '所在房间id',
  `gold` bigint(20) DEFAULT NULL COMMENT '金币',
  `diamond` bigint(20) DEFAULT NULL COMMENT '钻石',
  `deposit` bigint(20) DEFAULT NULL COMMENT '存款',
  `profit` bigint(20) DEFAULT NULL COMMENT '当日盈利',
  `glevel` int(11) DEFAULT NULL COMMENT '游戏等级',
  `gexp` int(11) DEFAULT NULL COMMENT '游戏经验',
  `gun_lv` int(11) DEFAULT NULL COMMENT '炮的等级',
  `sign_day` int(11) DEFAULT NULL COMMENT '累计签到天数',
  `sign_time` bigint(20) DEFAULT NULL COMMENT '签到时间',
  `gunid` int(11) DEFAULT NULL COMMENT '当前炮的id',
  `icon_url` varchar(64) DEFAULT NULL COMMENT '头像',
  `is_mc` int(11) DEFAULT NULL COMMENT '是否是月卡用户',
  `mc_overtime` bigint(20) DEFAULT NULL COMMENT '月卡结束时间',
  PRIMARY KEY (`playerid`),
  KEY `status` (`status`,`level_type`)
) ENGINE=InnoDB DEFAULT CHARSET=utf8;

/*Data for the table `game_player` */

insert  into `game_player`(`playerid`,`name`,`sex`,`vip`,`vip_exp`,`status`,`serverid`,`game_type`,`room_type`,`level_type`,`roomid`,`gold`,`diamond`,`deposit`,`profit`,`glevel`,`gexp`,`gun_lv`,`sign_day`,`sign_time`,`gunid`,`icon_url`,`is_mc`,`mc_overtime`) values (103343,'游客103343',1,0,0,2,-1,-1,-1,-1,-1,4830,9,0,457570,3,871310,15,1,1508559095,1,'1',0,0),(103345,'玩家:103345',1,0,0,1,-1,-1,-1,-1,-1,10340,54,0,821850,3,1260520,13,2,1508660393,1,'1',0,0),(103360,'玩家:103360',1,0,0,2,-1,-1,-1,-1,-1,32700,11,0,27060,1,1010,1,1,1508756469,1,'1',0,0),(103375,'游客103375',1,0,0,1,0,-1,0,-1,-1,26000,10,0,20000,1,0,1,0,0,1,'1',0,0),(103387,'玩家:103387',1,0,0,1,-1,-1,-1,-1,-1,2336216,315810,0,2330416,1,1380,1,3,1509090958,1,'1',0,0),(103393,'游客103393',1,0,0,2,-1,-1,-1,-1,-1,51460,9,0,82270,1,76200,8,1,1509023521,1,'1',0,0),(103406,'游客103406',1,0,0,1,-1,-1,-1,-1,-1,32000,10,0,26000,1,0,1,1,1508995919,1,'1',0,0),(103407,'游客103407',1,0,0,1,-1,-1,-1,-1,-1,6000,0,0,0,1,0,1,0,0,1,'1',0,0),(103424,'玩家:103424',1,0,0,1,-1,-1,-1,-1,-1,202000,240,0,196000,1,0,1,1,1509091142,1,'1',0,0),(103434,'游客103434',1,0,0,3,1001,1,1,-1,-1,41050,11,0,47340,1,48680,6,0,0,1,'1',0,0),(103436,'游客103436',1,0,0,3,1002,1,2,-1,-1,9774130,48,0,10354110,3,1066850,14,1,1509094010,1,'1',0,0);

/*Table structure for table `game_player_numerical` */

DROP TABLE IF EXISTS `game_player_numerical`;

CREATE TABLE `game_player_numerical` (
  `playerid` bigint(20) NOT NULL,
  `gold_pay` bigint(20) DEFAULT NULL,
  `diamond_day` bigint(20) DEFAULT NULL,
  `diamond_newp` bigint(20) DEFAULT NULL,
  `fish_card_newp` bigint(20) DEFAULT NULL,
  `catch_fish_num` bigint(20) DEFAULT NULL,
  `item_day` bigint(20) DEFAULT NULL,
  `gold_newp` bigint(20) DEFAULT NULL,
  `licence` tinyint(4) DEFAULT NULL,
  PRIMARY KEY (`playerid`)
) ENGINE=InnoDB DEFAULT CHARSET=utf8;

/*Data for the table `game_player_numerical` */

/*Table structure for table `game_reschange_action` */

DROP TABLE IF EXISTS `game_reschange_action`;

CREATE TABLE `game_reschange_action` (
  `id` bigint(20) unsigned NOT NULL AUTO_INCREMENT,
  `playerid` bigint(20) unsigned DEFAULT NULL COMMENT '用户ID',
  `account_type` tinyint(4) DEFAULT NULL COMMENT '账号类型（1游客，2自定义）',
  `os_type` tinyint(4) DEFAULT NULL COMMENT '系统类型 (1ios, 2安卓)',
  `login_channel` varchar(64) DEFAULT NULL COMMENT '登录渠道',
  `reg_channel` varchar(64) DEFAULT NULL COMMENT '注册渠道',
  `game_ver` varchar(24) DEFAULT NULL COMMENT '游戏版本号',
  `itemid` int(11) DEFAULT NULL COMMENT '物品ID',
  `add_num` int(11) DEFAULT NULL COMMENT '增量',
  `cur_num` int(11) DEFAULT NULL COMMENT '总量',
  `reason` tinyint(4) NOT NULL,
  `opt_time` datetime DEFAULT NULL COMMENT '时间',
  PRIMARY KEY (`id`),
  KEY `playerid` (`playerid`,`reason`,`opt_time`)
) ENGINE=InnoDB AUTO_INCREMENT=1556 DEFAULT CHARSET=utf8;

/*Data for the table `game_reschange_action` */

insert  into `game_reschange_action`(`id`,`playerid`,`account_type`,`os_type`,`login_channel`,`reg_channel`,`game_ver`,`itemid`,`add_num`,`cur_num`,`reason`,`opt_time`) values (1,103212,2,2,'JYHD_0','JYHD_0','1.0',6,10,919,20,'2017-10-20 15:37:00'),(2,100049,1,2,'JYHD_0','JYHD_0','1.0',6,10,217,20,'2017-10-20 15:37:10'),(3,103212,2,2,'JYHD_0','JYHD_0','1.0',8,-40,72120,1,'2017-10-20 15:37:38'),(4,0,1,2,'JYHD_0','JYHD_0','1.0',9,2,23,1,'2017-10-20 15:37:38'),(5,100049,1,2,'JYHD_0','JYHD_0','1.0',6,1,219,15,'2017-10-20 15:37:53'),(6,100049,1,2,'JYHD_0','JYHD_0','1.0',8,-460,102680,1,'2017-10-20 15:38:08'),(7,100049,1,2,'JYHD_0','JYHD_0','1.0',8,-270,102410,1,'2017-10-20 15:38:16'),(8,100049,1,2,'JYHD_0','JYHD_0','1.0',8,12000,114410,8,'2017-10-20 15:38:45'),(9,103212,2,2,'JYHD_0','JYHD_0','1.0',8,-20,72090,1,'2017-10-20 15:39:08'),(10,101534,1,2,'JYHD_0','JYHD_0','1.0',6,10,172,20,'2017-10-20 15:39:04'),(11,103212,2,2,'JYHD_0','JYHD_0','1.0',6,1,920,15,'2017-10-20 15:39:38'),(12,103212,2,2,'JYHD_0','JYHD_0','1.0',8,-3000,69090,1,'2017-10-20 15:39:46'),(13,103212,2,2,'JYHD_0','JYHD_0','1.0',8,13400,84190,1,'2017-10-20 15:40:06'),(14,103212,2,2,'JYHD_0','JYHD_0','1.0',1,-1,1,4,'2017-10-20 15:40:15'),(15,103212,2,2,'JYHD_0','JYHD_0','1.0',1,-1,0,4,'2017-10-20 15:40:26'),(16,101534,1,2,'JYHD_0','JYHD_0','1.0',1,-1,0,4,'2017-10-20 15:40:37'),(17,0,2,2,'JYHD_0','JYHD_0','1.0',9,-2,149,4,'2017-10-20 15:40:48'),(18,0,2,2,'JYHD_0','JYHD_0','1.0',9,-2,147,4,'2017-10-20 15:40:59'),(19,0,2,2,'JYHD_0','JYHD_0','1.0',9,-2,145,4,'2017-10-20 15:41:10'),(20,101534,1,2,'JYHD_0','JYHD_0','1.0',8,-500,112880,1,'2017-10-20 15:41:28'),(21,0,2,2,'JYHD_0','JYHD_0','1.0',9,-2,143,4,'2017-10-20 15:42:07'),(22,103212,2,2,'JYHD_0','JYHD_0','1.0',8,-800,90990,1,'2017-10-20 15:42:25'),(23,0,1,2,'JYHD_0','JYHD_0','1.0',9,-2,19,4,'2017-10-20 15:42:18'),(24,0,2,2,'JYHD_0','JYHD_0','1.0',9,-2,139,4,'2017-10-20 15:42:40'),(25,103212,2,2,'JYHD_0','JYHD_0','1.0',8,2200,87690,1,'2017-10-20 15:42:55'),(26,103212,2,2,'JYHD_0','JYHD_0','1.0',8,-1300,81690,1,'2017-10-20 15:43:05'),(27,0,1,2,'JYHD_0','JYHD_0','1.0',9,-2,17,4,'2017-10-20 15:43:13'),(28,103212,2,2,'JYHD_0','JYHD_0','1.0',8,-200,76590,1,'2017-10-20 15:43:25'),(29,103212,2,2,'JYHD_0','JYHD_0','1.0',6,1,921,15,'2017-10-20 15:43:38'),(30,101534,1,2,'JYHD_0','JYHD_0','1.0',8,-400,112180,1,'2017-10-20 15:43:38'),(31,103212,2,2,'JYHD_0','JYHD_0','1.0',8,-3400,73290,1,'2017-10-20 15:43:45'),(32,101534,1,2,'JYHD_0','JYHD_0','1.0',8,-100,112080,1,'2017-10-20 15:43:48'),(33,103004,2,2,'JYHD_0','JYHD_0','1.0',8,12000,32000,8,'2017-10-20 15:44:02'),(34,0,2,2,'JYHD_0','JYHD_0','1.0',9,-58,39,1,'2017-10-20 15:44:21'),(35,103004,2,2,'JYHD_0','JYHD_0','1.0',8,6000,6000,1,'2017-10-20 15:44:39'),(36,103004,2,2,'JYHD_0','JYHD_0','1.0',8,-2100,0,1,'2017-10-20 15:44:53'),(37,103004,2,2,'JYHD_0','JYHD_0','1.0',8,-500,0,1,'2017-10-20 15:45:08'),(38,103004,2,2,'JYHD_0','JYHD_0','1.0',8,6000,6000,1,'2017-10-20 15:45:25'),(39,0,2,2,'JYHD_0','JYHD_0','1.0',9,-2,48,4,'2017-10-20 15:45:38'),(40,103004,2,2,'JYHD_0','JYHD_0','1.0',8,1400,16300,1,'2017-10-20 15:45:51'),(41,0,2,2,'JYHD_0','JYHD_0','1.0',9,-2,53,4,'2017-10-20 15:46:00'),(42,0,2,2,'JYHD_0','JYHD_0','1.0',9,-2,65,4,'2017-10-20 15:46:23'),(43,103004,2,2,'JYHD_0','JYHD_0','1.0',8,-3800,9100,1,'2017-10-20 15:46:31'),(44,103004,2,2,'JYHD_0','JYHD_0','1.0',8,-300,3600,1,'2017-10-20 15:46:51'),(45,0,2,2,'JYHD_0','JYHD_0','1.0',9,-2,67,4,'2017-10-20 15:47:04'),(46,0,2,2,'JYHD_0','JYHD_0','1.0',9,-2,65,4,'2017-10-20 15:47:15'),(47,103004,2,2,'JYHD_0','JYHD_0','1.0',8,-2100,0,1,'2017-10-20 15:47:30'),(48,101534,1,2,'JYHD_0','JYHD_0','1.0',8,-100,111980,1,'2017-10-20 15:49:08'),(49,103004,2,2,'JYHD_0','JYHD_0','1.0',8,1000000,1000000,1,'2017-10-20 15:51:22'),(50,103004,2,2,'JYHD_0','JYHD_0','1.0',8,-460,1005540,1,'2017-10-20 15:51:40'),(51,0,2,2,'JYHD_0','JYHD_0','1.0',9,2,65,1,'2017-10-20 15:51:50'),(52,0,2,2,'JYHD_0','JYHD_0','1.0',9,8,78,1,'2017-10-20 15:52:10'),(53,0,2,2,'JYHD_0','JYHD_0','1.0',9,1,79,1,'2017-10-20 15:52:20'),(54,0,2,2,'JYHD_0','JYHD_0','1.0',9,2,79,1,'2017-10-20 15:52:40'),(55,103004,2,2,'JYHD_0','JYHD_0','1.0',8,-310,1010360,1,'2017-10-20 15:52:50'),(56,101663,1,2,'JYHD_0','JYHD_0','1.0',6,10,15,20,'2017-10-20 15:52:51'),(57,0,1,2,'JYHD_0','JYHD_0','1.0',9,-2,13,4,'2017-10-20 15:52:54'),(58,101534,1,2,'JYHD_0','JYHD_0','1.0',8,-170,111780,1,'2017-10-20 15:53:09'),(59,103004,2,2,'JYHD_0','JYHD_0','1.0',8,-810,1009240,1,'2017-10-20 15:53:10'),(60,101663,1,2,'JYHD_0','JYHD_0','1.0',8,-50,53490,1,'2017-10-20 15:53:10'),(61,103004,2,2,'JYHD_0','JYHD_0','1.0',6,1,430,15,'2017-10-20 15:53:22'),(62,101663,1,2,'JYHD_0','JYHD_0','1.0',8,-200,53290,1,'2017-10-20 15:53:20'),(63,103004,2,2,'JYHD_0','JYHD_0','1.0',8,-130,1008250,1,'2017-10-20 15:53:40'),(64,0,1,2,'JYHD_0','JYHD_0','1.0',9,1,20,1,'2017-10-20 15:53:38'),(65,103004,2,2,'JYHD_0','JYHD_0','1.0',8,-840,1007410,1,'2017-10-20 15:53:50'),(66,103004,2,2,'JYHD_0','JYHD_0','1.0',8,-390,1006420,1,'2017-10-20 15:54:10'),(67,101663,1,2,'JYHD_0','JYHD_0','1.0',6,150,165,8,'2017-10-20 15:54:05'),(68,103004,2,2,'JYHD_0','JYHD_0','1.0',8,-230,1006260,1,'2017-10-20 15:54:20'),(69,0,2,2,'JYHD_0','JYHD_0','1.0',9,-2,71,4,'2017-10-20 15:54:38'),(70,101534,1,2,'JYHD_0','JYHD_0','1.0',8,-30,111750,1,'2017-10-20 15:54:29'),(71,0,2,2,'JYHD_0','JYHD_0','1.0',9,-2,69,4,'2017-10-20 15:54:48'),(72,0,2,2,'JYHD_0','JYHD_0','1.0',9,-2,67,4,'2017-10-20 15:54:59'),(73,0,2,2,'JYHD_0','JYHD_0','1.0',9,-2,65,4,'2017-10-20 15:55:17'),(74,103004,2,2,'JYHD_0','JYHD_0','1.0',8,-340,1005800,1,'2017-10-20 15:55:40'),(75,101534,1,2,'JYHD_0','JYHD_0','1.0',8,-10,111740,1,'2017-10-20 15:55:39'),(76,0,2,2,'JYHD_0','JYHD_0','1.0',9,3,66,1,'2017-10-20 15:55:50'),(77,103004,2,2,'JYHD_0','JYHD_0','1.0',8,-110,1005460,1,'2017-10-20 15:56:10'),(78,0,2,2,'JYHD_0','JYHD_0','1.0',9,4,68,1,'2017-10-20 15:56:20'),(79,0,2,2,'JYHD_0','JYHD_0','1.0',9,1,71,1,'2017-10-20 15:56:40'),(80,101534,1,2,'JYHD_0','JYHD_0','1.0',8,-380,111360,1,'2017-10-20 15:56:39'),(81,101534,1,2,'JYHD_0','JYHD_0','1.0',6,1,173,15,'2017-10-20 15:56:52'),(82,103004,2,2,'JYHD_0','JYHD_0','1.0',8,170,1004810,1,'2017-10-20 15:56:50'),(83,101534,1,2,'JYHD_0','JYHD_0','1.0',8,-260,109680,1,'2017-10-20 15:57:09'),(84,101534,1,2,'JYHD_0','JYHD_0','1.0',6,1,174,15,'2017-10-20 15:57:24'),(85,0,1,2,'JYHD_0','JYHD_0','1.0',9,1,18,1,'2017-10-20 15:57:39'),(86,0,1,2,'JYHD_0','JYHD_0','1.0',9,3,21,1,'2017-10-20 15:57:49'),(87,101534,1,2,'JYHD_0','JYHD_0','1.0',8,-90,107080,1,'2017-10-20 15:57:59'),(88,0,2,2,'JYHD_0','JYHD_0','1.0',9,2,73,1,'2017-10-20 15:58:10'),(89,101663,1,2,'JYHD_0','JYHD_0','1.0',8,120000,173720,5,'2017-10-20 15:58:03'),(90,103004,2,2,'JYHD_0','JYHD_0','1.0',8,-260,1004220,1,'2017-10-20 15:58:20'),(91,103004,2,2,'JYHD_0','JYHD_0','1.0',8,-50,1003660,1,'2017-10-20 15:58:40'),(92,101663,1,2,'JYHD_0','JYHD_0','1.0',8,-420,173570,1,'2017-10-20 15:58:54'),(93,0,2,2,'JYHD_0','JYHD_0','1.0',9,2,75,1,'2017-10-20 15:58:50'),(94,103004,2,2,'JYHD_0','JYHD_0','1.0',8,-980,1001660,1,'2017-10-20 15:59:10'),(95,0,1,2,'JYHD_0','JYHD_0','1.0',9,1,21,1,'2017-10-20 15:59:04'),(96,0,1,2,'JYHD_0','JYHD_0','1.0',9,2,23,1,'2017-10-20 15:59:09'),(97,101663,1,2,'JYHD_0','JYHD_0','1.0',8,-490,182090,1,'2017-10-20 15:59:24'),(98,0,1,2,'JYHD_0','JYHD_0','1.0',9,1,24,1,'2017-10-20 15:59:19'),(99,101534,1,2,'JYHD_0','JYHD_0','1.0',8,-290,106170,1,'2017-10-20 15:59:29'),(100,0,2,2,'JYHD_0','JYHD_0','1.0',9,1,80,1,'2017-10-20 15:59:40'),(101,0,1,2,'JYHD_0','JYHD_0','1.0',9,1,22,1,'2017-10-20 15:59:34'),(102,0,1,2,'JYHD_0','JYHD_0','1.0',9,3,25,1,'2017-10-20 15:59:54'),(103,103004,2,2,'JYHD_0','JYHD_0','1.0',8,-740,1001950,1,'2017-10-20 15:59:50'),(104,103004,2,2,'JYHD_0','JYHD_0','1.0',8,70,1005210,1,'2017-10-20 16:00:10'),(105,101663,1,2,'JYHD_0','JYHD_0','1.0',8,-320,182260,1,'2017-10-20 16:00:04'),(106,0,1,2,'JYHD_0','JYHD_0','1.0',9,1,26,1,'2017-10-20 16:00:24'),(107,0,2,2,'JYHD_0','JYHD_0','1.0',9,2,85,1,'2017-10-20 16:00:20'),(108,103004,2,2,'JYHD_0','JYHD_0','1.0',8,-370,1004410,1,'2017-10-20 16:00:40'),(109,0,1,2,'JYHD_0','JYHD_0','1.0',9,4,30,1,'2017-10-20 16:00:34'),(110,101534,1,2,'JYHD_0','JYHD_0','1.0',8,-400,105770,1,'2017-10-20 16:00:39'),(111,101663,1,2,'JYHD_0','JYHD_0','1.0',8,-80,183540,1,'2017-10-20 16:00:54'),(112,0,2,2,'JYHD_0','JYHD_0','1.0',9,1,84,1,'2017-10-20 16:00:50'),(113,101534,1,2,'JYHD_0','JYHD_0','1.0',8,120,105890,1,'2017-10-20 16:00:49'),(114,101663,1,2,'JYHD_0','JYHD_0','1.0',8,-60,183480,1,'2017-10-20 16:00:58'),(115,103004,2,2,'JYHD_0','JYHD_0','1.0',8,-2600,1000140,1,'2017-10-20 16:01:10'),(116,101663,1,2,'JYHD_0','JYHD_0','1.0',5,666,1332,13,'2017-10-20 16:01:19'),(117,103004,2,2,'JYHD_0','JYHD_0','1.0',8,-1100,996640,1,'2017-10-20 16:01:20'),(118,101663,1,2,'JYHD_0','JYHD_0','1.0',5,666,1998,13,'2017-10-20 16:01:25'),(119,103004,2,2,'JYHD_0','JYHD_0','1.0',8,-9500,996240,1,'2017-10-20 16:01:40'),(120,0,2,2,'JYHD_0','JYHD_0','1.0',9,1,87,1,'2017-10-20 16:01:50'),(121,101663,1,2,'JYHD_0','JYHD_0','1.0',5,-1,1996,4,'2017-10-20 16:01:55'),(122,101663,1,2,'JYHD_0','JYHD_0','1.0',8,1000,463870376,1,'2017-10-20 16:02:07'),(123,103004,2,2,'JYHD_0','JYHD_0','1.0',8,-1500,997040,1,'2017-10-20 16:02:10'),(124,0,1,2,'JYHD_0','JYHD_0','1.0',9,-20,1999990,1,'2017-10-20 16:02:20'),(125,103004,2,2,'JYHD_0','JYHD_0','1.0',6,2,435,15,'2017-10-20 16:02:25'),(126,101663,1,2,'JYHD_0','JYHD_0','1.0',5,-1,1991,4,'2017-10-20 16:02:39'),(127,0,2,2,'JYHD_0','JYHD_0','1.0',9,1,89,1,'2017-10-20 16:02:40'),(128,0,1,2,'JYHD_0','JYHD_0','1.0',9,3,1999995,1,'2017-10-20 16:02:46'),(129,103004,2,2,'JYHD_0','JYHD_0','1.0',6,1,436,15,'2017-10-20 16:02:51'),(130,101663,1,2,'JYHD_0','JYHD_0','1.0',8,-100,476466716,1,'2017-10-20 16:02:56'),(131,0,2,2,'JYHD_0','JYHD_0','1.0',9,2,91,1,'2017-10-20 16:03:10'),(132,101663,1,2,'JYHD_0','JYHD_0','1.0',5,-1,1987,4,'2017-10-20 16:03:25'),(133,103004,2,2,'JYHD_0','JYHD_0','1.0',8,-5200,977840,1,'2017-10-20 16:03:20'),(134,0,1,2,'JYHD_0','JYHD_0','1.0',9,-35,1999943,1,'2017-10-20 16:03:38'),(135,0,2,2,'JYHD_0','JYHD_0','1.0',9,2,95,1,'2017-10-20 16:03:40'),(136,101663,1,2,'JYHD_0','JYHD_0','1.0',2,-1,0,4,'2017-10-20 16:03:44'),(137,103004,2,2,'JYHD_0','JYHD_0','1.0',8,-5800,991040,1,'2017-10-20 16:03:50'),(138,101663,1,2,'JYHD_0','JYHD_0','1.0',8,2000,486410676,1,'2017-10-20 16:04:08'),(139,103004,2,2,'JYHD_0','JYHD_0','1.0',8,-1900,983640,1,'2017-10-20 16:04:10'),(140,101663,1,2,'JYHD_0','JYHD_0','1.0',8,2420500,488831176,1,'2017-10-20 16:04:16'),(141,103004,2,2,'JYHD_0','JYHD_0','1.0',8,-8300,975340,1,'2017-10-20 16:04:20'),(142,103004,2,2,'JYHD_0','JYHD_0','1.0',8,-2300,973040,1,'2017-10-20 16:04:30'),(143,101663,1,2,'JYHD_0','JYHD_0','1.0',5,-1,1984,4,'2017-10-20 16:04:39'),(144,101663,1,2,'JYHD_0','JYHD_0','1.0',5,-1,1982,4,'2017-10-20 16:04:55'),(145,103004,2,2,'JYHD_0','JYHD_0','1.0',8,-7800,965240,1,'2017-10-20 16:04:50'),(146,0,1,2,'JYHD_0','JYHD_0','1.0',9,-100,1999573,1,'2017-10-20 16:05:09'),(147,0,1,2,'JYHD_0','JYHD_0','1.0',9,2,26,1,'2017-10-20 16:05:09'),(148,0,2,2,'JYHD_0','JYHD_0','1.0',9,2,100,1,'2017-10-20 16:05:10'),(149,0,1,2,'JYHD_0','JYHD_0','1.0',9,-700,1997773,1,'2017-10-20 16:05:23'),(150,0,2,2,'JYHD_0','JYHD_0','1.0',9,6,106,1,'2017-10-20 16:05:20'),(151,0,2,2,'JYHD_0','JYHD_0','1.0',9,2,108,1,'2017-10-20 16:05:40'),(152,0,1,2,'JYHD_0','JYHD_0','1.0',9,2,1997774,1,'2017-10-20 16:05:38'),(153,101663,1,2,'JYHD_0','JYHD_0','1.0',5,666,2648,13,'2017-10-20 16:05:45'),(154,103004,2,2,'JYHD_0','JYHD_0','1.0',8,-7400,992340,1,'2017-10-20 16:05:50'),(155,103004,2,2,'JYHD_0','JYHD_0','1.0',8,-3400,988940,1,'2017-10-20 16:06:00'),(156,101663,1,2,'JYHD_0','JYHD_0','1.0',6,1,167,15,'2017-10-20 16:06:07'),(157,0,1,2,'JYHD_0','JYHD_0','1.0',9,-2,1997774,4,'2017-10-20 16:06:23'),(158,103004,2,2,'JYHD_0','JYHD_0','1.0',8,-10000,990640,1,'2017-10-20 16:06:40'),(159,101663,1,2,'JYHD_0','JYHD_0','1.0',8,-4200,498899536,1,'2017-10-20 16:06:32'),(160,103004,2,2,'JYHD_0','JYHD_0','1.0',8,-2900,994140,1,'2017-10-20 16:06:50'),(161,0,1,2,'JYHD_0','JYHD_0','1.0',9,1,1997775,1,'2017-10-20 16:06:52'),(162,101663,1,2,'JYHD_0','JYHD_0','1.0',5,-1,2645,4,'2017-10-20 16:07:03'),(163,103004,2,2,'JYHD_0','JYHD_0','1.0',8,-2600,991540,1,'2017-10-20 16:07:00'),(164,0,1,2,'JYHD_0','JYHD_0','1.0',9,6,1997791,1,'2017-10-20 16:07:22'),(165,101663,1,2,'JYHD_0','JYHD_0','1.0',4,666,666,13,'2017-10-20 16:07:36'),(166,103004,2,2,'JYHD_0','JYHD_0','1.0',8,-7400,984140,1,'2017-10-20 16:07:40'),(167,101663,1,2,'JYHD_0','JYHD_0','1.0',5,-1,2641,4,'2017-10-20 16:07:54'),(168,103004,2,2,'JYHD_0','JYHD_0','1.0',8,-7600,976540,1,'2017-10-20 16:07:50'),(169,101663,1,2,'JYHD_0','JYHD_0','1.0',4,-1,662,4,'2017-10-20 16:08:09'),(170,103004,2,2,'JYHD_0','JYHD_0','1.0',8,-7100,963240,1,'2017-10-20 16:08:10'),(171,101663,1,2,'JYHD_0','JYHD_0','1.0',1,1,1,15,'2017-10-20 16:08:24'),(172,103004,2,2,'JYHD_0','JYHD_0','1.0',8,-5500,957740,1,'2017-10-20 16:08:20'),(173,101663,1,2,'JYHD_0','JYHD_0','1.0',5,-1,2631,4,'2017-10-20 16:08:39'),(174,101534,1,2,'JYHD_0','JYHD_0','1.0',8,-170,105750,1,'2017-10-20 16:08:29'),(175,0,2,2,'JYHD_0','JYHD_0','1.0',9,1,30,1,'2017-10-20 16:08:40'),(176,0,1,2,'JYHD_0','JYHD_0','1.0',9,3,1997818,1,'2017-10-20 16:08:52'),(177,103004,2,2,'JYHD_0','JYHD_0','1.0',8,-7000,956440,1,'2017-10-20 16:08:50'),(178,101663,1,2,'JYHD_0','JYHD_0','1.0',5,-1,2625,4,'2017-10-20 16:09:06'),(179,103004,2,2,'JYHD_0','JYHD_0','1.0',8,-1900,957640,1,'2017-10-20 16:09:10'),(180,0,1,2,'JYHD_0','JYHD_0','1.0',9,2,1997823,1,'2017-10-20 16:09:22'),(181,103004,2,2,'JYHD_0','JYHD_0','1.0',8,2300,957940,1,'2017-10-20 16:09:20'),(182,0,1,2,'JYHD_0','JYHD_0','1.0',9,-2,24,4,'2017-10-20 16:09:19'),(183,101534,1,2,'JYHD_0','JYHD_0','1.0',8,-160,105330,1,'2017-10-20 16:09:39'),(184,101663,1,2,'JYHD_0','JYHD_0','1.0',3,-1,655,4,'2017-10-20 16:09:34'),(185,103004,2,2,'JYHD_0','JYHD_0','1.0',8,-900,953140,1,'2017-10-20 16:09:40'),(186,0,1,2,'JYHD_0','JYHD_0','1.0',9,10,1997833,1,'2017-10-20 16:09:52'),(187,101534,1,2,'JYHD_0','JYHD_0','1.0',8,50,105380,1,'2017-10-20 16:09:49'),(188,0,2,2,'JYHD_0','JYHD_0','1.0',9,2,32,1,'2017-10-20 16:09:50'),(189,101663,1,2,'JYHD_0','JYHD_0','1.0',5,-1,2622,4,'2017-10-20 16:10:08'),(190,0,2,2,'JYHD_0','JYHD_0','1.0',9,2,39,1,'2017-10-20 16:10:10'),(191,101663,1,2,'JYHD_0','JYHD_0','1.0',8,3000,571735436,1,'2017-10-20 16:10:23'),(192,103004,2,2,'JYHD_0','JYHD_0','1.0',8,-6600,988440,1,'2017-10-20 16:10:20'),(193,0,2,2,'JYHD_0','JYHD_0','1.0',9,2,44,1,'2017-10-20 16:10:40'),(194,0,1,2,'JYHD_0','JYHD_0','1.0',9,5,1997842,1,'2017-10-20 16:10:52'),(195,0,2,2,'JYHD_0','JYHD_0','1.0',9,2,46,1,'2017-10-20 16:10:50'),(196,103004,2,2,'JYHD_0','JYHD_0','1.0',8,-3000,984540,1,'2017-10-20 16:11:10'),(197,101663,1,2,'JYHD_0','JYHD_0','1.0',5,-1,2619,4,'2017-10-20 16:11:07'),(198,0,1,2,'JYHD_0','JYHD_0','1.0',9,-1200,1994646,1,'2017-10-20 16:11:24'),(199,0,1,2,'JYHD_0','JYHD_0','1.0',9,-2000,1986496,1,'2017-10-20 16:11:38'),(200,0,1,2,'JYHD_0','JYHD_0','1.0',9,-5000,1968496,1,'2017-10-20 16:11:51'),(201,0,1,2,'JYHD_0','JYHD_0','1.0',9,-2,1968493,4,'2017-10-20 16:12:09'),(202,101663,1,2,'JYHD_0','JYHD_0','1.0',5,-1,2609,4,'2017-10-20 16:12:25'),(203,101663,1,2,'JYHD_0','JYHD_0','1.0',5,-1,2607,4,'2017-10-20 16:12:38'),(204,101663,1,2,'JYHD_0','JYHD_0','1.0',8,-1600,610502256,1,'2017-10-20 16:12:46'),(205,101534,1,2,'JYHD_0','JYHD_0','1.0',8,-650,104730,1,'2017-10-20 16:12:49'),(206,101663,1,2,'JYHD_0','JYHD_0','1.0',8,-250000,614114256,1,'2017-10-20 16:13:09'),(207,101534,1,2,'JYHD_0','JYHD_0','1.0',8,-1030,102740,1,'2017-10-20 16:13:09'),(208,101663,1,2,'JYHD_0','JYHD_0','1.0',5,-1,2603,4,'2017-10-20 16:13:25'),(209,101534,1,2,'JYHD_0','JYHD_0','1.0',8,-1430,101310,1,'2017-10-20 16:13:19'),(210,0,1,2,'JYHD_0','JYHD_0','1.0',9,22,1968634,1,'2017-10-20 16:13:39'),(211,101534,1,2,'JYHD_0','JYHD_0','1.0',8,-60,101710,1,'2017-10-20 16:13:39'),(212,103004,2,2,'JYHD_0','JYHD_0','1.0',8,-10800,973740,1,'2017-10-20 16:13:40'),(213,101663,1,2,'JYHD_0','JYHD_0','1.0',5,-1,2598,4,'2017-10-20 16:13:50'),(214,103004,2,2,'JYHD_0','JYHD_0','1.0',6,1,445,15,'2017-10-20 16:13:53'),(215,103004,2,2,'JYHD_0','JYHD_0','1.0',8,-3600,965840,1,'2017-10-20 16:13:57'),(216,101663,1,2,'JYHD_0','JYHD_0','1.0',2,1,1,15,'2017-10-20 16:14:09'),(217,103004,2,2,'JYHD_0','JYHD_0','1.0',8,-190,965650,1,'2017-10-20 16:14:13'),(218,101663,1,2,'JYHD_0','JYHD_0','1.0',4,-1,657,4,'2017-10-20 16:14:24'),(219,101663,1,2,'JYHD_0','JYHD_0','1.0',5,-1,2590,4,'2017-10-20 16:14:39'),(220,101663,1,2,'JYHD_0','JYHD_0','1.0',5,-1,2586,4,'2017-10-20 16:14:51'),(221,0,1,2,'JYHD_0','JYHD_0','1.0',9,37,1968819,1,'2017-10-20 16:15:09'),(222,101663,1,2,'JYHD_0','JYHD_0','1.0',5,-1,2579,4,'2017-10-20 16:15:25'),(223,0,1,2,'JYHD_0','JYHD_0','1.0',9,6,1968825,1,'2017-10-20 16:15:29'),(224,0,2,2,'JYHD_0','JYHD_0','1.0',9,-2,44,4,'2017-10-20 16:15:54'),(225,101663,1,2,'JYHD_0','JYHD_0','1.0',8,600000,684852066,5,'2017-10-20 16:15:56'),(226,0,2,2,'JYHD_0','JYHD_0','1.0',9,-2,42,4,'2017-10-20 16:16:06'),(227,103004,2,2,'JYHD_0','JYHD_0','1.0',8,-270,965380,1,'2017-10-20 16:16:23'),(228,101663,1,2,'JYHD_0','JYHD_0','1.0',8,-10000,684842066,1,'2017-10-20 16:16:38'),(229,103004,2,2,'JYHD_0','JYHD_0','1.0',6,1,446,15,'2017-10-20 16:16:36'),(230,103004,2,2,'JYHD_0','JYHD_0','1.0',8,-750,963630,1,'2017-10-20 16:16:53'),(231,0,1,2,'JYHD_0','JYHD_0','1.0',9,16,1968841,1,'2017-10-20 16:16:53'),(232,101663,1,2,'JYHD_0','JYHD_0','1.0',8,-600000,688981976,1,'2017-10-20 16:17:08'),(233,0,2,2,'JYHD_0','JYHD_0','1.0',9,1,46,1,'2017-10-20 16:17:03'),(234,101663,1,2,'JYHD_0','JYHD_0','1.0',8,-250000,688131976,1,'2017-10-20 16:17:18'),(235,101663,1,2,'JYHD_0','JYHD_0','1.0',8,-1400000,687131976,1,'2017-10-20 16:17:38'),(236,0,1,2,'JYHD_0','JYHD_0','1.0',9,-2,1968876,4,'2017-10-20 16:17:55'),(237,0,1,2,'JYHD_0','JYHD_0','1.0',9,8,1968910,1,'2017-10-20 16:18:08'),(238,103004,2,2,'JYHD_0','JYHD_0','1.0',8,-180,962880,1,'2017-10-20 16:18:23'),(239,101663,1,2,'JYHD_0','JYHD_0','1.0',8,-1300000,692623136,1,'2017-10-20 16:18:18'),(240,0,1,2,'JYHD_0','JYHD_0','1.0',9,15,1968925,1,'2017-10-20 16:18:38'),(241,103004,2,2,'JYHD_0','JYHD_0','1.0',6,1,448,15,'2017-10-20 16:18:37'),(242,102749,2,2,'JYHD_0','JYHD_0','1.0',8,12000,49500,8,'2017-10-20 16:18:44'),(243,101663,1,2,'JYHD_0','JYHD_0','1.0',8,-350000,696426296,1,'2017-10-20 16:18:48'),(244,103004,2,2,'JYHD_0','JYHD_0','1.0',8,-360,961380,1,'2017-10-20 16:18:53'),(245,0,1,2,'JYHD_0','JYHD_0','1.0',9,32,1968975,1,'2017-10-20 16:19:08'),(246,0,2,2,'JYHD_0','JYHD_0','1.0',9,2,49,1,'2017-10-20 16:19:00'),(247,102749,2,2,'JYHD_0','JYHD_0','1.0',8,-100,49400,1,'2017-10-20 16:19:02'),(248,101663,1,2,'JYHD_0','JYHD_0','1.0',5,-1,2568,4,'2017-10-20 16:19:25'),(249,0,2,2,'JYHD_0','JYHD_0','1.0',9,3,56,1,'2017-10-20 16:19:23'),(250,101663,1,2,'JYHD_0','JYHD_0','1.0',8,1070180,709195886,1,'2017-10-20 16:19:38'),(251,0,2,2,'JYHD_0','JYHD_0','1.0',9,7,63,1,'2017-10-20 16:19:33'),(252,103004,2,2,'JYHD_0','JYHD_0','1.0',6,2,601,15,'2017-10-20 16:19:54'),(253,101663,1,2,'JYHD_0','JYHD_0','1.0',5,-1,2562,4,'2017-10-20 16:19:54'),(254,0,1,2,'JYHD_0','JYHD_0','1.0',9,-2,1969019,4,'2017-10-20 16:20:10'),(255,0,2,2,'JYHD_0','JYHD_0','1.0',9,3,70,1,'2017-10-20 16:20:03'),(256,0,1,2,'JYHD_0','JYHD_0','1.0',9,-2,1969015,4,'2017-10-20 16:20:21'),(257,103004,2,2,'JYHD_0','JYHD_0','1.0',8,-5700,950140,1,'2017-10-20 16:20:23'),(258,101663,1,2,'JYHD_0','JYHD_0','1.0',8,-1000000,727067186,1,'2017-10-20 16:20:38'),(259,0,2,2,'JYHD_0','JYHD_0','1.0',9,4,76,1,'2017-10-20 16:20:33'),(260,103004,2,2,'JYHD_0','JYHD_0','1.0',6,2,604,15,'2017-10-20 16:20:53'),(261,0,1,2,'JYHD_0','JYHD_0','1.0',9,-2,1969007,4,'2017-10-20 16:20:54'),(262,0,1,2,'JYHD_0','JYHD_0','1.0',9,-2,1969003,4,'2017-10-20 16:21:09'),(263,0,2,2,'JYHD_0','JYHD_0','1.0',9,3,79,1,'2017-10-20 16:21:03'),(264,103004,2,2,'JYHD_0','JYHD_0','1.0',8,-5100,933840,1,'2017-10-20 16:21:23'),(265,0,1,2,'JYHD_0','JYHD_0','1.0',9,-2,1968999,4,'2017-10-20 16:21:21'),(266,0,1,2,'JYHD_0','JYHD_0','1.0',9,-2,1968995,4,'2017-10-20 16:21:39'),(267,103004,2,2,'JYHD_0','JYHD_0','1.0',8,-100,933740,1,'2017-10-20 16:21:33'),(268,0,1,2,'JYHD_0','JYHD_0','1.0',9,-2,1968991,4,'2017-10-20 16:21:55'),(269,0,2,2,'JYHD_0','JYHD_0','1.0',9,100000,100079,1,'2017-10-20 16:21:51'),(270,101663,1,2,'JYHD_0','JYHD_0','1.0',8,-350000,708817186,1,'2017-10-20 16:22:04'),(271,101663,1,2,'JYHD_0','JYHD_0','1.0',8,100000,708917186,6,'2017-10-20 16:22:17'),(272,101663,1,2,'JYHD_0','JYHD_0','1.0',8,100000,709017186,6,'2017-10-20 16:22:29'),(273,0,2,2,'JYHD_0','JYHD_0','1.0',9,-250,99379,1,'2017-10-20 16:22:54'),(274,101663,1,2,'JYHD_0','JYHD_0','1.0',6,-1788184610,0,13,'2017-10-20 16:22:52'),(275,0,2,2,'JYHD_0','JYHD_0','1.0',9,4,99387,1,'2017-10-20 16:23:09'),(276,0,2,2,'JYHD_0','JYHD_0','1.0',9,14,99406,1,'2017-10-20 16:23:21'),(277,101663,1,2,'JYHD_0','JYHD_0','1.0',6,-1788184610,0,13,'2017-10-20 16:23:24'),(278,0,2,2,'JYHD_0','JYHD_0','1.0',9,18,99428,1,'2017-10-20 16:23:39'),(279,0,2,2,'JYHD_0','JYHD_0','1.0',9,6,99434,1,'2017-10-20 16:23:49'),(280,0,2,2,'JYHD_0','JYHD_0','1.0',9,5,99439,1,'2017-10-20 16:24:09'),(281,101663,1,2,'JYHD_0','JYHD_0','1.0',6,-1788184610,0,13,'2017-10-20 16:24:10'),(282,103004,2,2,'JYHD_0','JYHD_0','1.0',6,24,652,15,'2017-10-20 16:24:20'),(283,101663,1,2,'JYHD_0','JYHD_0','1.0',6,-1788184610,0,13,'2017-10-20 16:24:22'),(284,103004,2,2,'JYHD_0','JYHD_0','1.0',8,-2000,2510240,1,'2017-10-20 16:24:39'),(285,101663,1,2,'JYHD_0','JYHD_0','1.0',6,-50000,404972,6,'2017-10-20 16:24:37'),(286,101663,1,2,'JYHD_0','JYHD_0','1.0',6,-10000,364972,6,'2017-10-20 16:24:43'),(287,103004,2,2,'JYHD_0','JYHD_0','1.0',8,-104000,2406240,1,'2017-10-20 16:24:49'),(288,0,2,2,'JYHD_0','JYHD_0','1.0',9,6,99475,1,'2017-10-20 16:25:09'),(289,103004,2,2,'JYHD_0','JYHD_0','1.0',8,-56000,2628240,1,'2017-10-20 16:25:19'),(290,103004,2,2,'JYHD_0','JYHD_0','1.0',8,-130000,2744240,1,'2017-10-20 16:25:39'),(291,103004,2,2,'JYHD_0','JYHD_0','1.0',8,-22000,2722240,1,'2017-10-20 16:25:49'),(292,103004,2,2,'JYHD_0','JYHD_0','1.0',8,-78000,2622240,1,'2017-10-20 16:26:39'),(293,0,2,2,'JYHD_0','JYHD_0','1.0',9,2,99487,1,'2017-10-20 16:31:38'),(294,103004,2,2,'JYHD_0','JYHD_0','1.0',6,1,1023,15,'2017-10-20 16:31:54'),(295,0,2,2,'JYHD_0','JYHD_0','1.0',9,2,99489,1,'2017-10-20 16:32:06'),(296,103004,2,2,'JYHD_0','JYHD_0','1.0',8,-4000,2605250,1,'2017-10-20 16:32:19'),(297,103004,2,2,'JYHD_0','JYHD_0','1.0',8,-50000,2505250,1,'2017-10-20 16:32:39'),(298,103004,2,2,'JYHD_0','JYHD_0','1.0',8,-50000,2455250,1,'2017-10-20 16:32:49'),(299,103004,2,2,'JYHD_0','JYHD_0','1.0',8,-19000,2356250,1,'2017-10-20 16:33:09'),(300,0,2,2,'JYHD_0','JYHD_0','1.0',9,6,99489,1,'2017-10-20 16:33:19'),(301,100049,1,2,'JYHD_0','JYHD_0','1.0',8,-10,114400,1,'2017-10-20 16:33:22'),(302,100049,1,2,'JYHD_0','JYHD_0','1.0',8,-90,114020,1,'2017-10-20 16:34:21'),(303,101663,1,2,'JYHD_0','JYHD_0','1.0',8,-264000,708750186,1,'2017-10-20 16:35:40'),(304,0,1,2,'JYHD_0','JYHD_0','1.0',9,4,1968995,1,'2017-10-20 16:35:50'),(305,0,1,2,'JYHD_0','JYHD_0','1.0',9,5,1969000,1,'2017-10-20 16:36:00'),(306,100049,1,2,'JYHD_0','JYHD_0','1.0',8,-380,113620,1,'2017-10-20 16:36:21'),(307,100049,1,2,'JYHD_0','JYHD_0','1.0',2,-1,9,4,'2017-10-20 16:36:39'),(308,100049,1,2,'JYHD_0','JYHD_0','1.0',8,90,113070,1,'2017-10-20 16:36:47'),(309,0,1,2,'JYHD_0','JYHD_0','1.0',9,-2,1968998,4,'2017-10-20 16:37:07'),(310,103004,2,2,'JYHD_0','JYHD_0','1.0',8,-34000,2373250,1,'2017-10-20 16:37:08'),(311,101663,1,2,'JYHD_0','JYHD_0','1.0',8,6000,708316336,1,'2017-10-20 16:37:21'),(312,0,1,2,'JYHD_0','JYHD_0','1.0',9,6,1969005,1,'2017-10-20 16:37:36'),(313,103004,2,2,'JYHD_0','JYHD_0','1.0',8,13000,2386250,1,'2017-10-20 16:37:30'),(314,0,1,2,'JYHD_0','JYHD_0','1.0',9,2,1969007,1,'2017-10-20 16:37:51'),(315,0,2,2,'JYHD_0','JYHD_0','1.0',9,5,99494,1,'2017-10-20 16:37:48'),(316,0,2,2,'JYHD_0','JYHD_0','1.0',9,5,99499,1,'2017-10-20 16:38:08'),(317,103004,2,2,'JYHD_0','JYHD_0','1.0',6,150,1173,19,'2017-10-20 16:38:23'),(318,103004,2,2,'JYHD_0','JYHD_0','1.0',8,-67000,2412250,1,'2017-10-20 16:38:38'),(319,101663,1,2,'JYHD_0','JYHD_0','1.0',8,-20,717153946,1,'2017-10-20 16:38:37'),(320,0,2,2,'JYHD_0','JYHD_0','1.0',9,11,99515,1,'2017-10-20 16:38:48'),(321,101663,1,2,'JYHD_0','JYHD_0','1.0',5,-1,2554,4,'2017-10-20 16:38:51'),(322,0,1,2,'JYHD_0','JYHD_0','1.0',9,3,1969023,1,'2017-10-20 16:39:07'),(323,103004,2,2,'JYHD_0','JYHD_0','1.0',8,-90000,2294250,1,'2017-10-20 16:39:08'),(324,101663,1,2,'JYHD_0','JYHD_0','1.0',8,80000,722301586,19,'2017-10-20 16:39:24'),(325,0,2,2,'JYHD_0','JYHD_0','1.0',9,4,99519,1,'2017-10-20 16:39:18'),(326,0,1,2,'JYHD_0','JYHD_0','1.0',9,1,1969031,1,'2017-10-20 16:39:37'),(327,103004,2,2,'JYHD_0','JYHD_0','1.0',8,-21000,2078250,1,'2017-10-20 16:39:38'),(328,103004,2,2,'JYHD_0','JYHD_0','1.0',6,13,1196,15,'2017-10-20 16:39:53'),(329,0,2,2,'JYHD_0','JYHD_0','1.0',9,4,99523,1,'2017-10-20 16:40:08'),(330,103004,2,2,'JYHD_0','JYHD_0','1.0',8,-85000,1986250,1,'2017-10-20 16:40:18'),(331,0,2,2,'JYHD_0','JYHD_0','1.0',9,5,99528,1,'2017-10-20 16:40:38'),(332,103004,2,2,'JYHD_0','JYHD_0','1.0',6,10,1206,15,'2017-10-20 16:40:50'),(333,103004,2,2,'JYHD_0','JYHD_0','1.0',8,-28000,1885750,1,'2017-10-20 16:41:08'),(334,103004,2,2,'JYHD_0','JYHD_0','1.0',8,-85000,1800750,1,'2017-10-20 16:41:18'),(335,103004,2,2,'JYHD_0','JYHD_0','1.0',8,-98000,1630750,1,'2017-10-20 16:41:38'),(336,101663,1,2,'JYHD_0','JYHD_0','1.0',8,-100,722300746,1,'2017-10-20 16:41:54'),(337,103004,2,2,'JYHD_0','JYHD_0','1.0',1,1,1,15,'2017-10-20 16:41:49'),(338,103004,2,2,'JYHD_0','JYHD_0','1.0',6,12,1218,15,'2017-10-20 16:42:08'),(339,0,1,2,'JYHD_0','JYHD_0','1.0',9,2,1969033,1,'2017-10-20 16:42:04'),(340,0,1,2,'JYHD_0','JYHD_0','1.0',9,8,1969041,1,'2017-10-20 16:42:14'),(341,103004,2,2,'JYHD_0','JYHD_0','1.0',8,-32000,1944750,1,'2017-10-20 16:42:18'),(342,103004,2,2,'JYHD_0','JYHD_0','1.0',2,-1,7,4,'2017-10-20 16:42:38'),(343,0,2,2,'JYHD_0','JYHD_0','1.0',9,4,99569,1,'2017-10-20 16:42:48'),(344,103004,2,2,'JYHD_0','JYHD_0','1.0',8,-4000,2043750,1,'2017-10-20 16:43:08'),(345,0,2,2,'JYHD_0','JYHD_0','1.0',9,5,99574,1,'2017-10-20 16:43:18'),(346,0,2,2,'JYHD_0','JYHD_0','1.0',9,11,99591,1,'2017-10-20 16:43:38'),(347,103004,2,2,'JYHD_0','JYHD_0','1.0',8,-58000,1852750,1,'2017-10-20 16:43:48'),(348,103004,2,2,'JYHD_0','JYHD_0','1.0',8,64000,1907750,1,'2017-10-20 16:44:08'),(349,103004,2,2,'JYHD_0','JYHD_0','1.0',8,-43000,1864750,1,'2017-10-20 16:44:18'),(350,0,1,2,'JYHD_0','JYHD_0','1.0',9,200,1969241,12,'2017-10-20 16:44:23'),(351,103004,2,2,'JYHD_0','JYHD_0','1.0',8,92000,1904750,1,'2017-10-20 16:44:38'),(352,101663,1,2,'JYHD_0','JYHD_0','1.0',1,3,3,3,'2017-10-20 16:44:49'),(353,103004,2,2,'JYHD_0','JYHD_0','1.0',8,-1000,1903750,1,'2017-10-20 16:44:48'),(354,103004,2,2,'JYHD_0','JYHD_0','1.0',6,300,1544,19,'2017-10-20 16:45:00'),(355,101663,1,2,'JYHD_0','JYHD_0','1.0',5,-1,2550,4,'2017-10-20 16:45:07'),(356,0,1,2,'JYHD_0','JYHD_0','1.0',9,6,1969392,1,'2017-10-20 16:45:25'),(357,101663,1,2,'JYHD_0','JYHD_0','1.0',8,1550000,733179936,1,'2017-10-20 16:45:35'),(358,103004,2,2,'JYHD_0','JYHD_0','1.0',8,-56000,1847750,1,'2017-10-20 16:45:38'),(359,101663,1,2,'JYHD_0','JYHD_0','1.0',8,-200000,738882516,1,'2017-10-20 16:45:55'),(360,103004,2,2,'JYHD_0','JYHD_0','1.0',2,-1,6,4,'2017-10-20 16:45:55'),(361,103004,2,2,'JYHD_0','JYHD_0','1.0',8,-11000,1744750,1,'2017-10-20 16:46:08'),(362,101663,1,2,'JYHD_0','JYHD_0','1.0',5,-1,2542,4,'2017-10-20 16:46:08'),(363,101663,1,2,'JYHD_0','JYHD_0','1.0',8,2400230,749118246,1,'2017-10-20 16:46:25'),(364,103004,2,2,'JYHD_0','JYHD_0','1.0',8,121000,1865750,1,'2017-10-20 16:46:18'),(365,101663,1,2,'JYHD_0','JYHD_0','1.0',5,-1,2534,4,'2017-10-20 16:46:39'),(366,103004,2,2,'JYHD_0','JYHD_0','1.0',8,-102000,1763750,1,'2017-10-20 16:46:38'),(367,101663,1,2,'JYHD_0','JYHD_0','1.0',8,3010200,764415386,1,'2017-10-20 16:46:55'),(368,103004,2,2,'JYHD_0','JYHD_0','1.0',8,76000,1839750,1,'2017-10-20 16:46:48'),(369,103004,2,2,'JYHD_0','JYHD_0','1.0',8,-39000,1780750,1,'2017-10-20 16:47:08'),(370,101663,1,2,'JYHD_0','JYHD_0','1.0',5,-1,2527,4,'2017-10-20 16:47:10'),(371,101663,1,2,'JYHD_0','JYHD_0','1.0',8,1982220,775558326,1,'2017-10-20 16:47:25'),(372,103004,2,2,'JYHD_0','JYHD_0','1.0',8,-20000,1760750,1,'2017-10-20 16:47:18'),(373,101663,1,2,'JYHD_0','JYHD_0','1.0',8,-950000,774608326,1,'2017-10-20 16:47:29'),(374,103004,2,2,'JYHD_0','JYHD_0','1.0',8,-1000,1759750,1,'2017-10-20 16:48:58'),(375,103004,2,2,'JYHD_0','JYHD_0','1.0',8,30000,1748750,1,'2017-10-20 16:57:52'),(376,0,2,2,'JYHD_0','JYHD_0','1.0',9,-2,99587,4,'2017-10-20 16:58:08'),(377,0,2,2,'JYHD_0','JYHD_0','1.0',9,-2,99585,4,'2017-10-20 16:58:23'),(378,0,2,2,'JYHD_0','JYHD_0','1.0',9,-2,99589,4,'2017-10-20 16:58:34'),(379,103004,2,2,'JYHD_0','JYHD_0','1.0',8,-5000,1812750,1,'2017-10-20 16:58:52'),(380,103004,2,2,'JYHD_0','JYHD_0','1.0',8,-50000,1762750,1,'2017-10-20 16:59:02'),(381,103004,2,2,'JYHD_0','JYHD_0','1.0',8,-142000,1583750,1,'2017-10-20 16:59:22'),(382,103004,2,2,'JYHD_0','JYHD_0','1.0',8,-26000,1508750,1,'2017-10-20 16:59:32'),(383,103004,2,2,'JYHD_0','JYHD_0','1.0',8,-13000,1420750,1,'2017-10-20 16:59:52'),(384,103004,2,2,'JYHD_0','JYHD_0','1.0',8,-4000,1370750,1,'2017-10-20 17:00:02'),(385,103004,2,2,'JYHD_0','JYHD_0','1.0',8,-12000,1276750,1,'2017-10-20 17:00:22'),(386,103004,2,2,'JYHD_0','JYHD_0','1.0',8,-42000,1234750,1,'2017-10-20 17:00:32'),(387,103004,2,2,'JYHD_0','JYHD_0','1.0',8,215000,1449750,1,'2017-10-20 17:00:52'),(388,103004,2,2,'JYHD_0','JYHD_0','1.0',8,-92000,1357750,1,'2017-10-20 17:01:02'),(389,103004,2,2,'JYHD_0','JYHD_0','1.0',8,-23000,1360750,1,'2017-10-20 17:01:22'),(390,103004,2,2,'JYHD_0','JYHD_0','1.0',6,10,1585,15,'2017-10-20 17:01:36'),(391,103004,2,2,'JYHD_0','JYHD_0','1.0',8,27000,1306750,1,'2017-10-20 17:01:52'),(392,103004,2,2,'JYHD_0','JYHD_0','1.0',8,-62000,1244750,1,'2017-10-20 17:02:02'),(393,103004,2,2,'JYHD_0','JYHD_0','1.0',8,-96000,1102750,1,'2017-10-20 17:02:22'),(394,103004,2,2,'JYHD_0','JYHD_0','1.0',8,10000,1112750,1,'2017-10-20 17:02:32'),(395,103004,2,2,'JYHD_0','JYHD_0','1.0',8,-102000,980750,1,'2017-10-20 17:02:52'),(396,103004,2,2,'JYHD_0','JYHD_0','1.0',6,10,1605,15,'2017-10-20 17:03:05'),(397,103004,2,2,'JYHD_0','JYHD_0','1.0',8,-63000,741250,1,'2017-10-20 17:03:22'),(398,103004,2,2,'JYHD_0','JYHD_0','1.0',8,-57000,684250,1,'2017-10-20 17:03:30'),(399,0,2,2,'JYHD_0','JYHD_0','1.0',9,-2,98375,4,'2017-10-20 17:03:53'),(400,0,2,2,'JYHD_0','JYHD_0','1.0',9,10,98381,1,'2017-10-20 17:04:08'),(401,103004,2,2,'JYHD_0','JYHD_0','1.0',6,150,1756,19,'2017-10-20 17:04:16'),(402,103004,2,2,'JYHD_0','JYHD_0','1.0',8,-3600,675150,1,'2017-10-20 17:09:02'),(403,103004,2,2,'JYHD_0','JYHD_0','1.0',8,27900,693650,1,'2017-10-20 17:09:22'),(404,103004,2,2,'JYHD_0','JYHD_0','1.0',8,-10500,683150,1,'2017-10-20 17:09:32'),(405,103004,2,2,'JYHD_0','JYHD_0','1.0',8,6700,682050,1,'2017-10-20 17:10:52'),(406,0,2,2,'JYHD_0','JYHD_0','1.0',9,-2,98377,4,'2017-10-20 17:11:07'),(407,103004,2,2,'JYHD_0','JYHD_0','1.0',8,-400,671950,1,'2017-10-20 17:11:22'),(408,0,2,2,'JYHD_0','JYHD_0','1.0',9,-2,98371,4,'2017-10-20 17:11:36'),(409,0,2,2,'JYHD_0','JYHD_0','1.0',9,-2,98369,4,'2017-10-20 17:11:53'),(410,103004,2,2,'JYHD_0','JYHD_0','1.0',8,-3600,677550,1,'2017-10-20 17:12:00'),(411,100049,1,2,'JYHD_0','JYHD_0','1.0',8,-90,112980,1,'2017-10-20 17:18:52'),(412,100049,1,2,'JYHD_0','JYHD_0','1.0',8,-20,112960,1,'2017-10-20 17:18:58'),(413,103004,2,2,'JYHD_0','JYHD_0','1.0',8,-300,677250,1,'2017-10-20 17:20:04'),(414,103004,2,2,'JYHD_0','JYHD_0','1.0',8,-5200,671450,1,'2017-10-20 17:20:24'),(415,103004,2,2,'JYHD_0','JYHD_0','1.0',8,-1200,670250,1,'2017-10-20 17:20:34'),(416,103004,2,2,'JYHD_0','JYHD_0','1.0',8,-1100,654550,1,'2017-10-20 17:20:54'),(417,103004,2,2,'JYHD_0','JYHD_0','1.0',8,6500,661050,1,'2017-10-20 17:21:04'),(418,0,2,2,'JYHD_0','JYHD_0','1.0',9,-2,98359,4,'2017-10-20 17:21:24'),(419,0,2,2,'JYHD_0','JYHD_0','1.0',9,-2,98355,4,'2017-10-20 17:21:37'),(420,103004,2,2,'JYHD_0','JYHD_0','1.0',8,-1000,649950,1,'2017-10-20 17:21:54'),(421,0,2,2,'JYHD_0','JYHD_0','1.0',9,-2,98349,4,'2017-10-20 17:22:05'),(422,103004,2,2,'JYHD_0','JYHD_0','1.0',8,-2400,636450,1,'2017-10-20 17:22:24'),(423,103004,2,2,'JYHD_0','JYHD_0','1.0',8,-5000,631450,1,'2017-10-20 17:22:34'),(424,0,2,2,'JYHD_0','JYHD_0','1.0',9,-2,98341,4,'2017-10-20 17:22:55'),(425,0,2,2,'JYHD_0','JYHD_0','1.0',9,-2,98337,4,'2017-10-20 17:23:09'),(426,103004,2,2,'JYHD_0','JYHD_0','1.0',8,-5100,608250,1,'2017-10-20 17:23:24'),(427,103004,2,2,'JYHD_0','JYHD_0','1.0',8,13100,621350,1,'2017-10-20 17:23:34'),(428,103004,2,2,'JYHD_0','JYHD_0','1.0',8,12700,625950,1,'2017-10-20 17:23:54'),(429,103004,2,2,'JYHD_0','JYHD_0','1.0',8,100,626050,19,'2017-10-20 17:23:55'),(430,103004,2,2,'JYHD_0','JYHD_0','1.0',8,-200,625850,1,'2017-10-20 17:24:54'),(431,103004,2,2,'JYHD_0','JYHD_0','1.0',8,-9000,616850,1,'2017-10-20 17:25:04'),(432,103004,2,2,'JYHD_0','JYHD_0','1.0',8,-580,616270,1,'2017-10-20 17:32:23'),(433,103004,2,2,'JYHD_0','JYHD_0','1.0',8,-700,615570,1,'2017-10-20 17:32:33'),(434,103004,2,2,'JYHD_0','JYHD_0','1.0',8,50,615150,1,'2017-10-20 17:32:53'),(435,103004,2,2,'JYHD_0','JYHD_0','1.0',8,-850,614300,1,'2017-10-20 17:33:03'),(436,103004,2,2,'JYHD_0','JYHD_0','1.0',8,-280,613430,1,'2017-10-20 17:33:23'),(437,103004,2,2,'JYHD_0','JYHD_0','1.0',8,-740,612690,1,'2017-10-20 17:33:33'),(438,103004,2,2,'JYHD_0','JYHD_0','1.0',8,1820,616550,1,'2017-10-20 17:33:53'),(439,103004,2,2,'JYHD_0','JYHD_0','1.0',8,130,616680,1,'2017-10-20 17:34:03'),(440,103004,2,2,'JYHD_0','JYHD_0','1.0',8,200,616160,1,'2017-10-20 17:34:23'),(441,103004,2,2,'JYHD_0','JYHD_0','1.0',6,1,1765,15,'2017-10-20 17:34:40'),(442,103004,2,2,'JYHD_0','JYHD_0','1.0',8,-250,614800,1,'2017-10-20 17:34:53'),(443,103004,2,2,'JYHD_0','JYHD_0','1.0',8,-490,614310,1,'2017-10-20 17:35:03'),(444,103004,2,2,'JYHD_0','JYHD_0','1.0',8,-380,613110,1,'2017-10-20 17:35:23'),(445,0,2,2,'JYHD_0','JYHD_0','1.0',9,2,98341,1,'2017-10-20 17:35:33'),(446,103004,2,2,'JYHD_0','JYHD_0','1.0',8,-910,611230,1,'2017-10-20 17:35:53'),(447,103004,2,2,'JYHD_0','JYHD_0','1.0',8,-840,610390,1,'2017-10-20 17:36:03'),(448,103004,2,2,'JYHD_0','JYHD_0','1.0',8,-390,609020,1,'2017-10-20 17:36:23'),(449,103004,2,2,'JYHD_0','JYHD_0','1.0',8,-240,608780,1,'2017-10-20 17:36:33'),(450,103004,2,2,'JYHD_0','JYHD_0','1.0',8,480,609450,1,'2017-10-20 17:36:53'),(451,103004,2,2,'JYHD_0','JYHD_0','1.0',8,-1020,608430,1,'2017-10-20 17:37:03'),(452,103004,2,2,'JYHD_0','JYHD_0','1.0',8,-540,607810,1,'2017-10-20 17:37:23'),(453,103004,2,2,'JYHD_0','JYHD_0','1.0',8,-1250,606560,1,'2017-10-20 17:37:33'),(454,103004,2,2,'JYHD_0','JYHD_0','1.0',8,-890,604580,1,'2017-10-20 17:37:53'),(455,103004,2,2,'JYHD_0','JYHD_0','1.0',6,1,1769,15,'2017-10-20 17:38:06'),(456,103004,2,2,'JYHD_0','JYHD_0','1.0',8,-1180,601740,1,'2017-10-20 17:38:23'),(457,103004,2,2,'JYHD_0','JYHD_0','1.0',8,320,602060,1,'2017-10-20 17:38:33'),(458,103004,2,2,'JYHD_0','JYHD_0','1.0',8,-220,600700,1,'2017-10-20 17:38:53'),(459,103004,2,2,'JYHD_0','JYHD_0','1.0',8,2190,602890,1,'2017-10-20 17:39:03'),(460,103004,2,2,'JYHD_0','JYHD_0','1.0',8,-730,601780,1,'2017-10-20 17:39:23'),(461,103004,2,2,'JYHD_0','JYHD_0','1.0',8,170,601950,1,'2017-10-20 17:39:33'),(462,103004,2,2,'JYHD_0','JYHD_0','1.0',8,-220,601730,1,'2017-10-20 17:39:43'),(463,103004,2,2,'JYHD_0','JYHD_0','1.0',6,1,1771,15,'2017-10-20 17:40:09'),(464,103004,2,2,'JYHD_0','JYHD_0','1.0',8,-30,600280,1,'2017-10-20 17:40:23'),(465,103004,2,2,'JYHD_0','JYHD_0','1.0',8,-530,599750,1,'2017-10-20 17:40:33'),(466,103004,2,2,'JYHD_0','JYHD_0','1.0',8,-430,599540,1,'2017-10-20 17:40:53'),(467,0,2,2,'JYHD_0','JYHD_0','1.0',9,-2,98335,4,'2017-10-20 17:41:05'),(468,103004,2,2,'JYHD_0','JYHD_0','1.0',8,1080,599720,1,'2017-10-20 17:41:23'),(469,103004,2,2,'JYHD_0','JYHD_0','1.0',8,-400,599320,1,'2017-10-20 17:41:33'),(470,103004,2,2,'JYHD_0','JYHD_0','1.0',8,1390,600020,1,'2017-10-20 17:41:53'),(471,100049,1,2,'JYHD_0','JYHD_0','1.0',8,-400,112560,1,'2017-10-20 17:41:49'),(472,0,1,2,'JYHD_0','JYHD_0','1.0',9,3,27,1,'2017-10-20 17:42:09'),(473,103004,2,2,'JYHD_0','JYHD_0','1.0',8,-330,599690,1,'2017-10-20 17:42:03'),(474,0,1,2,'JYHD_0','JYHD_0','1.0',9,1,28,1,'2017-10-20 17:42:13'),(475,103004,2,2,'JYHD_0','JYHD_0','1.0',8,-10,599680,1,'2017-10-20 17:42:13'),(476,103004,2,2,'JYHD_0','JYHD_0','1.0',8,700,601340,1,'2017-10-20 17:46:06'),(477,103004,2,2,'JYHD_0','JYHD_0','1.0',8,-490,606850,1,'2017-10-20 17:46:16'),(478,103004,2,2,'JYHD_0','JYHD_0','1.0',8,-980,605420,1,'2017-10-20 17:46:36'),(479,103004,2,2,'JYHD_0','JYHD_0','1.0',8,-1700,614780,1,'2017-10-20 17:46:46'),(480,103004,2,2,'JYHD_0','JYHD_0','1.0',8,470,613950,1,'2017-10-20 17:47:06'),(481,103004,2,2,'JYHD_0','JYHD_0','1.0',8,-300,613650,1,'2017-10-20 17:47:16'),(482,103004,2,2,'JYHD_0','JYHD_0','1.0',6,1,1794,15,'2017-10-20 17:47:37'),(483,103004,2,2,'JYHD_0','JYHD_0','1.0',8,760,613230,1,'2017-10-20 17:47:46'),(484,103004,2,2,'JYHD_0','JYHD_0','1.0',8,30,613260,1,'2017-10-20 17:47:56'),(485,0,2,2,'JYHD_0','JYHD_0','1.0',9,-1050,96336,1,'2017-10-20 17:55:01'),(486,103004,2,2,'JYHD_0','JYHD_0','1.0',8,-170,625090,1,'2017-10-20 17:55:16'),(487,103004,2,2,'JYHD_0','JYHD_0','1.0',8,-490,624600,1,'2017-10-20 17:55:26'),(488,103004,2,2,'JYHD_0','JYHD_0','1.0',8,1690,625790,1,'2017-10-20 17:55:46'),(489,103004,2,2,'JYHD_0','JYHD_0','1.0',8,-320,625470,1,'2017-10-20 17:55:56'),(490,103004,2,2,'JYHD_0','JYHD_0','1.0',8,9440,634240,1,'2017-10-20 17:56:16'),(491,103004,2,2,'JYHD_0','JYHD_0','1.0',6,1,1796,15,'2017-10-20 17:56:32'),(492,103004,2,2,'JYHD_0','JYHD_0','1.0',8,-470,633540,1,'2017-10-20 17:56:46'),(493,103004,2,2,'JYHD_0','JYHD_0','1.0',8,720,634260,1,'2017-10-20 17:56:56'),(494,103004,2,2,'JYHD_0','JYHD_0','1.0',8,-1040,633680,1,'2017-10-20 17:57:16'),(495,103004,2,2,'JYHD_0','JYHD_0','1.0',8,1640,635320,1,'2017-10-20 17:57:26'),(496,103004,2,2,'JYHD_0','JYHD_0','1.0',8,-410,634910,1,'2017-10-20 17:57:36'),(497,103004,2,2,'JYHD_0','JYHD_0','1.0',8,-420,634490,1,'2017-10-20 17:57:56'),(498,103004,2,2,'JYHD_0','JYHD_0','1.0',8,-560,633210,1,'2017-10-20 17:58:16'),(499,103004,2,2,'JYHD_0','JYHD_0','1.0',8,-560,632650,1,'2017-10-20 17:58:26'),(500,103004,2,2,'JYHD_0','JYHD_0','1.0',8,-250,632140,1,'2017-10-20 17:58:46'),(501,103004,2,2,'JYHD_0','JYHD_0','1.0',8,-730,631410,1,'2017-10-20 17:58:56'),(502,103004,2,2,'JYHD_0','JYHD_0','1.0',8,-600,630420,1,'2017-10-20 17:59:16'),(503,103004,2,2,'JYHD_0','JYHD_0','1.0',8,-280,630140,1,'2017-10-20 17:59:26'),(504,103004,2,2,'JYHD_0','JYHD_0','1.0',8,980,630660,1,'2017-10-20 17:59:46'),(505,103004,2,2,'JYHD_0','JYHD_0','1.0',8,-360,630300,1,'2017-10-20 17:59:56'),(506,103004,2,2,'JYHD_0','JYHD_0','1.0',8,-710,629220,1,'2017-10-20 18:00:16'),(507,103004,2,2,'JYHD_0','JYHD_0','1.0',8,230,629450,1,'2017-10-20 18:00:26'),(508,103004,2,2,'JYHD_0','JYHD_0','1.0',8,820,629580,1,'2017-10-20 18:00:46'),(509,103004,2,2,'JYHD_0','JYHD_0','1.0',8,180,629760,1,'2017-10-20 18:00:56'),(510,103004,2,2,'JYHD_0','JYHD_0','1.0',6,1,1801,15,'2017-10-20 18:01:20'),(511,103004,2,2,'JYHD_0','JYHD_0','1.0',8,470,629140,1,'2017-10-20 18:01:26'),(512,103004,2,2,'JYHD_0','JYHD_0','1.0',8,-730,627870,1,'2017-10-20 18:01:46'),(513,103004,2,2,'JYHD_0','JYHD_0','1.0',8,-670,627200,1,'2017-10-20 18:01:56'),(514,103004,2,2,'JYHD_0','JYHD_0','1.0',8,-770,625940,1,'2017-10-20 18:02:16'),(515,103004,2,2,'JYHD_0','JYHD_0','1.0',8,-710,625230,1,'2017-10-20 18:02:26'),(516,103004,2,2,'JYHD_0','JYHD_0','1.0',8,120,625020,1,'2017-10-20 18:02:46'),(517,103004,2,2,'JYHD_0','JYHD_0','1.0',8,-210,624810,1,'2017-10-20 18:02:56'),(518,103004,2,2,'JYHD_0','JYHD_0','1.0',8,-390,623950,1,'2017-10-20 18:03:16'),(519,103004,2,2,'JYHD_0','JYHD_0','1.0',8,320,624270,1,'2017-10-20 18:03:26'),(520,103004,2,2,'JYHD_0','JYHD_0','1.0',8,-560,623170,1,'2017-10-20 18:03:46'),(521,103004,2,2,'JYHD_0','JYHD_0','1.0',8,690,623860,1,'2017-10-20 18:03:56'),(522,103004,2,2,'JYHD_0','JYHD_0','1.0',8,-710,622910,1,'2017-10-20 18:04:16'),(523,103004,2,2,'JYHD_0','JYHD_0','1.0',8,-630,622280,1,'2017-10-20 18:04:26'),(524,103004,2,2,'JYHD_0','JYHD_0','1.0',8,-490,620960,1,'2017-10-20 18:04:46'),(525,103004,2,2,'JYHD_0','JYHD_0','1.0',8,100,621830,19,'2017-10-20 18:04:56'),(526,103004,2,2,'JYHD_0','JYHD_0','1.0',8,-580,620940,1,'2017-10-20 18:05:16'),(527,103004,2,2,'JYHD_0','JYHD_0','1.0',8,-450,620490,1,'2017-10-20 18:05:26'),(528,103004,2,2,'JYHD_0','JYHD_0','1.0',8,-610,619880,1,'2017-10-20 18:05:36'),(529,0,2,2,'JYHD_0','JYHD_0','1.0',9,1,96337,1,'2017-10-20 18:06:16'),(530,103004,2,2,'JYHD_0','JYHD_0','1.0',8,-720,618680,1,'2017-10-20 18:06:26'),(531,0,2,2,'JYHD_0','JYHD_0','1.0',9,-1200,95137,1,'2017-10-20 18:06:50'),(532,103004,2,2,'JYHD_0','JYHD_0','1.0',8,-100,630900,1,'2017-10-20 18:06:55'),(533,103004,2,2,'JYHD_0','JYHD_0','1.0',8,18100,639900,1,'2017-10-20 18:07:17'),(534,103004,2,2,'JYHD_0','JYHD_0','1.0',1,1,1,15,'2017-10-20 18:07:33'),(535,103004,2,2,'JYHD_0','JYHD_0','1.0',8,-1200,663000,1,'2017-10-20 18:07:47'),(536,103004,2,2,'JYHD_0','JYHD_0','1.0',8,-3200,659800,1,'2017-10-20 18:07:57'),(537,103004,2,2,'JYHD_0','JYHD_0','1.0',8,-5700,649600,1,'2017-10-20 18:08:17'),(538,103004,2,2,'JYHD_0','JYHD_0','1.0',8,-400,649200,1,'2017-10-20 18:08:26'),(539,103004,2,2,'JYHD_0','JYHD_0','1.0',8,-43000,606200,1,'2017-10-20 18:19:20'),(540,103004,2,2,'JYHD_0','JYHD_0','1.0',8,-85000,521200,1,'2017-10-20 18:19:30'),(541,0,2,2,'JYHD_0','JYHD_0','1.0',9,-1295,93848,1,'2017-10-20 18:19:45'),(542,103004,2,2,'JYHD_0','JYHD_0','1.0',8,75000,510200,1,'2017-10-20 18:19:59'),(543,103004,2,2,'JYHD_0','JYHD_0','1.0',8,-270000,85200,1,'2017-10-20 18:20:19'),(544,103004,2,2,'JYHD_0','JYHD_0','1.0',8,-200,0,1,'2017-10-20 18:20:33'),(545,103004,2,2,'JYHD_0','JYHD_0','1.0',8,-10,5990,1,'2017-10-20 18:23:39'),(546,103004,2,2,'JYHD_0','JYHD_0','1.0',8,-2000,3990,1,'2017-10-20 18:28:11'),(547,103004,2,2,'JYHD_0','JYHD_0','1.0',8,-3000,990,1,'2017-10-20 18:28:21'),(548,103004,2,2,'JYHD_0','JYHD_0','1.0',8,-10,380,1,'2017-10-20 18:30:02'),(549,103004,2,2,'JYHD_0','JYHD_0','1.0',8,-380,0,1,'2017-10-20 18:30:10'),(550,103343,1,2,'JYHD_0','JYHD_0','1.0',8,6000,32000,8,'2017-10-21 12:11:35'),(551,103343,1,2,'JYHD_0','JYHD_0','1.0',8,500,32500,1,'2017-10-21 12:12:16'),(552,103343,1,2,'JYHD_0','JYHD_0','1.0',8,-400,31910,1,'2017-10-21 12:12:31'),(553,0,1,2,'JYHD_0','JYHD_0','1.0',9,2,22,1,'2017-10-21 12:12:41'),(554,0,1,2,'JYHD_0','JYHD_0','1.0',9,-5,6,1,'2017-10-21 12:13:05'),(555,103343,1,2,'JYHD_0','JYHD_0','1.0',8,1000,59930,1,'2017-10-21 12:13:18'),(556,0,1,2,'JYHD_0','JYHD_0','1.0',9,1,6,1,'2017-10-21 12:13:31'),(557,103343,1,2,'JYHD_0','JYHD_0','1.0',8,-560,79740,1,'2017-10-21 12:13:41'),(558,103343,1,2,'JYHD_0','JYHD_0','1.0',8,-3920,73500,1,'2017-10-21 12:14:01'),(559,0,1,2,'JYHD_0','JYHD_0','1.0',9,2,6,1,'2017-10-21 12:14:11'),(560,103343,1,2,'JYHD_0','JYHD_0','1.0',8,-3680,68780,1,'2017-10-21 12:14:31'),(561,103343,1,2,'JYHD_0','JYHD_0','1.0',6,1,64,15,'2017-10-21 12:14:46'),(562,0,1,2,'JYHD_0','JYHD_0','1.0',9,3,9,1,'2017-10-21 12:15:01'),(563,103343,1,2,'JYHD_0','JYHD_0','1.0',6,1,65,15,'2017-10-21 12:15:18'),(564,103343,1,2,'JYHD_0','JYHD_0','1.0',8,-3840,66700,1,'2017-10-21 12:15:31'),(565,103343,1,2,'JYHD_0','JYHD_0','1.0',6,1,66,15,'2017-10-21 12:15:45'),(566,103343,1,2,'JYHD_0','JYHD_0','1.0',8,-4240,67740,1,'2017-10-21 12:16:01'),(567,0,1,2,'JYHD_0','JYHD_0','1.0',9,-10,3,1,'2017-10-21 12:16:18'),(568,103343,1,2,'JYHD_0','JYHD_0','1.0',8,-4770,59620,1,'2017-10-21 12:16:31'),(569,103343,1,2,'JYHD_0','JYHD_0','1.0',2,-1,8,4,'2017-10-21 12:16:43'),(570,103343,1,2,'JYHD_0','JYHD_0','1.0',8,2000,51720,1,'2017-10-21 12:17:04'),(571,0,1,2,'JYHD_0','JYHD_0','1.0',9,2,5,1,'2017-10-21 12:17:11'),(572,103343,1,2,'JYHD_0','JYHD_0','1.0',8,1440,51360,1,'2017-10-21 12:17:31'),(573,103343,1,2,'JYHD_0','JYHD_0','1.0',8,810,52170,1,'2017-10-21 12:17:41'),(574,103343,1,2,'JYHD_0','JYHD_0','1.0',6,1,68,15,'2017-10-21 12:18:02'),(575,0,1,2,'JYHD_0','JYHD_0','1.0',9,4,15,1,'2017-10-21 12:18:11'),(576,103343,1,2,'JYHD_0','JYHD_0','1.0',8,270,62880,1,'2017-10-21 12:18:31'),(577,0,1,2,'JYHD_0','JYHD_0','1.0',9,11,33,1,'2017-10-21 12:18:41'),(578,103343,1,2,'JYHD_0','JYHD_0','1.0',8,-4050,91290,1,'2017-10-21 12:19:01'),(579,103343,1,2,'JYHD_0','JYHD_0','1.0',8,-4230,87060,1,'2017-10-21 12:19:11'),(580,103343,1,2,'JYHD_0','JYHD_0','1.0',8,-5040,76530,1,'2017-10-21 12:19:31'),(581,103343,1,2,'JYHD_0','JYHD_0','1.0',6,20,88,19,'2017-10-21 12:20:01'),(582,103343,1,2,'JYHD_0','JYHD_0','1.0',8,-900,71490,1,'2017-10-21 12:20:11'),(583,103343,1,2,'JYHD_0','JYHD_0','1.0',8,-4590,63300,1,'2017-10-21 12:20:31'),(584,0,1,2,'JYHD_0','JYHD_0','1.0',9,-18,18,1,'2017-10-21 12:20:38'),(585,103343,1,2,'JYHD_0','JYHD_0','1.0',8,5400,77500,1,'2017-10-21 12:21:02'),(586,103343,1,2,'JYHD_0','JYHD_0','1.0',8,-6200,71300,1,'2017-10-21 12:21:12'),(587,103343,1,2,'JYHD_0','JYHD_0','1.0',8,-4900,65500,1,'2017-10-21 12:21:32'),(588,103343,1,2,'JYHD_0','JYHD_0','1.0',6,2,94,15,'2017-10-21 12:21:44'),(589,103343,1,2,'JYHD_0','JYHD_0','1.0',8,-2200,67200,1,'2017-10-21 12:22:02'),(590,0,1,2,'JYHD_0','JYHD_0','1.0',9,3,28,1,'2017-10-21 12:22:12'),(591,103343,1,2,'JYHD_0','JYHD_0','1.0',8,-2000,78900,1,'2017-10-21 12:22:32'),(592,103343,1,2,'JYHD_0','JYHD_0','1.0',8,3000,76900,1,'2017-10-21 12:22:45'),(593,103343,1,2,'JYHD_0','JYHD_0','1.0',8,-9200,65300,1,'2017-10-21 12:23:02'),(594,103343,1,2,'JYHD_0','JYHD_0','1.0',6,3,99,15,'2017-10-21 12:23:18'),(595,103343,1,2,'JYHD_0','JYHD_0','1.0',8,-5400,48700,1,'2017-10-21 12:23:32'),(596,103343,1,2,'JYHD_0','JYHD_0','1.0',6,2,101,15,'2017-10-21 12:23:48'),(597,0,1,2,'JYHD_0','JYHD_0','1.0',9,5,22,1,'2017-10-21 12:24:02'),(598,103343,1,2,'JYHD_0','JYHD_0','1.0',2,1,9,15,'2017-10-21 12:24:16'),(599,0,1,2,'JYHD_0','JYHD_0','1.0',9,2,24,1,'2017-10-21 12:24:32'),(600,0,1,2,'JYHD_0','JYHD_0','1.0',9,4,28,1,'2017-10-21 12:24:42'),(601,103343,1,2,'JYHD_0','JYHD_0','1.0',8,-8400,80500,1,'2017-10-21 12:25:02'),(602,0,1,2,'JYHD_0','JYHD_0','1.0',9,-31,1,1,'2017-10-21 12:25:15'),(603,0,1,2,'JYHD_0','JYHD_0','1.0',9,13,14,1,'2017-10-21 12:25:32'),(604,103343,1,2,'JYHD_0','JYHD_0','1.0',8,-13200,98600,1,'2017-10-21 12:25:42'),(605,103343,1,2,'JYHD_0','JYHD_0','1.0',8,100,93300,19,'2017-10-21 12:26:02'),(606,0,1,2,'JYHD_0','JYHD_0','1.0',9,2,27,1,'2017-10-21 12:26:12'),(607,0,1,2,'JYHD_0','JYHD_0','1.0',9,2,29,1,'2017-10-21 12:26:32'),(608,103343,1,2,'JYHD_0','JYHD_0','1.0',8,-9600,46200,1,'2017-10-21 12:26:42'),(609,0,1,2,'JYHD_0','JYHD_0','1.0',9,5,38,1,'2017-10-21 12:27:02'),(610,103343,1,2,'JYHD_0','JYHD_0','1.0',8,-2700,54600,1,'2017-10-21 12:27:07'),(611,0,1,2,'JYHD_0','JYHD_0','1.0',9,4,48,1,'2017-10-21 15:39:17'),(612,103343,1,2,'JYHD_0','JYHD_0','1.0',2,1,10,15,'2017-10-21 15:39:33'),(613,103343,1,2,'JYHD_0','JYHD_0','1.0',8,-600,82500,1,'2017-10-21 15:39:47'),(614,103343,1,2,'JYHD_0','JYHD_0','1.0',8,-2500,80000,1,'2017-10-21 15:39:57'),(615,103343,1,2,'JYHD_0','JYHD_0','1.0',8,-4800,72800,1,'2017-10-21 15:40:17'),(616,0,1,2,'JYHD_0','JYHD_0','1.0',9,4,63,1,'2017-10-21 15:40:27'),(617,103343,1,2,'JYHD_0','JYHD_0','1.0',8,-5400,58600,1,'2017-10-21 15:40:47'),(618,103343,1,2,'JYHD_0','JYHD_0','1.0',8,-5500,53100,1,'2017-10-21 15:40:57'),(619,103343,1,2,'JYHD_0','JYHD_0','1.0',8,-1400,49400,1,'2017-10-21 15:41:17'),(620,0,1,2,'JYHD_0','JYHD_0','1.0',9,3,66,1,'2017-10-21 15:41:27'),(621,103343,1,2,'JYHD_0','JYHD_0','1.0',8,-4200,40700,1,'2017-10-21 15:41:47'),(622,103343,1,2,'JYHD_0','JYHD_0','1.0',6,1,120,15,'2017-10-21 15:42:01'),(623,0,1,2,'JYHD_0','JYHD_0','1.0',9,2,68,1,'2017-10-21 15:42:17'),(624,0,1,2,'JYHD_0','JYHD_0','1.0',9,12,80,1,'2017-10-21 15:42:26'),(625,103343,1,2,'JYHD_0','JYHD_0','1.0',8,-2400,49100,1,'2017-10-21 15:42:47'),(626,103343,1,2,'JYHD_0','JYHD_0','1.0',6,1,121,15,'2017-10-21 15:42:59'),(627,103343,1,2,'JYHD_0','JYHD_0','1.0',8,-5000,56400,1,'2017-10-21 15:43:17'),(628,0,1,2,'JYHD_0','JYHD_0','1.0',9,7,99,1,'2017-10-21 15:43:27'),(629,103343,1,2,'JYHD_0','JYHD_0','1.0',8,3300,55000,1,'2017-10-21 15:43:47'),(630,103343,1,2,'JYHD_0','JYHD_0','1.0',8,-300,54700,1,'2017-10-21 15:43:57'),(631,103343,1,2,'JYHD_0','JYHD_0','1.0',8,-3500,45000,1,'2017-10-21 15:44:17'),(632,103343,1,2,'JYHD_0','JYHD_0','1.0',6,2,125,15,'2017-10-21 15:44:35'),(633,103343,1,2,'JYHD_0','JYHD_0','1.0',8,-3800,47100,1,'2017-10-21 15:44:47'),(634,103343,1,2,'JYHD_0','JYHD_0','1.0',8,-2800,44300,1,'2017-10-21 15:44:57'),(635,103343,1,2,'JYHD_0','JYHD_0','1.0',8,-500,40600,1,'2017-10-21 15:45:17'),(636,103343,1,2,'JYHD_0','JYHD_0','1.0',6,2,129,15,'2017-10-21 15:45:30'),(637,103343,1,2,'JYHD_0','JYHD_0','1.0',8,-3200,33400,1,'2017-10-21 15:45:47'),(638,0,1,2,'JYHD_0','JYHD_0','1.0',9,2,113,1,'2017-10-21 15:45:57'),(639,103343,1,2,'JYHD_0','JYHD_0','1.0',8,-5000,28900,1,'2017-10-21 15:46:17'),(640,103343,1,2,'JYHD_0','JYHD_0','1.0',8,-2400,26500,1,'2017-10-21 15:46:27'),(641,103343,1,2,'JYHD_0','JYHD_0','1.0',8,-1700,20300,1,'2017-10-21 15:46:47'),(642,103343,1,2,'JYHD_0','JYHD_0','1.0',8,-5000,15300,1,'2017-10-21 15:46:57'),(643,0,1,2,'JYHD_0','JYHD_0','1.0',9,2,120,1,'2017-10-21 15:47:17'),(644,0,1,2,'JYHD_0','JYHD_0','1.0',9,2,122,1,'2017-10-21 15:47:27'),(645,103343,1,2,'JYHD_0','JYHD_0','1.0',6,1,130,15,'2017-10-21 15:47:49'),(646,0,1,2,'JYHD_0','JYHD_0','1.0',9,7,131,1,'2017-10-21 15:47:57'),(647,103343,1,2,'JYHD_0','JYHD_0','1.0',8,-3200,15600,1,'2017-10-21 15:48:17'),(648,103343,1,2,'JYHD_0','JYHD_0','1.0',6,7,137,15,'2017-10-21 15:48:31'),(649,103343,1,2,'JYHD_0','JYHD_0','1.0',8,-19500,3300,1,'2017-10-21 15:48:47'),(650,103343,1,2,'JYHD_0','JYHD_0','1.0',8,-7900,400,1,'2017-10-21 15:48:57'),(651,103343,1,2,'JYHD_0','JYHD_0','1.0',8,-500,0,1,'2017-10-21 15:49:18'),(652,103343,1,2,'JYHD_0','JYHD_0','1.0',8,-1200,4800,1,'2017-10-21 15:49:27'),(653,0,1,2,'JYHD_0','JYHD_0','1.0',9,4,4,1,'2017-10-21 15:49:47'),(654,0,1,2,'JYHD_0','JYHD_0','1.0',9,3,7,1,'2017-10-21 15:49:59'),(655,103343,1,2,'JYHD_0','JYHD_0','1.0',8,6000,6000,1,'2017-10-21 15:50:30'),(656,103343,1,2,'JYHD_0','JYHD_0','1.0',8,-2700,0,1,'2017-10-21 15:50:41'),(657,103345,2,2,'JYHD_0','JYHD_0','1.0',8,6000,32000,8,'2017-10-21 16:01:50'),(658,103343,1,2,'JYHD_0','JYHD_0','1.0',8,6000,6000,1,'2017-10-21 16:02:05'),(659,0,2,2,'JYHD_0','JYHD_0','1.0',9,3,23,1,'2017-10-21 16:02:50'),(660,103343,1,2,'JYHD_0','JYHD_0','1.0',8,170,6170,1,'2017-10-21 16:02:41'),(661,103345,2,2,'JYHD_0','JYHD_0','1.0',6,1,61,15,'2017-10-21 16:03:04'),(662,0,2,2,'JYHD_0','JYHD_0','1.0',9,1,37,1,'2017-10-21 16:03:20'),(663,103345,2,2,'JYHD_0','JYHD_0','1.0',8,-360,34960,1,'2017-10-21 16:03:30'),(664,0,2,2,'JYHD_0','JYHD_0','1.0',9,-2,37,4,'2017-10-21 16:03:38'),(665,103345,2,2,'JYHD_0','JYHD_0','1.0',8,110,36460,1,'2017-10-21 16:04:00'),(666,103343,1,2,'JYHD_0','JYHD_0','1.0',8,-140,6030,1,'2017-10-21 16:04:01'),(667,103343,1,2,'JYHD_0','JYHD_0','1.0',8,-560,5470,1,'2017-10-21 16:04:11'),(668,103343,1,2,'JYHD_0','JYHD_0','1.0',8,-550,5030,1,'2017-10-21 16:04:31'),(669,103343,1,2,'JYHD_0','JYHD_0','1.0',8,-200,4830,1,'2017-10-21 16:04:41'),(670,103345,2,2,'JYHD_0','JYHD_0','1.0',8,12000,48460,8,'2017-10-22 16:19:53'),(671,0,2,2,'JYHD_0','JYHD_0','1.0',9,-5,8,1,'2017-10-22 16:20:20'),(672,103345,2,2,'JYHD_0','JYHD_0','1.0',8,500,63320,1,'2017-10-22 16:20:30'),(673,0,2,2,'JYHD_0','JYHD_0','1.0',9,4,12,1,'2017-10-22 16:20:49'),(674,103345,2,2,'JYHD_0','JYHD_0','1.0',8,-4160,72360,1,'2017-10-22 16:20:59'),(675,103345,2,2,'JYHD_0','JYHD_0','1.0',8,-2960,65400,1,'2017-10-22 16:21:19'),(676,103345,2,2,'JYHD_0','JYHD_0','1.0',8,1000,62880,1,'2017-10-22 16:21:34'),(677,0,2,2,'JYHD_0','JYHD_0','1.0',9,1,14,1,'2017-10-22 16:21:49'),(678,103345,2,2,'JYHD_0','JYHD_0','1.0',6,1,66,15,'2017-10-22 16:22:05'),(679,103345,2,2,'JYHD_0','JYHD_0','1.0',6,20,86,19,'2017-10-22 16:22:14'),(680,103345,2,2,'JYHD_0','JYHD_0','1.0',8,-3280,82160,1,'2017-10-22 16:22:29'),(681,103345,2,2,'JYHD_0','JYHD_0','1.0',8,-3040,75600,1,'2017-10-22 16:22:49'),(682,103345,2,2,'JYHD_0','JYHD_0','1.0',8,-450,83870,1,'2017-10-22 16:22:59'),(683,103345,2,2,'JYHD_0','JYHD_0','1.0',8,-4320,76130,1,'2017-10-22 16:23:19'),(684,103345,2,2,'JYHD_0','JYHD_0','1.0',8,-4500,71630,1,'2017-10-22 16:23:29'),(685,103345,2,2,'JYHD_0','JYHD_0','1.0',8,-3780,72170,1,'2017-10-22 16:23:49'),(686,0,2,2,'JYHD_0','JYHD_0','1.0',9,3,14,1,'2017-10-22 16:23:59'),(687,0,2,2,'JYHD_0','JYHD_0','1.0',9,2,16,1,'2017-10-22 16:24:19'),(688,0,2,2,'JYHD_0','JYHD_0','1.0',9,1,17,1,'2017-10-22 16:24:29'),(689,103345,2,2,'JYHD_0','JYHD_0','1.0',8,-720,77230,1,'2017-10-22 16:24:49'),(690,0,2,2,'JYHD_0','JYHD_0','1.0',9,1,18,1,'2017-10-22 16:24:59'),(691,0,2,2,'JYHD_0','JYHD_0','1.0',9,1,21,1,'2017-10-22 16:25:19'),(692,103345,2,2,'JYHD_0','JYHD_0','1.0',8,-4680,74440,1,'2017-10-22 16:25:29'),(693,103345,2,2,'JYHD_0','JYHD_0','1.0',8,7020,80650,1,'2017-10-22 16:25:49'),(694,0,2,2,'JYHD_0','JYHD_0','1.0',9,2,25,1,'2017-10-22 16:25:59'),(695,0,2,2,'JYHD_0','JYHD_0','1.0',9,4,31,1,'2017-10-22 16:26:19'),(696,103345,2,2,'JYHD_0','JYHD_0','1.0',8,-4230,76330,1,'2017-10-22 16:26:29'),(697,103345,2,2,'JYHD_0','JYHD_0','1.0',8,-1440,74170,1,'2017-10-22 16:26:49'),(698,0,2,2,'JYHD_0','JYHD_0','1.0',9,11,44,1,'2017-10-22 16:27:01'),(699,0,2,2,'JYHD_0','JYHD_0','1.0',9,3,47,1,'2017-10-22 16:27:19'),(700,103345,2,2,'JYHD_0','JYHD_0','1.0',6,2,93,15,'2017-10-22 16:27:34'),(701,103345,2,2,'JYHD_0','JYHD_0','1.0',8,4400,92030,1,'2017-10-22 16:27:50'),(702,103345,2,2,'JYHD_0','JYHD_0','1.0',8,7200,99230,1,'2017-10-22 16:28:00'),(703,103345,2,2,'JYHD_0','JYHD_0','1.0',8,-200,112530,1,'2017-10-22 16:28:20'),(704,0,2,2,'JYHD_0','JYHD_0','1.0',9,2,7,1,'2017-10-22 16:28:30'),(705,103345,2,2,'JYHD_0','JYHD_0','1.0',8,-12000,122330,1,'2017-10-22 16:28:50'),(706,103345,2,2,'JYHD_0','JYHD_0','1.0',8,-3000,122330,1,'2017-10-22 16:29:00'),(707,103345,2,2,'JYHD_0','JYHD_0','1.0',8,-9200,102330,1,'2017-10-22 16:29:20'),(708,0,2,2,'JYHD_0','JYHD_0','1.0',9,9,16,1,'2017-10-22 16:29:30'),(709,103345,2,2,'JYHD_0','JYHD_0','1.0',8,-800,138530,1,'2017-10-22 16:29:50'),(710,0,2,2,'JYHD_0','JYHD_0','1.0',9,4,22,1,'2017-10-22 16:30:00'),(711,103345,2,2,'JYHD_0','JYHD_0','1.0',8,-6200,129530,1,'2017-10-22 16:30:20'),(712,103345,2,2,'JYHD_0','JYHD_0','1.0',8,-6400,123130,1,'2017-10-22 16:30:30'),(713,103345,2,2,'JYHD_0','JYHD_0','1.0',8,-400,112730,1,'2017-10-22 16:30:50'),(714,103345,2,2,'JYHD_0','JYHD_0','1.0',6,3,101,15,'2017-10-22 16:31:04'),(715,0,2,2,'JYHD_0','JYHD_0','1.0',9,3,27,1,'2017-10-22 16:31:20'),(716,103345,2,2,'JYHD_0','JYHD_0','1.0',6,3,104,15,'2017-10-22 16:31:31'),(717,103345,2,2,'JYHD_0','JYHD_0','1.0',8,-3900,111530,1,'2017-10-22 16:31:50'),(718,103345,2,2,'JYHD_0','JYHD_0','1.0',8,-12900,98630,1,'2017-10-22 16:32:00'),(719,103345,2,2,'JYHD_0','JYHD_0','1.0',8,-17100,103730,1,'2017-10-22 16:32:20'),(720,103345,2,2,'JYHD_0','JYHD_0','1.0',8,-17700,86030,1,'2017-10-22 16:32:30'),(721,103345,2,2,'JYHD_0','JYHD_0','1.0',8,-900,58730,1,'2017-10-22 16:32:50'),(722,0,2,2,'JYHD_0','JYHD_0','1.0',9,5,10,1,'2017-10-22 16:33:00'),(723,0,2,2,'JYHD_0','JYHD_0','1.0',9,4,12,1,'2017-10-22 16:33:20'),(724,0,2,2,'JYHD_0','JYHD_0','1.0',9,3,15,1,'2017-10-22 16:33:30'),(725,103345,2,2,'JYHD_0','JYHD_0','1.0',2,-1,8,4,'2017-10-22 16:33:49'),(726,0,2,2,'JYHD_0','JYHD_0','1.0',9,-2,22,4,'2017-10-22 16:34:02'),(727,103345,2,2,'JYHD_0','JYHD_0','1.0',8,-1800,177630,1,'2017-10-22 16:34:20'),(728,103345,2,2,'JYHD_0','JYHD_0','1.0',8,-3000,174630,1,'2017-10-22 16:34:30'),(729,103345,2,2,'JYHD_0','JYHD_0','1.0',8,3000,163430,1,'2017-10-22 16:34:50'),(730,0,2,2,'JYHD_0','JYHD_0','1.0',9,-37,0,1,'2017-10-22 16:35:05'),(731,103345,2,2,'JYHD_0','JYHD_0','1.0',8,-20000,158630,1,'2017-10-22 16:35:20'),(732,103345,2,2,'JYHD_0','JYHD_0','1.0',2,-1,5,4,'2017-10-22 16:35:29'),(733,0,2,2,'JYHD_0','JYHD_0','1.0',9,5,5,1,'2017-10-22 16:35:50'),(734,0,2,2,'JYHD_0','JYHD_0','1.0',9,8,13,1,'2017-10-22 16:36:00'),(735,103345,2,2,'JYHD_0','JYHD_0','1.0',2,-1,4,4,'2017-10-22 16:36:20'),(736,103345,2,2,'JYHD_0','JYHD_0','1.0',8,-1200,240630,1,'2017-10-22 16:36:30'),(737,103345,2,2,'JYHD_0','JYHD_0','1.0',8,-2400,207430,1,'2017-10-22 16:36:50'),(738,0,2,2,'JYHD_0','JYHD_0','1.0',9,-2,11,4,'2017-10-22 16:37:01'),(739,103345,2,2,'JYHD_0','JYHD_0','1.0',8,-12400,215430,1,'2017-10-22 16:37:20'),(740,103345,2,2,'JYHD_0','JYHD_0','1.0',8,-5600,196630,1,'2017-10-22 16:37:30'),(741,0,2,2,'JYHD_0','JYHD_0','1.0',9,-2,14,4,'2017-10-22 16:37:50'),(742,103345,2,2,'JYHD_0','JYHD_0','1.0',8,-19200,188230,1,'2017-10-22 16:38:00'),(743,103345,2,2,'JYHD_0','JYHD_0','1.0',8,-17200,154230,1,'2017-10-22 16:38:20'),(744,103345,2,2,'JYHD_0','JYHD_0','1.0',8,-6800,147430,1,'2017-10-22 16:38:30'),(745,0,2,2,'JYHD_0','JYHD_0','1.0',9,4,16,1,'2017-10-22 16:38:50'),(746,103345,2,2,'JYHD_0','JYHD_0','1.0',8,-11600,156630,1,'2017-10-22 16:39:00'),(747,0,2,2,'JYHD_0','JYHD_0','1.0',9,6,20,1,'2017-10-22 16:39:20'),(748,103345,2,2,'JYHD_0','JYHD_0','1.0',8,-4800,157830,1,'2017-10-22 16:39:30'),(749,103345,2,2,'JYHD_0','JYHD_0','1.0',8,-17200,129830,1,'2017-10-22 16:39:50'),(750,0,2,2,'JYHD_0','JYHD_0','1.0',9,-2,26,4,'2017-10-22 16:40:02'),(751,103345,2,2,'JYHD_0','JYHD_0','1.0',8,-18800,67830,1,'2017-10-22 16:40:20'),(752,103345,2,2,'JYHD_0','JYHD_0','1.0',8,-22400,45430,1,'2017-10-22 16:40:30'),(753,103345,2,2,'JYHD_0','JYHD_0','1.0',8,-13200,40230,1,'2017-10-22 16:40:50'),(754,103345,2,2,'JYHD_0','JYHD_0','1.0',8,-9600,30630,1,'2017-10-22 16:41:00'),(755,103345,2,2,'JYHD_0','JYHD_0','1.0',8,-22200,30,1,'2017-10-22 16:41:20'),(756,103345,2,2,'JYHD_0','JYHD_0','1.0',8,6000,6000,1,'2017-10-22 16:41:33'),(757,103345,2,2,'JYHD_0','JYHD_0','1.0',8,-510,5220,1,'2017-10-22 16:41:48'),(758,103345,2,2,'JYHD_0','JYHD_0','1.0',6,1,136,15,'2017-10-22 16:42:02'),(759,103345,2,2,'JYHD_0','JYHD_0','1.0',8,-520,5020,1,'2017-10-22 16:42:18'),(760,103345,2,2,'JYHD_0','JYHD_0','1.0',8,-530,4490,1,'2017-10-22 16:42:28'),(761,0,2,2,'JYHD_0','JYHD_0','1.0',9,3,39,1,'2017-10-22 16:42:48'),(762,103345,2,2,'JYHD_0','JYHD_0','1.0',8,-50,5870,1,'2017-10-22 16:42:58'),(763,103345,2,2,'JYHD_0','JYHD_0','1.0',8,-420,6410,1,'2017-10-22 16:43:18'),(764,0,2,2,'JYHD_0','JYHD_0','1.0',9,3,44,1,'2017-10-22 16:44:27'),(765,103345,2,2,'JYHD_0','JYHD_0','1.0',8,-250,11520,1,'2017-10-22 16:44:47'),(766,103345,2,2,'JYHD_0','JYHD_0','1.0',8,-410,11110,1,'2017-10-22 16:44:57'),(767,0,2,2,'JYHD_0','JYHD_0','1.0',9,1,45,1,'2017-10-22 16:45:17'),(768,0,2,2,'JYHD_0','JYHD_0','1.0',9,1,46,1,'2017-10-22 16:45:27'),(769,103345,2,2,'JYHD_0','JYHD_0','1.0',6,1,140,15,'2017-10-22 16:45:50'),(770,0,2,2,'JYHD_0','JYHD_0','1.0',9,4,51,1,'2017-10-22 16:45:57'),(771,0,2,2,'JYHD_0','JYHD_0','1.0',9,3,54,1,'2017-10-22 16:46:17'),(772,103004,2,2,'JYHD_0','JYHD_0','1.0',8,12000,12000,8,'2017-10-23 11:04:35'),(773,103004,2,2,'JYHD_0','JYHD_0','1.0',8,500,12500,1,'2017-10-23 11:05:14'),(774,0,2,2,'JYHD_0','JYHD_0','1.0',9,-2,93846,4,'2017-10-23 11:05:35'),(775,103004,2,2,'JYHD_0','JYHD_0','1.0',8,-300,10960,1,'2017-10-23 11:05:42'),(776,103004,2,2,'JYHD_0','JYHD_0','1.0',8,-80,10150,1,'2017-10-23 11:06:02'),(777,103004,2,2,'JYHD_0','JYHD_0','1.0',8,1000,10860,1,'2017-10-23 11:06:16'),(778,103004,2,2,'JYHD_0','JYHD_0','1.0',8,1020,11620,1,'2017-10-23 11:06:32'),(779,103004,2,2,'JYHD_0','JYHD_0','1.0',8,-500,11120,1,'2017-10-23 11:06:42'),(780,103004,2,2,'JYHD_0','JYHD_0','1.0',8,-210,10680,1,'2017-10-23 11:07:02'),(781,103004,2,2,'JYHD_0','JYHD_0','1.0',8,50,10730,1,'2017-10-23 11:07:12'),(782,103004,2,2,'JYHD_0','JYHD_0','1.0',8,1260,12830,1,'2017-10-23 11:07:32'),(783,103004,2,2,'JYHD_0','JYHD_0','1.0',6,1,1896,15,'2017-10-23 11:07:47'),(784,0,2,2,'JYHD_0','JYHD_0','1.0',9,2,93842,1,'2017-10-23 11:08:02'),(785,103004,2,2,'JYHD_0','JYHD_0','1.0',1,1,1,15,'2017-10-23 11:08:15'),(786,103004,2,2,'JYHD_0','JYHD_0','1.0',8,-100,46510,1,'2017-10-23 11:08:30'),(787,103004,2,2,'JYHD_0','JYHD_0','1.0',8,-5500,43010,1,'2017-10-23 11:08:42'),(788,103004,2,2,'JYHD_0','JYHD_0','1.0',8,-6600,31710,1,'2017-10-23 11:09:02'),(789,103004,2,2,'JYHD_0','JYHD_0','1.0',8,-2200,29510,1,'2017-10-23 11:09:12'),(790,103004,2,2,'JYHD_0','JYHD_0','1.0',8,8700,39810,1,'2017-10-23 11:09:32'),(791,103004,2,2,'JYHD_0','JYHD_0','1.0',8,-3400,33810,1,'2017-10-23 11:09:50'),(792,103004,2,2,'JYHD_0','JYHD_0','1.0',8,-500,33310,1,'2017-10-23 11:10:03'),(793,103004,2,2,'JYHD_0','JYHD_0','1.0',8,1570,34880,1,'2017-10-23 11:10:13'),(794,103004,2,2,'JYHD_0','JYHD_0','1.0',8,-920,35000,1,'2017-10-23 11:10:33'),(795,103004,2,2,'JYHD_0','JYHD_0','1.0',8,-870,34130,1,'2017-10-23 11:10:43'),(796,103004,2,2,'JYHD_0','JYHD_0','1.0',8,-890,32730,1,'2017-10-23 11:11:03'),(797,103004,2,2,'JYHD_0','JYHD_0','1.0',8,-670,32060,1,'2017-10-23 11:11:13'),(798,103004,2,2,'JYHD_0','JYHD_0','1.0',8,1280,33690,1,'2017-10-23 11:11:33'),(799,103004,2,2,'JYHD_0','JYHD_0','1.0',8,-50,33640,1,'2017-10-23 11:11:43'),(800,103004,2,2,'JYHD_0','JYHD_0','1.0',6,1,1919,15,'2017-10-23 11:12:04'),(801,103004,2,2,'JYHD_0','JYHD_0','1.0',8,-770,33910,1,'2017-10-23 11:12:13'),(802,0,2,2,'JYHD_0','JYHD_0','1.0',9,1,90793,1,'2017-10-23 11:12:33'),(803,103004,2,2,'JYHD_0','JYHD_0','1.0',8,1010,37310,1,'2017-10-23 11:12:56'),(804,103004,2,2,'JYHD_0','JYHD_0','1.0',8,-500,36040,1,'2017-10-23 11:13:16'),(805,103004,2,2,'JYHD_0','JYHD_0','1.0',8,-1190,34850,1,'2017-10-23 11:13:26'),(806,103004,2,2,'JYHD_0','JYHD_0','1.0',8,-480,35620,1,'2017-10-23 11:13:46'),(807,103004,2,2,'JYHD_0','JYHD_0','1.0',8,3000,37670,1,'2017-10-23 11:14:02'),(808,103004,2,2,'JYHD_0','JYHD_0','1.0',8,-260,37540,1,'2017-10-23 11:14:16'),(809,103004,2,2,'JYHD_0','JYHD_0','1.0',8,-480,37060,1,'2017-10-23 11:14:26'),(810,103004,2,2,'JYHD_0','JYHD_0','1.0',8,-1150,35400,1,'2017-10-23 11:14:46'),(811,103004,2,2,'JYHD_0','JYHD_0','1.0',8,-720,34680,1,'2017-10-23 11:14:56'),(812,103004,2,2,'JYHD_0','JYHD_0','1.0',8,-970,32710,1,'2017-10-23 11:15:16'),(813,103004,2,2,'JYHD_0','JYHD_0','1.0',8,-220,32490,1,'2017-10-23 11:15:26'),(814,103004,2,2,'JYHD_0','JYHD_0','1.0',8,-940,30670,1,'2017-10-23 11:15:46'),(815,103004,2,2,'JYHD_0','JYHD_0','1.0',8,-300,30370,1,'2017-10-23 11:15:56'),(816,103004,2,2,'JYHD_0','JYHD_0','1.0',8,70,30580,1,'2017-10-23 11:16:16'),(817,103004,2,2,'JYHD_0','JYHD_0','1.0',8,-380,30200,1,'2017-10-23 11:16:26'),(818,103004,2,2,'JYHD_0','JYHD_0','1.0',6,1,1921,15,'2017-10-23 11:16:47'),(819,103004,2,2,'JYHD_0','JYHD_0','1.0',8,-200,29110,1,'2017-10-23 11:16:56'),(820,103004,2,2,'JYHD_0','JYHD_0','1.0',6,1,1922,15,'2017-10-23 11:17:19'),(821,103004,2,2,'JYHD_0','JYHD_0','1.0',8,270,29990,1,'2017-10-23 11:17:26'),(822,103004,2,2,'JYHD_0','JYHD_0','1.0',8,-320,29340,1,'2017-10-23 11:17:46'),(823,103004,2,2,'JYHD_0','JYHD_0','1.0',8,-720,28620,1,'2017-10-23 11:17:56'),(824,103004,2,2,'JYHD_0','JYHD_0','1.0',8,-270,29300,1,'2017-10-23 11:18:16'),(825,103004,2,2,'JYHD_0','JYHD_0','1.0',1,-1,1,4,'2017-10-23 11:18:32'),(826,103004,2,2,'JYHD_0','JYHD_0','1.0',6,1,1924,15,'2017-10-23 11:18:50'),(827,103004,2,2,'JYHD_0','JYHD_0','1.0',8,-810,26690,1,'2017-10-23 11:18:56'),(828,103004,2,2,'JYHD_0','JYHD_0','1.0',8,560,26620,1,'2017-10-23 11:19:16'),(829,103004,2,2,'JYHD_0','JYHD_0','1.0',8,-890,25730,1,'2017-10-23 11:19:26'),(830,103004,2,2,'JYHD_0','JYHD_0','1.0',8,1410,26760,1,'2017-10-23 11:19:46'),(831,103004,2,2,'JYHD_0','JYHD_0','1.0',8,-610,26150,1,'2017-10-23 11:19:56'),(832,103004,2,2,'JYHD_0','JYHD_0','1.0',8,-760,24760,1,'2017-10-23 11:20:16'),(833,103004,2,2,'JYHD_0','JYHD_0','1.0',8,-190,24570,1,'2017-10-23 11:20:26'),(834,103004,2,2,'JYHD_0','JYHD_0','1.0',8,-970,22660,1,'2017-10-23 11:20:46'),(835,103004,2,2,'JYHD_0','JYHD_0','1.0',8,-980,21680,1,'2017-10-23 11:20:56'),(836,103004,2,2,'JYHD_0','JYHD_0','1.0',8,370,20960,1,'2017-10-23 11:21:16'),(837,103004,2,2,'JYHD_0','JYHD_0','1.0',8,720,21680,1,'2017-10-23 11:21:26'),(838,103004,2,2,'JYHD_0','JYHD_0','1.0',8,1470,23040,1,'2017-10-23 11:21:46'),(839,103004,2,2,'JYHD_0','JYHD_0','1.0',8,-650,22390,1,'2017-10-23 11:21:56'),(840,103004,2,2,'JYHD_0','JYHD_0','1.0',8,-480,21110,1,'2017-10-23 11:22:16'),(841,103004,2,2,'JYHD_0','JYHD_0','1.0',8,-810,20300,1,'2017-10-23 11:22:26'),(842,103004,2,2,'JYHD_0','JYHD_0','1.0',8,-610,19370,1,'2017-10-23 11:22:46'),(843,103004,2,2,'JYHD_0','JYHD_0','1.0',8,1240,20610,1,'2017-10-23 11:22:56'),(844,103004,2,2,'JYHD_0','JYHD_0','1.0',8,-820,19010,1,'2017-10-23 11:23:16'),(845,103004,2,2,'JYHD_0','JYHD_0','1.0',8,-710,18300,1,'2017-10-23 11:23:26'),(846,103004,2,2,'JYHD_0','JYHD_0','1.0',8,-540,17040,1,'2017-10-23 11:23:46'),(847,103004,2,2,'JYHD_0','JYHD_0','1.0',6,1,1951,15,'2017-10-23 11:24:03'),(848,103004,2,2,'JYHD_0','JYHD_0','1.0',8,-90,16030,1,'2017-10-23 11:24:10'),(849,100049,1,2,'JYHD_0','JYHD_0','1.0',8,12000,126400,8,'2017-10-23 12:22:43'),(850,100049,1,2,'JYHD_0','JYHD_0','1.0',8,-500,125900,1,'2017-10-23 12:23:08'),(851,100049,1,2,'JYHD_0','JYHD_0','1.0',8,500,126400,1,'2017-10-23 15:37:29'),(852,0,1,2,'JYHD_0','JYHD_0','1.0',9,1,29,1,'2017-10-23 15:37:45'),(853,103004,2,2,'JYHD_0','JYHD_0','1.0',8,-40,15990,1,'2017-10-23 17:50:45'),(854,103004,2,2,'JYHD_0','JYHD_0','1.0',8,220,16210,1,'2017-10-23 17:50:55'),(855,103004,2,2,'JYHD_0','JYHD_0','1.0',8,-810,15830,1,'2017-10-23 17:51:15'),(856,103004,2,2,'JYHD_0','JYHD_0','1.0',8,-650,15180,1,'2017-10-23 17:51:25'),(857,103004,2,2,'JYHD_0','JYHD_0','1.0',8,500,15810,1,'2017-10-23 17:51:45'),(858,103004,2,2,'JYHD_0','JYHD_0','1.0',8,6000,20310,1,'2017-10-23 17:52:02'),(859,103004,2,2,'JYHD_0','JYHD_0','1.0',6,2,1954,15,'2017-10-23 17:52:09'),(860,103004,2,2,'JYHD_0','JYHD_0','1.0',8,-4300,26310,1,'2017-10-23 17:52:28'),(861,103004,2,2,'JYHD_0','JYHD_0','1.0',8,-4200,22110,1,'2017-10-23 17:52:38'),(862,0,2,2,'JYHD_0','JYHD_0','1.0',9,-1796,88999,1,'2017-10-23 17:53:02'),(863,103004,2,2,'JYHD_0','JYHD_0','1.0',8,-32000,910,1,'2017-10-23 17:53:12'),(864,103004,2,2,'JYHD_0','JYHD_0','1.0',8,220,1130,1,'2017-10-23 17:53:24'),(865,103004,2,2,'JYHD_0','JYHD_0','1.0',8,670,1250,1,'2017-10-23 17:53:44'),(866,103004,2,2,'JYHD_0','JYHD_0','1.0',8,-610,0,1,'2017-10-23 17:54:02'),(867,103004,2,2,'JYHD_0','JYHD_0','1.0',8,-300,5700,1,'2017-10-23 17:54:14'),(868,103004,2,2,'JYHD_0','JYHD_0','1.0',8,-710,4990,1,'2017-10-23 17:54:24'),(869,103004,2,2,'JYHD_0','JYHD_0','1.0',8,-530,3600,1,'2017-10-23 17:54:44'),(870,103004,2,2,'JYHD_0','JYHD_0','1.0',8,270,3870,1,'2017-10-23 17:54:54'),(871,103004,2,2,'JYHD_0','JYHD_0','1.0',8,-320,2660,1,'2017-10-23 17:55:14'),(872,103004,2,2,'JYHD_0','JYHD_0','1.0',8,-190,2470,1,'2017-10-23 17:55:24'),(873,103004,2,2,'JYHD_0','JYHD_0','1.0',8,-840,1190,1,'2017-10-23 17:55:44'),(874,103004,2,2,'JYHD_0','JYHD_0','1.0',8,-630,560,1,'2017-10-23 17:55:54'),(875,103004,2,2,'JYHD_0','JYHD_0','1.0',8,-90,0,1,'2017-10-23 17:56:12'),(876,103004,2,2,'JYHD_0','JYHD_0','1.0',8,-430,5570,1,'2017-10-23 17:56:44'),(877,103004,2,2,'JYHD_0','JYHD_0','1.0',6,1,1961,15,'2017-10-23 17:56:59'),(878,103004,2,2,'JYHD_0','JYHD_0','1.0',8,-640,3950,1,'2017-10-23 17:57:14'),(879,103004,2,2,'JYHD_0','JYHD_0','1.0',6,1,1962,15,'2017-10-23 17:57:30'),(880,103004,2,2,'JYHD_0','JYHD_0','1.0',6,1,1963,15,'2017-10-23 17:57:46'),(881,103004,2,2,'JYHD_0','JYHD_0','1.0',8,610,2550,1,'2017-10-23 17:57:54'),(882,103004,2,2,'JYHD_0','JYHD_0','1.0',8,1060,3690,1,'2017-10-23 17:58:14'),(883,103004,2,2,'JYHD_0','JYHD_0','1.0',8,-530,3040,1,'2017-10-23 17:58:44'),(884,103004,2,2,'JYHD_0','JYHD_0','1.0',8,-360,2680,1,'2017-10-23 17:58:54'),(885,103004,2,2,'JYHD_0','JYHD_0','1.0',8,-310,2370,1,'2017-10-23 17:59:14'),(886,103004,2,2,'JYHD_0','JYHD_0','1.0',8,150,2520,1,'2017-10-23 17:59:24'),(887,103004,2,2,'JYHD_0','JYHD_0','1.0',8,-370,1910,1,'2017-10-23 17:59:44'),(888,103004,2,2,'JYHD_0','JYHD_0','1.0',8,-420,1490,1,'2017-10-23 17:59:54'),(889,103004,2,2,'JYHD_0','JYHD_0','1.0',6,1,1964,15,'2017-10-23 18:00:15'),(890,0,2,2,'JYHD_0','JYHD_0','1.0',9,-4000,74001,1,'2017-10-23 18:00:32'),(891,103004,2,2,'JYHD_0','JYHD_0','1.0',8,-4100,93070,1,'2017-10-23 18:00:44'),(892,103004,2,2,'JYHD_0','JYHD_0','1.0',6,2,1966,15,'2017-10-23 18:00:56'),(893,103004,2,2,'JYHD_0','JYHD_0','1.0',8,-8500,101770,1,'2017-10-23 18:01:14'),(894,103004,2,2,'JYHD_0','JYHD_0','1.0',6,2,1968,15,'2017-10-23 18:01:32'),(895,103004,2,2,'JYHD_0','JYHD_0','1.0',8,1400,90070,1,'2017-10-23 18:01:44'),(896,103004,2,2,'JYHD_0','JYHD_0','1.0',8,-10500,79570,1,'2017-10-23 18:01:54'),(897,103004,2,2,'JYHD_0','JYHD_0','1.0',8,-4900,66170,1,'2017-10-23 18:02:14'),(898,103004,2,2,'JYHD_0','JYHD_0','1.0',6,1,1970,15,'2017-10-23 18:02:32'),(899,103004,2,2,'JYHD_0','JYHD_0','1.0',8,-5000,68970,1,'2017-10-23 18:02:44'),(900,103004,2,2,'JYHD_0','JYHD_0','1.0',8,-5600,63370,1,'2017-10-23 18:02:54'),(901,103004,2,2,'JYHD_0','JYHD_0','1.0',8,-6500,50270,1,'2017-10-23 18:03:14'),(902,103004,2,2,'JYHD_0','JYHD_0','1.0',8,-8300,41970,1,'2017-10-23 18:03:24'),(903,103004,2,2,'JYHD_0','JYHD_0','1.0',8,1400,49870,1,'2017-10-23 18:03:44'),(904,103004,2,2,'JYHD_0','JYHD_0','1.0',8,-7700,42170,1,'2017-10-23 18:03:54'),(905,103004,2,2,'JYHD_0','JYHD_0','1.0',8,-7200,21770,1,'2017-10-23 18:04:14'),(906,103004,2,2,'JYHD_0','JYHD_0','1.0',6,1,1977,15,'2017-10-23 18:04:30'),(907,103004,2,2,'JYHD_0','JYHD_0','1.0',8,-5100,29070,1,'2017-10-23 18:04:44'),(908,103004,2,2,'JYHD_0','JYHD_0','1.0',6,1,1978,15,'2017-10-23 18:05:02'),(909,103004,2,2,'JYHD_0','JYHD_0','1.0',8,-800,17070,1,'2017-10-23 18:05:14'),(910,103004,2,2,'JYHD_0','JYHD_0','1.0',8,-6800,10270,1,'2017-10-23 18:05:24'),(911,103004,2,2,'JYHD_0','JYHD_0','1.0',8,-2470,0,1,'2017-10-23 18:05:40'),(912,103004,2,2,'JYHD_0','JYHD_0','1.0',8,-320,5680,1,'2017-10-23 18:06:46'),(913,103004,2,2,'JYHD_0','JYHD_0','1.0',8,1740,7420,1,'2017-10-23 18:06:56'),(914,103004,2,2,'JYHD_0','JYHD_0','1.0',8,-310,6690,1,'2017-10-23 18:07:16'),(915,103004,2,2,'JYHD_0','JYHD_0','1.0',8,270,6960,1,'2017-10-23 18:07:26'),(916,103004,2,2,'JYHD_0','JYHD_0','1.0',8,-900,5230,1,'2017-10-23 18:07:46'),(917,103004,2,2,'JYHD_0','JYHD_0','1.0',8,-790,4440,1,'2017-10-23 18:07:56'),(918,0,2,2,'JYHD_0','JYHD_0','1.0',9,2,69003,1,'2017-10-23 18:08:16'),(919,0,2,2,'JYHD_0','JYHD_0','1.0',9,1,69004,1,'2017-10-23 18:08:26'),(920,103004,2,2,'JYHD_0','JYHD_0','1.0',8,-690,2590,1,'2017-10-23 18:08:46'),(921,103004,2,2,'JYHD_0','JYHD_0','1.0',8,-620,1970,1,'2017-10-23 18:08:56'),(922,103004,2,2,'JYHD_0','JYHD_0','1.0',8,-750,470,1,'2017-10-23 18:09:16'),(923,103004,2,2,'JYHD_0','JYHD_0','1.0',8,9710,10180,1,'2017-10-23 18:09:26'),(924,103004,2,2,'JYHD_0','JYHD_0','1.0',8,-40,10480,1,'2017-10-23 18:09:46'),(925,103004,2,2,'JYHD_0','JYHD_0','1.0',8,-680,9800,1,'2017-10-23 18:09:56'),(926,103004,2,2,'JYHD_0','JYHD_0','1.0',8,-420,8940,1,'2017-10-23 18:10:16'),(927,0,2,2,'JYHD_0','JYHD_0','1.0',9,1,69005,1,'2017-10-23 18:10:26'),(928,103004,2,2,'JYHD_0','JYHD_0','1.0',8,-100,7610,1,'2017-10-23 18:10:46'),(929,103004,2,2,'JYHD_0','JYHD_0','1.0',8,-670,6940,1,'2017-10-23 18:10:56'),(930,103004,2,2,'JYHD_0','JYHD_0','1.0',8,-180,6350,1,'2017-10-23 18:11:16'),(931,103004,2,2,'JYHD_0','JYHD_0','1.0',8,20,6370,1,'2017-10-23 18:11:26'),(932,0,2,2,'JYHD_0','JYHD_0','1.0',9,1,69006,1,'2017-10-23 18:11:46'),(933,103004,2,2,'JYHD_0','JYHD_0','1.0',8,-640,7880,1,'2017-10-23 18:11:56'),(934,103004,2,2,'JYHD_0','JYHD_0','1.0',8,-50,8210,1,'2017-10-23 18:12:16'),(935,103004,2,2,'JYHD_0','JYHD_0','1.0',8,-810,7400,1,'2017-10-23 18:12:26'),(936,103004,2,2,'JYHD_0','JYHD_0','1.0',8,-10,6610,1,'2017-10-23 18:12:39'),(937,103004,2,2,'JYHD_0','JYHD_0','1.0',8,-20,6590,1,'2017-10-23 18:14:08'),(938,103004,2,2,'JYHD_0','JYHD_0','1.0',8,-630,5150,1,'2017-10-23 18:14:28'),(939,103004,2,2,'JYHD_0','JYHD_0','1.0',8,-820,4330,1,'2017-10-23 18:14:38'),(940,103004,2,2,'JYHD_0','JYHD_0','1.0',8,-360,3200,1,'2017-10-23 18:14:58'),(941,103004,2,2,'JYHD_0','JYHD_0','1.0',8,-350,2850,1,'2017-10-23 18:15:08'),(942,103004,2,2,'JYHD_0','JYHD_0','1.0',8,-190,1350,1,'2017-10-23 18:15:32'),(943,103004,2,2,'JYHD_0','JYHD_0','1.0',8,-200,1150,1,'2017-10-23 18:15:47'),(944,0,1,2,'JYHD_0','JYHD_0','1.0',9,1,30,1,'2017-10-23 18:52:23'),(945,100049,1,2,'JYHD_0','JYHD_0','1.0',8,-540,125300,1,'2017-10-23 18:52:33'),(946,100037,1,2,'JYHD_0','JYHD_0','1.0',6,10,178,20,'2017-10-23 18:55:47'),(947,100037,1,2,'JYHD_0','JYHD_0','1.0',8,12000,188010,8,'2017-10-23 18:59:41'),(948,103360,2,2,'JYHD_0','JYHD_0','1.0',6,10,10,20,'2017-10-23 19:00:21'),(949,103360,2,2,'JYHD_0','JYHD_0','1.0',8,6000,32560,8,'2017-10-23 19:01:09'),(950,103360,2,2,'JYHD_0','JYHD_0','1.0',8,500,33060,1,'2017-10-23 19:04:47'),(951,103360,2,2,'JYHD_0','JYHD_0','1.0',8,-40,33020,1,'2017-10-23 19:04:55'),(952,103360,2,2,'JYHD_0','JYHD_0','1.0',8,-10,32720,1,'2017-10-23 19:06:25'),(953,103004,2,2,'JYHD_0','JYHD_0','1.0',8,-450,13590,1,'2017-10-23 19:07:31'),(954,103004,2,2,'JYHD_0','JYHD_0','1.0',8,1860,15450,1,'2017-10-23 19:07:41'),(955,103004,2,2,'JYHD_0','JYHD_0','1.0',8,19700,35050,1,'2017-10-23 19:08:01'),(956,103004,2,2,'JYHD_0','JYHD_0','1.0',8,-6700,28350,1,'2017-10-23 19:08:11'),(957,103004,2,2,'JYHD_0','JYHD_0','1.0',8,-6000,19650,1,'2017-10-23 19:08:31'),(958,103004,2,2,'JYHD_0','JYHD_0','1.0',8,-5400,14250,1,'2017-10-23 19:08:41'),(959,103004,2,2,'JYHD_0','JYHD_0','1.0',8,-3250,0,1,'2017-10-23 19:08:57'),(960,0,2,2,'JYHD_0','JYHD_0','1.0',9,-50,31,1,'2017-10-23 19:14:15'),(961,102749,2,2,'JYHD_0','JYHD_0','1.0',8,-31200,40100,1,'2017-10-23 19:14:26'),(962,0,2,2,'JYHD_0','JYHD_0','1.0',9,2,33,1,'2017-10-23 19:14:46'),(963,0,2,2,'JYHD_0','JYHD_0','1.0',9,2,35,1,'2017-10-23 19:14:56'),(964,0,2,2,'JYHD_0','JYHD_0','1.0',9,2,40,1,'2017-10-23 19:15:16'),(965,102749,2,2,'JYHD_0','JYHD_0','1.0',6,2,244,15,'2017-10-23 19:15:27'),(966,0,2,2,'JYHD_0','JYHD_0','1.0',9,2,53,1,'2017-10-23 19:15:46'),(967,102749,2,2,'JYHD_0','JYHD_0','1.0',8,-2500,14800,1,'2017-10-23 19:15:56'),(968,102749,2,2,'JYHD_0','JYHD_0','1.0',8,-700,9600,1,'2017-10-23 19:16:16'),(969,102749,2,2,'JYHD_0','JYHD_0','1.0',8,-400,9300,1,'2017-10-23 19:16:26'),(970,102749,2,2,'JYHD_0','JYHD_0','1.0',8,-3300,5000,1,'2017-10-23 19:16:46'),(971,102749,2,2,'JYHD_0','JYHD_0','1.0',8,-2200,2800,1,'2017-10-23 19:16:56'),(972,102749,2,2,'JYHD_0','JYHD_0','1.0',8,-900,0,1,'2017-10-23 19:17:08'),(973,102749,2,2,'JYHD_0','JYHD_0','1.0',8,1000,1000,1,'2017-10-23 19:17:28'),(974,102749,2,2,'JYHD_0','JYHD_0','1.0',8,6000,6000,1,'2017-10-23 19:17:40'),(975,102749,2,2,'JYHD_0','JYHD_0','1.0',8,-13200,0,1,'2017-10-23 19:20:12'),(976,102749,2,2,'JYHD_0','JYHD_0','1.0',8,-100,1900,1,'2017-10-23 19:20:26'),(977,102749,2,2,'JYHD_0','JYHD_0','1.0',8,6000,7900,1,'2017-10-23 19:21:27'),(978,102749,2,2,'JYHD_0','JYHD_0','1.0',8,-100,9600,1,'2017-10-23 19:21:46'),(979,102749,2,2,'JYHD_0','JYHD_0','1.0',8,-600,9000,1,'2017-10-23 19:21:56'),(980,102749,2,2,'JYHD_0','JYHD_0','1.0',8,12000,20000,8,'2017-10-23 19:22:09'),(981,0,2,2,'JYHD_0','JYHD_0','1.0',9,2,3,1,'2017-10-23 19:22:46'),(982,0,2,2,'JYHD_0','JYHD_0','1.0',9,2,5,1,'2017-10-23 19:22:56'),(983,100646,1,2,'JYHD_0','JYHD_0','1.0',6,10,19,20,'2017-10-23 19:26:31'),(984,103004,2,2,'JYHD_0','JYHD_0','1.0',8,6000,6000,1,'2017-10-23 19:26:44'),(985,103004,2,2,'JYHD_0','JYHD_0','1.0',8,-250,6150,1,'2017-10-23 19:27:01'),(986,0,2,2,'JYHD_0','JYHD_0','1.0',9,2,69008,1,'2017-10-23 19:27:11'),(987,103004,2,2,'JYHD_0','JYHD_0','1.0',8,-990,4110,1,'2017-10-23 19:27:31'),(988,103004,2,2,'JYHD_0','JYHD_0','1.0',8,-620,3490,1,'2017-10-23 19:27:41'),(989,100646,1,2,'JYHD_0','JYHD_0','1.0',6,150,169,8,'2017-10-23 19:27:49'),(990,103004,2,2,'JYHD_0','JYHD_0','1.0',8,-130,3360,1,'2017-10-23 19:27:51'),(991,103375,1,2,'JYHD_0','JYHD_0','1.0',6,10,10,20,'2017-10-23 19:28:04'),(992,103360,2,2,'JYHD_0','JYHD_0','1.0',8,-20,32700,1,'2017-10-23 19:28:07'),(993,103004,2,2,'JYHD_0','JYHD_0','1.0',8,2260,5270,1,'2017-10-23 19:28:31'),(994,103004,2,2,'JYHD_0','JYHD_0','1.0',8,-1080,4190,1,'2017-10-23 19:28:41'),(995,103004,2,2,'JYHD_0','JYHD_0','1.0',8,-880,2530,1,'2017-10-23 19:29:01'),(996,103004,2,2,'JYHD_0','JYHD_0','1.0',8,2320,4850,1,'2017-10-23 19:29:11'),(997,103004,2,2,'JYHD_0','JYHD_0','1.0',8,-510,3570,1,'2017-10-23 19:29:31'),(998,103004,2,2,'JYHD_0','JYHD_0','1.0',8,-390,3180,1,'2017-10-23 19:29:41'),(999,103004,2,2,'JYHD_0','JYHD_0','1.0',8,-370,2320,1,'2017-10-23 19:30:01'),(1000,103004,2,2,'JYHD_0','JYHD_0','1.0',8,-260,2060,1,'2017-10-23 19:30:11'),(1001,103004,2,2,'JYHD_0','JYHD_0','1.0',8,-460,1090,1,'2017-10-23 19:30:31'),(1002,103004,2,2,'JYHD_0','JYHD_0','1.0',8,-30,0,1,'2017-10-23 19:30:41'),(1003,103212,2,2,'JYHD_0','JYHD_0','1.0',8,6000,79290,8,'2017-10-23 19:32:26'),(1004,103212,2,2,'JYHD_0','JYHD_0','1.0',8,60,79350,1,'2017-10-23 19:32:45'),(1005,103212,2,2,'JYHD_0','JYHD_0','1.0',8,-340,79010,1,'2017-10-23 19:32:55'),(1006,103212,2,2,'JYHD_0','JYHD_0','1.0',8,-830,78410,1,'2017-10-23 19:33:15'),(1007,103212,2,2,'JYHD_0','JYHD_0','1.0',8,-1000,77410,1,'2017-10-23 19:33:25'),(1008,103212,2,2,'JYHD_0','JYHD_0','1.0',8,-10100,66410,1,'2017-10-23 19:33:45'),(1009,103212,2,2,'JYHD_0','JYHD_0','1.0',8,11600,78010,1,'2017-10-23 19:33:55'),(1010,103212,2,2,'JYHD_0','JYHD_0','1.0',8,-6100,66710,1,'2017-10-23 19:34:15'),(1011,103212,2,2,'JYHD_0','JYHD_0','1.0',8,1900,68610,1,'2017-10-23 19:34:25'),(1012,103212,2,2,'JYHD_0','JYHD_0','1.0',8,-4700,56610,1,'2017-10-23 19:34:45'),(1013,103212,2,2,'JYHD_0','JYHD_0','1.0',8,-4000,52610,1,'2017-10-23 19:34:55'),(1014,103212,2,2,'JYHD_0','JYHD_0','1.0',8,-2500,45910,1,'2017-10-23 19:35:15'),(1015,103212,2,2,'JYHD_0','JYHD_0','1.0',8,-4400,41510,1,'2017-10-23 19:35:25'),(1016,103212,2,2,'JYHD_0','JYHD_0','1.0',6,2,927,15,'2017-10-23 19:35:45'),(1017,103212,2,2,'JYHD_0','JYHD_0','1.0',8,7800,45110,1,'2017-10-23 19:35:55'),(1018,103212,2,2,'JYHD_0','JYHD_0','1.0',8,-1400,59810,1,'2017-10-23 19:36:15'),(1019,103212,2,2,'JYHD_0','JYHD_0','1.0',8,2000,76210,1,'2017-10-23 19:36:25'),(1020,103212,2,2,'JYHD_0','JYHD_0','1.0',8,-10000,59310,1,'2017-10-23 19:36:45'),(1021,103212,2,2,'JYHD_0','JYHD_0','1.0',8,-4100,55210,1,'2017-10-23 19:36:55'),(1022,103212,2,2,'JYHD_0','JYHD_0','1.0',8,-11000,37310,1,'2017-10-23 19:37:15'),(1023,103212,2,2,'JYHD_0','JYHD_0','1.0',8,-100,37210,1,'2017-10-23 19:37:25'),(1024,103212,2,2,'JYHD_0','JYHD_0','1.0',8,-4900,20110,1,'2017-10-23 19:37:45'),(1025,103212,2,2,'JYHD_0','JYHD_0','1.0',8,3700,23810,1,'2017-10-23 19:37:55'),(1026,103212,2,2,'JYHD_0','JYHD_0','1.0',8,1500,30910,1,'2017-10-23 19:38:15'),(1027,103212,2,2,'JYHD_0','JYHD_0','1.0',6,1,1082,15,'2017-10-23 19:38:26'),(1028,103212,2,2,'JYHD_0','JYHD_0','1.0',8,300,19810,1,'2017-10-23 19:38:45'),(1029,103212,2,2,'JYHD_0','JYHD_0','1.0',8,-13200,6610,1,'2017-10-23 19:38:55'),(1030,103212,2,2,'JYHD_0','JYHD_0','1.0',8,-620,5380,1,'2017-10-23 19:39:15'),(1031,103212,2,2,'JYHD_0','JYHD_0','1.0',8,-770,4610,1,'2017-10-23 19:39:25'),(1032,103212,2,2,'JYHD_0','JYHD_0','1.0',8,-1010,3020,1,'2017-10-23 19:39:45'),(1033,103212,2,2,'JYHD_0','JYHD_0','1.0',8,-730,2290,1,'2017-10-23 19:39:55'),(1034,103212,2,2,'JYHD_0','JYHD_0','1.0',8,1830,3810,1,'2017-10-23 19:40:15'),(1035,103212,2,2,'JYHD_0','JYHD_0','1.0',8,-310,3500,1,'2017-10-23 19:40:25'),(1036,103212,2,2,'JYHD_0','JYHD_0','1.0',8,-840,1880,1,'2017-10-23 19:40:45'),(1037,103212,2,2,'JYHD_0','JYHD_0','1.0',8,560,2440,1,'2017-10-23 19:40:55'),(1038,103212,2,2,'JYHD_0','JYHD_0','1.0',8,-610,2230,1,'2017-10-23 19:41:15'),(1039,103212,2,2,'JYHD_0','JYHD_0','1.0',8,3000,6440,1,'2017-10-23 19:41:31'),(1040,103212,2,2,'JYHD_0','JYHD_0','1.0',8,-320,5630,1,'2017-10-23 19:41:45'),(1041,103212,2,2,'JYHD_0','JYHD_0','1.0',6,20,1108,19,'2017-10-23 19:41:58'),(1042,103212,2,2,'JYHD_0','JYHD_0','1.0',8,320,5640,1,'2017-10-23 19:42:15'),(1043,103212,2,2,'JYHD_0','JYHD_0','1.0',8,1070,6710,1,'2017-10-23 19:42:25'),(1044,103212,2,2,'JYHD_0','JYHD_0','1.0',8,-1080,5510,1,'2017-10-23 19:42:45'),(1045,103212,2,2,'JYHD_0','JYHD_0','1.0',8,2760,8270,1,'2017-10-23 19:42:55'),(1046,103212,2,2,'JYHD_0','JYHD_0','1.0',8,910,9320,1,'2017-10-23 19:43:15'),(1047,103212,2,2,'JYHD_0','JYHD_0','1.0',8,-610,8710,1,'2017-10-23 19:43:25'),(1048,103212,2,2,'JYHD_0','JYHD_0','1.0',8,-60,8650,1,'2017-10-23 19:43:32'),(1049,100035,1,2,'JYHD_0','JYHD_0','1.0',6,10,18,20,'2017-10-23 22:50:34'),(1050,100035,1,2,'JYHD_0','JYHD_0','1.0',8,-510,84990,1,'2017-10-23 22:51:00'),(1051,100035,1,2,'JYHD_0','JYHD_0','1.0',8,-3780,81210,1,'2017-10-23 22:51:10'),(1052,100035,1,2,'JYHD_0','JYHD_0','1.0',8,-2610,83730,1,'2017-10-23 22:51:30'),(1053,0,1,2,'JYHD_0','JYHD_0','1.0',9,2,17,1,'2017-10-23 22:51:40'),(1054,100035,1,2,'JYHD_0','JYHD_0','1.0',8,-4410,70680,1,'2017-10-23 22:52:00'),(1055,100035,1,2,'JYHD_0','JYHD_0','1.0',8,-2700,68480,1,'2017-10-23 22:52:10'),(1056,100035,1,2,'JYHD_0','JYHD_0','1.0',8,-3060,66230,1,'2017-10-23 22:52:30'),(1057,0,1,2,'JYHD_0','JYHD_0','1.0',9,-18,0,1,'2017-10-23 22:52:38'),(1058,100035,1,2,'JYHD_0','JYHD_0','1.0',8,-1800,87760,1,'2017-10-23 22:53:00'),(1059,100035,1,2,'JYHD_0','JYHD_0','1.0',8,1000,88560,1,'2017-10-23 22:53:13'),(1060,100035,1,2,'JYHD_0','JYHD_0','1.0',8,-2700,88860,1,'2017-10-23 22:53:30'),(1061,100035,1,2,'JYHD_0','JYHD_0','1.0',8,-2600,86260,1,'2017-10-23 22:53:40'),(1062,0,1,2,'JYHD_0','JYHD_0','1.0',9,3,17,1,'2017-10-23 22:54:00'),(1063,100035,1,2,'JYHD_0','JYHD_0','1.0',8,-4900,79460,1,'2017-10-23 22:54:10'),(1064,100035,1,2,'JYHD_0','JYHD_0','1.0',8,-100,78060,1,'2017-10-23 22:54:30'),(1065,100035,1,2,'JYHD_0','JYHD_0','1.0',6,1,26,15,'2017-10-23 22:54:41'),(1066,100035,1,2,'JYHD_0','JYHD_0','1.0',8,-1700,74760,1,'2017-10-23 22:55:00'),(1067,100035,1,2,'JYHD_0','JYHD_0','1.0',8,-3600,71160,1,'2017-10-23 22:55:10'),(1068,100035,1,2,'JYHD_0','JYHD_0','1.0',8,-1100,70060,1,'2017-10-23 22:55:20'),(1069,100035,1,2,'JYHD_0','JYHD_0','1.0',8,-300,69760,1,'2017-10-23 22:55:50'),(1070,100035,1,2,'JYHD_0','JYHD_0','1.0',8,-2000,67760,1,'2017-10-23 22:56:10'),(1071,0,1,2,'JYHD_0','JYHD_0','1.0',9,4,23,1,'2017-10-23 22:56:30'),(1072,100035,1,2,'JYHD_0','JYHD_0','1.0',8,2000,69760,1,'2017-10-23 22:56:43'),(1073,0,1,2,'JYHD_0','JYHD_0','1.0',9,1,24,1,'2017-10-23 22:57:00'),(1074,100035,1,2,'JYHD_0','JYHD_0','1.0',6,1,29,15,'2017-10-23 22:57:14'),(1075,100035,1,2,'JYHD_0','JYHD_0','1.0',8,-1300,60360,1,'2017-10-23 22:57:30'),(1076,100035,1,2,'JYHD_0','JYHD_0','1.0',8,-5000,55360,1,'2017-10-23 22:57:40'),(1077,100035,1,2,'JYHD_0','JYHD_0','1.0',6,150,179,8,'2017-10-23 22:57:57'),(1078,103212,2,2,'JYHD_0','JYHD_0','1.0',8,12000,20650,8,'2017-10-24 11:17:15'),(1079,103212,2,2,'JYHD_0','JYHD_0','1.0',8,500,20490,1,'2017-10-24 11:17:45'),(1080,103212,2,2,'JYHD_0','JYHD_0','1.0',8,-330,20160,1,'2017-10-24 11:17:54'),(1081,103212,2,2,'JYHD_0','JYHD_0','1.0',8,-330,19290,1,'2017-10-24 11:18:14'),(1082,102498,2,2,'JYHD_0','JYHD_0','1.0',6,10,186,20,'2017-10-24 11:18:06'),(1083,103212,2,2,'JYHD_0','JYHD_0','1.0',6,1,1112,15,'2017-10-24 11:18:27'),(1084,103212,2,2,'JYHD_0','JYHD_0','1.0',8,-760,18850,1,'2017-10-24 11:18:44'),(1085,0,2,2,'JYHD_0','JYHD_0','1.0',9,2,30,1,'2017-10-24 11:18:36'),(1086,0,2,2,'JYHD_0','JYHD_0','1.0',9,3,38,1,'2017-10-24 11:18:50'),(1087,103212,2,2,'JYHD_0','JYHD_0','1.0',8,-340,19510,1,'2017-10-24 11:18:54'),(1088,103212,2,2,'JYHD_0','JYHD_0','1.0',6,1,1113,15,'2017-10-24 11:19:15'),(1089,102498,2,2,'JYHD_0','JYHD_0','1.0',8,12000,127490,8,'2017-10-24 11:19:08'),(1090,103212,2,2,'JYHD_0','JYHD_0','1.0',8,-630,18230,1,'2017-10-24 11:19:24'),(1091,102498,2,2,'JYHD_0','JYHD_0','1.0',8,-700,126790,1,'2017-10-24 11:19:27'),(1092,103212,2,2,'JYHD_0','JYHD_0','1.0',8,1060,18570,1,'2017-10-24 11:19:44'),(1093,102498,2,2,'JYHD_0','JYHD_0','1.0',8,-380,126410,1,'2017-10-24 11:19:37'),(1094,0,2,2,'JYHD_0','JYHD_0','1.0',9,-38,1,1,'2017-10-24 11:20:00'),(1095,103212,2,2,'JYHD_0','JYHD_0','1.0',8,-660,17910,1,'2017-10-24 11:19:54'),(1096,102498,2,2,'JYHD_0','JYHD_0','1.0',8,-3600,128520,1,'2017-10-24 11:20:13'),(1097,103212,2,2,'JYHD_0','JYHD_0','1.0',8,-500,17290,1,'2017-10-24 11:20:14'),(1098,103212,2,2,'JYHD_0','JYHD_0','1.0',8,820,18110,1,'2017-10-24 11:20:24'),(1099,102498,2,2,'JYHD_0','JYHD_0','1.0',8,-3000,125520,1,'2017-10-24 11:20:23'),(1100,102498,2,2,'JYHD_0','JYHD_0','1.0',8,-2000,119920,1,'2017-10-24 11:20:43'),(1101,103212,2,2,'JYHD_0','JYHD_0','1.0',8,-400,17820,1,'2017-10-24 11:20:44'),(1102,103212,2,2,'JYHD_0','JYHD_0','1.0',8,130,19950,1,'2017-10-24 11:20:54'),(1103,102498,2,2,'JYHD_0','JYHD_0','1.0',8,-3400,116520,1,'2017-10-24 11:20:53'),(1104,103212,2,2,'JYHD_0','JYHD_0','1.0',8,290,19550,1,'2017-10-24 11:21:14'),(1105,103212,2,2,'JYHD_0','JYHD_0','1.0',8,-290,19260,1,'2017-10-24 11:21:24'),(1106,103212,2,2,'JYHD_0','JYHD_0','1.0',8,-240,19020,1,'2017-10-24 11:21:34'),(1107,103212,2,2,'JYHD_0','JYHD_0','1.0',8,-640,18770,1,'2017-10-24 11:24:44'),(1108,103212,2,2,'JYHD_0','JYHD_0','1.0',8,2180,20950,1,'2017-10-24 11:24:54'),(1109,0,2,2,'JYHD_0','JYHD_0','1.0',9,2,4,1,'2017-10-24 11:25:13'),(1110,103212,2,2,'JYHD_0','JYHD_0','1.0',8,-180,20770,1,'2017-10-24 11:25:04'),(1111,102498,2,2,'JYHD_0','JYHD_0','1.0',8,-1730,106800,1,'2017-10-24 11:25:23'),(1112,102498,2,2,'JYHD_0','JYHD_0','1.0',8,-2350,104400,1,'2017-10-24 11:25:43'),(1113,103212,2,2,'JYHD_0','JYHD_0','1.0',8,-550,20220,1,'2017-10-24 11:25:44'),(1114,0,2,2,'JYHD_0','JYHD_0','1.0',9,2,6,1,'2017-10-24 11:25:53'),(1115,103212,2,2,'JYHD_0','JYHD_0','1.0',8,-390,19830,1,'2017-10-24 11:25:54'),(1116,102498,2,2,'JYHD_0','JYHD_0','1.0',8,-1100,101650,1,'2017-10-24 11:26:03'),(1117,103212,2,2,'JYHD_0','JYHD_0','1.0',8,-110,22130,1,'2017-10-24 11:26:14'),(1118,103212,2,2,'JYHD_0','JYHD_0','1.0',8,-300,21830,1,'2017-10-24 11:26:24'),(1119,103212,2,2,'JYHD_0','JYHD_0','1.0',8,-720,20190,1,'2017-10-24 11:26:44'),(1120,103212,2,2,'JYHD_0','JYHD_0','1.0',8,-140,20050,1,'2017-10-24 11:26:54'),(1121,103212,2,2,'JYHD_0','JYHD_0','1.0',8,1130,20320,1,'2017-10-24 11:27:14'),(1122,0,2,2,'JYHD_0','JYHD_0','1.0',9,1,134,1,'2017-10-24 11:27:24'),(1123,103212,2,2,'JYHD_0','JYHD_0','1.0',8,-770,20460,1,'2017-10-24 11:27:44'),(1124,103212,2,2,'JYHD_0','JYHD_0','1.0',8,-380,20080,1,'2017-10-24 11:27:54'),(1125,103212,2,2,'JYHD_0','JYHD_0','1.0',8,-570,19180,1,'2017-10-24 11:28:14'),(1126,102498,2,2,'JYHD_0','JYHD_0','1.0',8,-50,101600,1,'2017-10-24 11:28:13'),(1127,103212,2,2,'JYHD_0','JYHD_0','1.0',8,-290,18890,1,'2017-10-24 11:28:24'),(1128,103212,2,2,'JYHD_0','JYHD_0','1.0',8,100,16290,1,'2017-10-24 11:30:35'),(1129,102498,2,2,'JYHD_0','JYHD_0','1.0',8,-2900,98450,1,'2017-10-24 11:30:26'),(1130,103212,2,2,'JYHD_0','JYHD_0','1.0',8,730,17020,1,'2017-10-24 11:30:48'),(1131,103212,2,2,'JYHD_0','JYHD_0','1.0',8,-880,15500,1,'2017-10-24 11:31:08'),(1132,103212,2,2,'JYHD_0','JYHD_0','1.0',6,1,1117,15,'2017-10-24 11:31:22'),(1133,103212,2,2,'JYHD_0','JYHD_0','1.0',8,-360,14920,1,'2017-10-24 11:31:38'),(1134,102498,2,2,'JYHD_0','JYHD_0','1.0',8,-1400,97050,1,'2017-10-24 11:32:53'),(1135,103212,2,2,'JYHD_0','JYHD_0','1.0',8,-160,15010,1,'2017-10-24 11:33:08'),(1136,0,2,2,'JYHD_0','JYHD_0','1.0',9,6,12,1,'2017-10-24 11:33:03'),(1137,103212,2,2,'JYHD_0','JYHD_0','1.0',8,-260,14750,1,'2017-10-24 11:33:18'),(1138,103212,2,2,'JYHD_0','JYHD_0','1.0',8,-40,14330,1,'2017-10-24 11:33:38'),(1139,103212,2,2,'JYHD_0','JYHD_0','1.0',8,-460,13870,1,'2017-10-24 11:33:48'),(1140,103212,2,2,'JYHD_0','JYHD_0','1.0',8,-1040,12660,1,'2017-10-24 11:34:08'),(1141,103212,2,2,'JYHD_0','JYHD_0','1.0',8,-60,12600,1,'2017-10-24 11:34:18'),(1142,103212,2,2,'JYHD_0','JYHD_0','1.0',8,-350,11580,1,'2017-10-24 11:34:38'),(1143,103212,2,2,'JYHD_0','JYHD_0','1.0',8,-620,10960,1,'2017-10-24 11:34:48'),(1144,103212,2,2,'JYHD_0','JYHD_0','1.0',8,-370,9840,1,'2017-10-24 11:35:08'),(1145,103212,2,2,'JYHD_0','JYHD_0','1.0',8,500,10340,1,'2017-10-24 11:35:18'),(1146,103212,2,2,'JYHD_0','JYHD_0','1.0',1,1,4,15,'2017-10-24 11:35:40'),(1147,103212,2,2,'JYHD_0','JYHD_0','1.0',6,1,1119,15,'2017-10-24 11:35:50'),(1148,103212,2,2,'JYHD_0','JYHD_0','1.0',8,380,11060,1,'2017-10-24 11:36:08'),(1149,103212,2,2,'JYHD_0','JYHD_0','1.0',8,-240,10820,1,'2017-10-24 11:36:18'),(1150,103212,2,2,'JYHD_0','JYHD_0','1.0',8,-460,10360,1,'2017-10-24 11:36:48'),(1151,100646,1,2,'JYHD_0','JYHD_0','1.0',8,12000,90890,8,'2017-10-24 11:36:55'),(1152,103212,2,2,'JYHD_0','JYHD_0','1.0',8,-870,9520,1,'2017-10-24 11:37:08'),(1153,103212,2,2,'JYHD_0','JYHD_0','1.0',6,1,1120,15,'2017-10-24 11:37:19'),(1154,103212,2,2,'JYHD_0','JYHD_0','1.0',8,-1210,6790,1,'2017-10-24 11:37:38'),(1155,103212,2,2,'JYHD_0','JYHD_0','1.0',8,-820,5970,1,'2017-10-24 11:37:48'),(1156,103212,2,2,'JYHD_0','JYHD_0','1.0',8,-290,5210,1,'2017-10-24 11:38:08'),(1157,103212,2,2,'JYHD_0','JYHD_0','1.0',8,-850,4360,1,'2017-10-24 11:38:18'),(1158,103212,2,2,'JYHD_0','JYHD_0','1.0',8,-860,2930,1,'2017-10-24 11:38:38'),(1159,103212,2,2,'JYHD_0','JYHD_0','1.0',8,-570,2360,1,'2017-10-24 11:38:48'),(1160,103212,2,2,'JYHD_0','JYHD_0','1.0',8,-470,1910,1,'2017-10-24 11:39:08'),(1161,102498,2,2,'JYHD_0','JYHD_0','1.0',8,-1850,108150,1,'2017-10-24 11:39:03'),(1162,102498,2,2,'JYHD_0','JYHD_0','1.0',8,-700,107450,1,'2017-10-24 11:39:13'),(1163,103212,2,2,'JYHD_0','JYHD_0','1.0',8,-550,1360,1,'2017-10-24 11:39:18'),(1164,103212,2,2,'JYHD_0','JYHD_0','1.0',8,320,1820,1,'2017-10-24 11:39:38'),(1165,103212,2,2,'JYHD_0','JYHD_0','1.0',6,1,1122,15,'2017-10-24 11:39:49'),(1166,103212,2,2,'JYHD_0','JYHD_0','1.0',8,-290,710,1,'2017-10-24 11:40:08'),(1167,103212,2,2,'JYHD_0','JYHD_0','1.0',8,1270,1980,1,'2017-10-24 11:40:18'),(1168,103212,2,2,'JYHD_0','JYHD_0','1.0',1,1,5,15,'2017-10-24 11:40:38'),(1169,103212,2,2,'JYHD_0','JYHD_0','1.0',1,1,6,15,'2017-10-24 11:40:50'),(1170,103212,2,2,'JYHD_0','JYHD_0','1.0',8,150,5220,1,'2017-10-24 11:41:08'),(1171,103212,2,2,'JYHD_0','JYHD_0','1.0',8,830,6050,1,'2017-10-24 11:41:18'),(1172,103212,2,2,'JYHD_0','JYHD_0','1.0',8,-150,12230,1,'2017-10-24 11:41:38'),(1173,0,2,2,'JYHD_0','JYHD_0','1.0',9,2,14,1,'2017-10-24 11:41:43'),(1174,103212,2,2,'JYHD_0','JYHD_0','1.0',8,-170,12060,1,'2017-10-24 11:41:48'),(1175,103212,2,2,'JYHD_0','JYHD_0','1.0',8,210,11580,1,'2017-10-24 11:42:08'),(1176,103212,2,2,'JYHD_0','JYHD_0','1.0',8,90,11670,1,'2017-10-24 11:42:18'),(1177,103212,2,2,'JYHD_0','JYHD_0','1.0',8,-130,11540,1,'2017-10-24 11:42:38'),(1178,0,2,2,'JYHD_0','JYHD_0','1.0',9,2,141,1,'2017-10-24 11:42:48'),(1179,103212,2,2,'JYHD_0','JYHD_0','1.0',8,-50,10720,1,'2017-10-24 11:43:08'),(1180,103212,2,2,'JYHD_0','JYHD_0','1.0',6,1,1124,15,'2017-10-24 11:44:09'),(1181,103212,2,2,'JYHD_0','JYHD_0','1.0',8,-710,9690,1,'2017-10-24 11:44:17'),(1182,103212,2,2,'JYHD_0','JYHD_0','1.0',8,-930,7690,1,'2017-10-24 11:44:37'),(1183,103212,2,2,'JYHD_0','JYHD_0','1.0',8,-790,6900,1,'2017-10-24 11:44:47'),(1184,103212,2,2,'JYHD_0','JYHD_0','1.0',8,-840,6470,1,'2017-10-24 11:45:07'),(1185,102498,2,2,'JYHD_0','JYHD_0','1.0',6,1,187,15,'2017-10-24 11:45:09'),(1186,0,2,2,'JYHD_0','JYHD_0','1.0',9,7,21,1,'2017-10-24 11:45:24'),(1187,103212,2,2,'JYHD_0','JYHD_0','1.0',8,-970,5500,1,'2017-10-24 11:45:17'),(1188,103212,2,2,'JYHD_0','JYHD_0','1.0',8,-50,5280,1,'2017-10-24 11:45:37'),(1189,0,2,2,'JYHD_0','JYHD_0','1.0',9,3,24,1,'2017-10-24 11:45:34'),(1190,102498,2,2,'JYHD_0','JYHD_0','1.0',8,-2800,97700,1,'2017-10-24 11:45:44'),(1191,103212,2,2,'JYHD_0','JYHD_0','1.0',8,-780,4500,1,'2017-10-24 11:45:47'),(1192,103212,2,2,'JYHD_0','JYHD_0','1.0',8,-860,3650,1,'2017-10-24 11:46:07'),(1193,103212,2,2,'JYHD_0','JYHD_0','1.0',8,-840,2810,1,'2017-10-24 11:46:17'),(1194,103212,2,2,'JYHD_0','JYHD_0','1.0',8,-380,1530,1,'2017-10-24 11:46:37'),(1195,103212,2,2,'JYHD_0','JYHD_0','1.0',8,-450,1080,1,'2017-10-24 11:46:47'),(1196,102498,2,2,'JYHD_0','JYHD_0','1.0',8,-100,97600,1,'2017-10-24 11:46:54'),(1197,103212,2,2,'JYHD_0','JYHD_0','1.0',8,310,730,1,'2017-10-24 11:47:07'),(1198,102498,2,2,'JYHD_0','JYHD_0','1.0',8,-100,97500,1,'2017-10-24 11:47:04'),(1199,103212,2,2,'JYHD_0','JYHD_0','1.0',8,-270,460,1,'2017-10-24 11:47:17'),(1200,103212,2,2,'JYHD_0','JYHD_0','1.0',8,-360,100,1,'2017-10-24 11:47:26'),(1201,102498,2,2,'JYHD_0','JYHD_0','1.0',8,-100,97400,1,'2017-10-24 11:47:34'),(1202,0,2,2,'JYHD_0','JYHD_0','1.0',9,4,28,1,'2017-10-24 11:47:54'),(1203,103212,2,2,'JYHD_0','JYHD_0','1.0',8,-20,80,1,'2017-10-24 11:48:24'),(1204,103212,2,2,'JYHD_0','JYHD_0','1.0',8,6000,6000,1,'2017-10-24 11:48:39'),(1205,103212,2,2,'JYHD_0','JYHD_0','1.0',8,-700,5430,1,'2017-10-24 11:48:54'),(1206,102498,2,2,'JYHD_0','JYHD_0','1.0',8,2500,96200,1,'2017-10-24 11:48:54'),(1207,102498,2,2,'JYHD_0','JYHD_0','1.0',8,-900,95300,1,'2017-10-24 11:49:04'),(1208,103212,2,2,'JYHD_0','JYHD_0','1.0',8,640,6070,1,'2017-10-24 11:49:04'),(1209,103212,2,2,'JYHD_0','JYHD_0','1.0',8,-1230,4000,1,'2017-10-24 11:49:24'),(1210,103212,2,2,'JYHD_0','JYHD_0','1.0',8,-200,3800,1,'2017-10-24 11:49:34'),(1211,103212,2,2,'JYHD_0','JYHD_0','1.0',8,590,4110,1,'2017-10-24 11:49:54'),(1212,103212,2,2,'JYHD_0','JYHD_0','1.0',8,-660,3450,1,'2017-10-24 11:50:04'),(1213,103212,2,2,'JYHD_0','JYHD_0','1.0',8,-370,2270,1,'2017-10-24 11:50:24'),(1214,103212,2,2,'JYHD_0','JYHD_0','1.0',8,-90,2180,1,'2017-10-24 11:50:34'),(1215,102498,2,2,'JYHD_0','JYHD_0','1.0',8,-2200,93100,1,'2017-10-24 11:52:04'),(1216,103212,2,2,'JYHD_0','JYHD_0','1.0',8,-110,2070,1,'2017-10-24 11:52:44'),(1217,102498,2,2,'JYHD_0','JYHD_0','1.0',8,-2900,82300,1,'2017-10-24 11:53:24'),(1218,0,2,2,'JYHD_0','JYHD_0','1.0',9,4,32,1,'2017-10-24 11:53:34'),(1219,102498,2,2,'JYHD_0','JYHD_0','1.0',8,-2000,78000,1,'2017-10-24 11:53:44'),(1220,103212,2,2,'JYHD_0','JYHD_0','1.0',8,110,1220,1,'2017-10-24 11:54:24'),(1221,103212,2,2,'JYHD_0','JYHD_0','1.0',8,-400,0,1,'2017-10-24 11:54:39'),(1222,103212,2,2,'JYHD_0','JYHD_0','1.0',6,20,1148,19,'2017-10-24 11:54:49'),(1223,102498,2,2,'JYHD_0','JYHD_0','1.0',8,-3500,74500,1,'2017-10-24 11:56:24'),(1224,102498,2,2,'JYHD_0','JYHD_0','1.0',8,-7300,67200,1,'2017-10-24 11:56:34'),(1225,102498,2,2,'JYHD_0','JYHD_0','1.0',8,-4100,63100,1,'2017-10-24 11:56:44'),(1226,102498,2,2,'JYHD_0','JYHD_0','1.0',8,-2600,60500,1,'2017-10-24 11:57:34'),(1227,102498,2,2,'JYHD_0','JYHD_0','1.0',8,-3500,51200,1,'2017-10-24 11:57:54'),(1228,0,2,2,'JYHD_0','JYHD_0','1.0',9,4,36,1,'2017-10-24 11:58:04'),(1229,102498,2,2,'JYHD_0','JYHD_0','1.0',8,-7200,101700,1,'2017-10-24 11:58:24'),(1230,0,2,2,'JYHD_0','JYHD_0','1.0',9,-41,8,1,'2017-10-24 11:58:38'),(1231,0,2,2,'JYHD_0','JYHD_0','1.0',9,4,12,1,'2017-10-24 11:58:54'),(1232,101663,1,2,'JYHD_0','JYHD_0','1.0',8,12000,774620326,8,'2017-10-24 11:58:56'),(1233,0,2,2,'JYHD_0','JYHD_0','1.0',9,4,16,1,'2017-10-24 11:59:04'),(1234,102498,2,2,'JYHD_0','JYHD_0','1.0',8,-6000,42600,1,'2017-10-24 11:59:14'),(1235,101663,1,2,'JYHD_0','JYHD_0','1.0',8,-110,774620056,1,'2017-10-24 11:59:21'),(1236,101663,1,2,'JYHD_0','JYHD_0','1.0',3,-1,647,4,'2017-10-24 12:00:08'),(1237,103212,2,2,'JYHD_0','JYHD_0','1.0',8,6000,6000,1,'2017-10-24 12:00:10'),(1238,101663,1,2,'JYHD_0','JYHD_0','1.0',5,-1,2522,4,'2017-10-24 12:00:24'),(1239,103212,2,2,'JYHD_0','JYHD_0','1.0',8,-10,5990,1,'2017-10-24 12:00:14'),(1240,101663,1,2,'JYHD_0','JYHD_0','1.0',8,7505040,789895296,1,'2017-10-24 12:00:33'),(1241,101663,1,2,'JYHD_0','JYHD_0','1.0',8,-45000,789635296,1,'2017-10-24 12:00:53'),(1242,101663,1,2,'JYHD_0','JYHD_0','1.0',8,-25000,789570296,1,'2017-10-24 12:01:04'),(1243,103212,2,2,'JYHD_0','JYHD_0','1.0',8,-670,5030,1,'2017-10-24 12:02:24'),(1244,103212,2,2,'JYHD_0','JYHD_0','1.0',8,-250,4780,1,'2017-10-24 12:02:34'),(1245,103212,2,2,'JYHD_0','JYHD_0','1.0',8,-690,3260,1,'2017-10-24 12:02:54'),(1246,103212,2,2,'JYHD_0','JYHD_0','1.0',8,-290,2970,1,'2017-10-24 12:03:04'),(1247,103212,2,2,'JYHD_0','JYHD_0','1.0',8,-860,1930,1,'2017-10-24 12:03:24'),(1248,103212,2,2,'JYHD_0','JYHD_0','1.0',8,-380,1550,1,'2017-10-24 12:03:34'),(1249,103212,2,2,'JYHD_0','JYHD_0','1.0',8,1350,2230,1,'2017-10-24 12:03:54'),(1250,103212,2,2,'JYHD_0','JYHD_0','1.0',8,-180,2050,1,'2017-10-24 12:04:04'),(1251,103212,2,2,'JYHD_0','JYHD_0','1.0',8,-130,1570,1,'2017-10-24 12:04:18'),(1252,101663,1,2,'JYHD_0','JYHD_0','1.0',1,3,3,3,'2017-10-24 12:05:28'),(1253,102498,2,2,'JYHD_0','JYHD_0','1.0',8,-410,42190,1,'2017-10-24 12:05:51'),(1254,102498,2,2,'JYHD_0','JYHD_0','1.0',8,-30,42160,1,'2017-10-24 12:06:01'),(1255,102498,2,2,'JYHD_0','JYHD_0','1.0',8,-350,42960,1,'2017-10-24 12:06:21'),(1256,0,2,2,'JYHD_0','JYHD_0','1.0',9,2,20,1,'2017-10-24 12:06:31'),(1257,102498,2,2,'JYHD_0','JYHD_0','1.0',8,-580,43410,1,'2017-10-24 12:06:51'),(1258,101663,1,2,'JYHD_0','JYHD_0','1.0',6,-30000,322472,6,'2017-10-24 12:07:07'),(1259,102498,2,2,'JYHD_0','JYHD_0','1.0',8,-310,43100,1,'2017-10-24 12:07:01'),(1260,0,2,2,'JYHD_0','JYHD_0','1.0',9,1,24,1,'2017-10-24 12:07:21'),(1261,103212,2,2,'JYHD_0','JYHD_0','1.0',8,-420,690,1,'2017-10-24 12:07:23'),(1262,102498,2,2,'JYHD_0','JYHD_0','1.0',6,1,200,15,'2017-10-24 12:07:40'),(1263,103212,2,2,'JYHD_0','JYHD_0','1.0',8,590,1280,1,'2017-10-24 12:07:33'),(1264,102498,2,2,'JYHD_0','JYHD_0','1.0',8,-60,42460,1,'2017-10-24 12:07:51'),(1265,103212,2,2,'JYHD_0','JYHD_0','1.0',8,-230,1370,1,'2017-10-24 12:07:53'),(1266,101663,1,2,'JYHD_0','JYHD_0','1.0',8,-50,789620246,1,'2017-10-24 12:07:54'),(1267,103212,2,2,'JYHD_0','JYHD_0','1.0',8,170,1540,1,'2017-10-24 12:08:03'),(1268,102498,2,2,'JYHD_0','JYHD_0','1.0',8,-20,42110,1,'2017-10-24 12:08:21'),(1269,103212,2,2,'JYHD_0','JYHD_0','1.0',8,-70,0,1,'2017-10-24 12:08:25'),(1270,102498,2,2,'JYHD_0','JYHD_0','1.0',8,410,42520,1,'2017-10-24 12:08:31'),(1271,0,2,2,'JYHD_0','JYHD_0','1.0',9,1,27,1,'2017-10-24 12:09:21'),(1272,102498,2,2,'JYHD_0','JYHD_0','1.0',8,-70,42310,1,'2017-10-24 12:09:31'),(1273,0,2,2,'JYHD_0','JYHD_0','1.0',9,4,32,1,'2017-10-24 12:09:51'),(1274,102498,2,2,'JYHD_0','JYHD_0','1.0',8,-40,41900,1,'2017-10-24 12:10:01'),(1275,103212,2,2,'JYHD_0','JYHD_0','1.0',8,6000,6000,1,'2017-10-24 12:10:07'),(1276,0,2,2,'JYHD_0','JYHD_0','1.0',9,5,39,1,'2017-10-24 12:10:21'),(1277,103212,2,2,'JYHD_0','JYHD_0','1.0',1,-1,5,4,'2017-10-24 12:10:25'),(1278,0,2,2,'JYHD_0','JYHD_0','1.0',9,-2,39,4,'2017-10-24 12:10:36'),(1279,103212,2,2,'JYHD_0','JYHD_0','1.0',8,-590,5790,1,'2017-10-24 12:10:33'),(1280,102498,2,2,'JYHD_0','JYHD_0','1.0',8,-70,42340,1,'2017-10-24 12:10:51'),(1281,103212,2,2,'JYHD_0','JYHD_0','1.0',8,-400,5050,1,'2017-10-24 12:10:53'),(1282,103387,2,2,'JYHD_0','JYHD_0','1.0',8,6000,32000,8,'2017-10-24 12:10:54'),(1283,0,2,2,'JYHD_0','JYHD_0','1.0',9,4,43,1,'2017-10-24 12:11:01'),(1284,103212,2,2,'JYHD_0','JYHD_0','1.0',8,-650,4400,1,'2017-10-24 12:11:03'),(1285,102498,2,2,'JYHD_0','JYHD_0','1.0',8,-50,46330,1,'2017-10-24 12:11:21'),(1286,102498,2,2,'JYHD_0','JYHD_0','1.0',8,-240,46090,1,'2017-10-24 12:11:31'),(1287,102498,2,2,'JYHD_0','JYHD_0','1.0',8,-320,45770,1,'2017-10-24 12:21:31'),(1288,102498,2,2,'JYHD_0','JYHD_0','1.0',8,-350,45400,1,'2017-10-24 12:21:51'),(1289,102498,2,2,'JYHD_0','JYHD_0','1.0',8,-140,45260,1,'2017-10-24 12:25:21'),(1290,103212,2,2,'JYHD_0','JYHD_0','1.0',8,-70,4330,1,'2017-10-24 12:25:23'),(1291,102498,2,2,'JYHD_0','JYHD_0','1.0',8,-140,45120,1,'2017-10-24 12:25:31'),(1292,103212,2,2,'JYHD_0','JYHD_0','1.0',8,-160,4170,1,'2017-10-24 12:25:33'),(1293,0,2,2,'JYHD_0','JYHD_0','1.0',9,2,47,1,'2017-10-24 12:27:31'),(1294,102498,2,2,'JYHD_0','JYHD_0','1.0',8,-370,44100,1,'2017-10-24 12:27:51'),(1295,102498,2,2,'JYHD_0','JYHD_0','1.0',8,-20,44080,1,'2017-10-24 12:28:01'),(1296,102498,2,2,'JYHD_0','JYHD_0','1.0',8,-320,43760,1,'2017-10-24 12:31:01'),(1297,102498,2,2,'JYHD_0','JYHD_0','1.0',8,-200,42930,1,'2017-10-24 12:31:21'),(1298,102498,2,2,'JYHD_0','JYHD_0','1.0',8,-10,42920,1,'2017-10-24 12:31:51'),(1299,102498,2,2,'JYHD_0','JYHD_0','1.0',8,-400,42520,1,'2017-10-24 12:32:01'),(1300,0,2,2,'JYHD_0','JYHD_0','1.0',9,2,49,1,'2017-10-24 12:32:11'),(1301,102498,2,2,'JYHD_0','JYHD_0','1.0',8,-10,42970,1,'2017-10-24 12:33:11'),(1302,103387,2,2,'JYHD_0','JYHD_0','1.0',8,-80,31920,1,'2017-10-24 14:14:15'),(1303,103387,2,2,'JYHD_0','JYHD_0','1.0',8,120000,151920,5,'2017-10-24 14:14:38'),(1304,100049,1,2,'JYHD_0','JYHD_0','1.0',8,18000,143300,8,'2017-10-24 14:17:09'),(1305,100049,1,2,'JYHD_0','JYHD_0','1.0',8,-140,143160,1,'2017-10-24 14:17:36'),(1306,100049,1,2,'JYHD_0','JYHD_0','1.0',8,-10,143150,1,'2017-10-24 14:18:16'),(1307,100049,1,2,'JYHD_0','JYHD_0','1.0',8,-90,143680,1,'2017-10-24 14:18:36'),(1308,100049,1,2,'JYHD_0','JYHD_0','1.0',8,-280,143400,1,'2017-10-24 14:18:46'),(1309,100049,1,2,'JYHD_0','JYHD_0','1.0',8,-360,143040,1,'2017-10-24 14:18:56'),(1310,100049,1,2,'JYHD_0','JYHD_0','1.0',8,-420,143110,1,'2017-10-24 14:19:36'),(1311,100049,1,2,'JYHD_0','JYHD_0','1.0',8,-390,142720,1,'2017-10-24 14:19:46'),(1312,100049,1,2,'JYHD_0','JYHD_0','1.0',8,-250,142470,1,'2017-10-24 14:19:56'),(1313,100049,1,2,'JYHD_0','JYHD_0','1.0',8,-200,142270,1,'2017-10-24 14:21:06'),(1314,100049,1,2,'JYHD_0','JYHD_0','1.0',8,1000,143010,1,'2017-10-24 14:21:22'),(1315,100049,1,2,'JYHD_0','JYHD_0','1.0',8,-60,142600,1,'2017-10-24 14:21:36'),(1316,100049,1,2,'JYHD_0','JYHD_0','1.0',8,-120,142480,1,'2017-10-24 14:22:16'),(1317,100049,1,2,'JYHD_0','JYHD_0','1.0',8,-10,142470,1,'2017-10-24 14:23:56'),(1318,100049,1,2,'JYHD_0','JYHD_0','1.0',8,-110,142360,1,'2017-10-24 14:28:40'),(1319,0,1,2,'JYHD_0','JYHD_0','1.0',9,1,37,1,'2017-10-24 14:28:50'),(1320,100049,1,2,'JYHD_0','JYHD_0','1.0',8,-210,142840,1,'2017-10-24 14:29:10'),(1321,100049,1,2,'JYHD_0','JYHD_0','1.0',8,-530,142310,1,'2017-10-24 14:29:20'),(1322,100049,1,2,'JYHD_0','JYHD_0','1.0',8,2000,143560,1,'2017-10-24 14:29:40'),(1323,100049,1,2,'JYHD_0','JYHD_0','1.0',8,-20,143540,1,'2017-10-24 14:29:50'),(1324,100646,1,2,'JYHD_0','JYHD_0','1.0',8,-10,90880,1,'2017-10-24 14:32:05'),(1325,100646,1,2,'JYHD_0','JYHD_0','1.0',8,-600,90600,1,'2017-10-24 14:32:25'),(1326,100646,1,2,'JYHD_0','JYHD_0','1.0',8,-460,90140,1,'2017-10-24 14:32:35'),(1327,0,2,2,'JYHD_0','JYHD_0','1.0',9,200,210,12,'2017-10-24 14:33:42'),(1328,0,2,2,'JYHD_0','JYHD_0','1.0',9,100,310,2,'2017-10-24 14:34:50'),(1329,103387,2,2,'JYHD_0','JYHD_0','1.0',1,3,3,3,'2017-10-24 14:34:58'),(1330,0,1,2,'JYHD_0','JYHD_0','1.0',9,-10,29,1,'2017-10-24 14:37:10'),(1331,0,1,2,'JYHD_0','JYHD_0','1.0',9,-20,9,1,'2017-10-24 14:37:14'),(1332,100646,1,2,'JYHD_0','JYHD_0','1.0',8,-8300,95220,1,'2017-10-24 14:37:39'),(1333,0,1,2,'JYHD_0','JYHD_0','1.0',9,4,13,1,'2017-10-24 14:37:49'),(1334,0,1,2,'JYHD_0','JYHD_0','1.0',9,3,16,1,'2017-10-24 14:38:09'),(1335,100646,1,2,'JYHD_0','JYHD_0','1.0',8,-5400,87820,1,'2017-10-24 14:38:19'),(1336,103212,2,2,'JYHD_0','JYHD_0','1.0',8,700,4870,1,'2017-10-24 14:40:40'),(1337,0,2,2,'JYHD_0','JYHD_0','1.0',9,1,143,1,'2017-10-24 14:43:20'),(1338,103212,2,2,'JYHD_0','JYHD_0','1.0',8,-320,16290,1,'2017-10-24 14:43:40'),(1339,103212,2,2,'JYHD_0','JYHD_0','1.0',8,-750,15540,1,'2017-10-24 14:43:50'),(1340,0,1,2,'JYHD_0','JYHD_0','1.0',9,1,38,1,'2017-10-24 14:44:08'),(1341,103212,2,2,'JYHD_0','JYHD_0','1.0',8,-420,14980,1,'2017-10-24 14:44:10'),(1342,100049,1,2,'JYHD_0','JYHD_0','1.0',8,-330,145880,1,'2017-10-24 14:44:18'),(1343,103212,2,2,'JYHD_0','JYHD_0','1.0',8,-210,14770,1,'2017-10-24 14:44:20'),(1344,100049,1,2,'JYHD_0','JYHD_0','1.0',8,-100,145780,1,'2017-10-24 14:44:28'),(1345,103212,2,2,'JYHD_0','JYHD_0','1.0',8,-380,14230,1,'2017-10-24 14:44:40'),(1346,0,1,2,'JYHD_0','JYHD_0','1.0',9,3,41,1,'2017-10-24 14:44:48'),(1347,103212,2,2,'JYHD_0','JYHD_0','1.0',8,-130,14100,1,'2017-10-24 14:44:50'),(1348,0,1,2,'JYHD_0','JYHD_0','1.0',9,1,42,1,'2017-10-24 14:44:58'),(1349,103212,2,2,'JYHD_0','JYHD_0','1.0',8,-380,13780,1,'2017-10-24 14:45:10'),(1350,103212,2,2,'JYHD_0','JYHD_0','1.0',8,1210,15090,1,'2017-10-24 14:45:20'),(1351,100049,1,2,'JYHD_0','JYHD_0','1.0',8,-180,145430,1,'2017-10-24 14:45:18'),(1352,100049,1,2,'JYHD_0','JYHD_0','1.0',8,-840,144120,1,'2017-10-24 14:45:38'),(1353,103212,2,2,'JYHD_0','JYHD_0','1.0',8,-670,14840,1,'2017-10-24 14:45:40'),(1354,0,1,2,'JYHD_0','JYHD_0','1.0',9,2,44,1,'2017-10-24 14:45:48'),(1355,103212,2,2,'JYHD_0','JYHD_0','1.0',8,-530,14310,1,'2017-10-24 14:45:50'),(1356,100049,1,2,'JYHD_0','JYHD_0','1.0',8,-140,143810,1,'2017-10-24 14:46:08'),(1357,103212,2,2,'JYHD_0','JYHD_0','1.0',8,1360,15120,1,'2017-10-24 14:46:10'),(1358,0,1,2,'JYHD_0','JYHD_0','1.0',9,1,45,1,'2017-10-24 14:46:18'),(1359,103212,2,2,'JYHD_0','JYHD_0','1.0',8,-800,14320,1,'2017-10-24 14:46:20'),(1360,100049,1,2,'JYHD_0','JYHD_0','1.0',8,-60,142930,1,'2017-10-24 14:46:38'),(1361,103212,2,2,'JYHD_0','JYHD_0','1.0',8,-400,13290,1,'2017-10-24 14:46:40'),(1362,100049,1,2,'JYHD_0','JYHD_0','1.0',8,-310,142620,1,'2017-10-24 14:46:48'),(1363,103212,2,2,'JYHD_0','JYHD_0','1.0',1,1,6,15,'2017-10-24 14:46:52'),(1364,0,1,2,'JYHD_0','JYHD_0','1.0',9,3,51,1,'2017-10-24 14:47:08'),(1365,103212,2,2,'JYHD_0','JYHD_0','1.0',8,-310,13840,1,'2017-10-24 14:47:10'),(1366,0,1,2,'JYHD_0','JYHD_0','1.0',9,2,53,1,'2017-10-24 14:47:18'),(1367,103212,2,2,'JYHD_0','JYHD_0','1.0',8,-200,13640,1,'2017-10-24 14:47:20'),(1368,100049,1,2,'JYHD_0','JYHD_0','1.0',8,-250,141840,1,'2017-10-24 14:47:38'),(1369,103212,2,2,'JYHD_0','JYHD_0','1.0',8,480,13270,1,'2017-10-24 14:47:40'),(1370,100049,1,2,'JYHD_0','JYHD_0','1.0',8,-260,141580,1,'2017-10-24 14:47:48'),(1371,103212,2,2,'JYHD_0','JYHD_0','1.0',8,-460,12810,1,'2017-10-24 14:47:50'),(1372,0,1,2,'JYHD_0','JYHD_0','1.0',9,2,55,1,'2017-10-24 14:48:08'),(1373,103212,2,2,'JYHD_0','JYHD_0','1.0',8,380,12870,1,'2017-10-24 14:48:10'),(1374,0,1,2,'JYHD_0','JYHD_0','1.0',9,1,56,1,'2017-10-24 14:48:18'),(1375,103212,2,2,'JYHD_0','JYHD_0','1.0',8,-600,12270,1,'2017-10-24 14:48:20'),(1376,100049,1,2,'JYHD_0','JYHD_0','1.0',8,-390,142120,1,'2017-10-24 14:48:28'),(1377,103212,2,2,'JYHD_0','JYHD_0','1.0',8,-480,10800,1,'2017-10-24 14:48:40'),(1378,103212,2,2,'JYHD_0','JYHD_0','1.0',8,-360,10440,1,'2017-10-24 14:48:50'),(1379,103212,2,2,'JYHD_0','JYHD_0','1.0',8,-1010,8790,1,'2017-10-24 14:49:10'),(1380,103212,2,2,'JYHD_0','JYHD_0','1.0',8,-540,8250,1,'2017-10-24 14:49:20'),(1381,100049,1,2,'JYHD_0','JYHD_0','1.0',6,1,226,15,'2017-10-24 14:49:22'),(1382,0,1,2,'JYHD_0','JYHD_0','1.0',9,1,58,1,'2017-10-24 14:49:38'),(1383,103212,2,2,'JYHD_0','JYHD_0','1.0',8,-60,17760,1,'2017-10-24 14:49:40'),(1384,103212,2,2,'JYHD_0','JYHD_0','1.0',6,20,1181,19,'2017-10-24 14:49:54'),(1385,100049,1,2,'JYHD_0','JYHD_0','1.0',6,1,227,15,'2017-10-24 14:49:52'),(1386,100049,1,2,'JYHD_0','JYHD_0','1.0',8,-210,145260,1,'2017-10-24 14:50:08'),(1387,103212,2,2,'JYHD_0','JYHD_0','1.0',8,1230,18580,1,'2017-10-24 14:50:10'),(1388,103212,2,2,'JYHD_0','JYHD_0','1.0',8,220,18800,1,'2017-10-24 14:50:20'),(1389,0,1,2,'JYHD_0','JYHD_0','1.0',9,1,64,1,'2017-10-24 14:50:18'),(1390,103212,2,2,'JYHD_0','JYHD_0','1.0',8,-280,19920,1,'2017-10-24 14:50:40'),(1391,103212,2,2,'JYHD_0','JYHD_0','1.0',8,-600,19320,1,'2017-10-24 14:50:50'),(1392,100049,1,2,'JYHD_0','JYHD_0','1.0',8,-220,145120,1,'2017-10-24 14:50:48'),(1393,100049,1,2,'JYHD_0','JYHD_0','1.0',8,-70,144970,1,'2017-10-24 14:51:08'),(1394,103212,2,2,'JYHD_0','JYHD_0','1.0',8,-680,18260,1,'2017-10-24 14:51:10'),(1395,100049,1,2,'JYHD_0','JYHD_0','1.0',8,-120,144850,1,'2017-10-24 14:51:18'),(1396,103212,2,2,'JYHD_0','JYHD_0','1.0',8,1620,19880,1,'2017-10-24 14:51:20'),(1397,103212,2,2,'JYHD_0','JYHD_0','1.0',8,-1020,18100,1,'2017-10-24 14:51:40'),(1398,100049,1,2,'JYHD_0','JYHD_0','1.0',6,1,228,15,'2017-10-24 14:51:38'),(1399,100049,1,2,'JYHD_0','JYHD_0','1.0',6,1,229,15,'2017-10-24 14:51:53'),(1400,103212,2,2,'JYHD_0','JYHD_0','1.0',8,-330,17770,1,'2017-10-24 14:51:50'),(1401,0,1,2,'JYHD_0','JYHD_0','1.0',9,1,65,1,'2017-10-24 14:52:08'),(1402,103212,2,2,'JYHD_0','JYHD_0','1.0',8,-380,17080,1,'2017-10-24 14:52:10'),(1403,100049,1,2,'JYHD_0','JYHD_0','1.0',6,1,230,15,'2017-10-24 14:52:21'),(1404,103212,2,2,'JYHD_0','JYHD_0','1.0',8,-580,16500,1,'2017-10-24 14:52:20'),(1405,0,1,2,'JYHD_0','JYHD_0','1.0',9,1,67,1,'2017-10-24 14:52:38'),(1406,103212,2,2,'JYHD_0','JYHD_0','1.0',8,570,17360,1,'2017-10-24 14:52:40'),(1407,100049,1,2,'JYHD_0','JYHD_0','1.0',8,-490,142240,1,'2017-10-24 14:52:48'),(1408,103212,2,2,'JYHD_0','JYHD_0','1.0',6,1,1184,15,'2017-10-24 14:52:52'),(1409,100049,1,2,'JYHD_0','JYHD_0','1.0',8,-150,141730,1,'2017-10-24 14:53:08'),(1410,103212,2,2,'JYHD_0','JYHD_0','1.0',8,-560,18170,1,'2017-10-24 14:53:10'),(1411,103212,2,2,'JYHD_0','JYHD_0','1.0',6,1,1185,15,'2017-10-24 14:53:23'),(1412,0,1,2,'JYHD_0','JYHD_0','1.0',9,1,69,1,'2017-10-24 14:53:38'),(1413,103212,2,2,'JYHD_0','JYHD_0','1.0',8,-810,20670,1,'2017-10-24 14:53:40'),(1414,100049,1,2,'JYHD_0','JYHD_0','1.0',8,-340,141340,1,'2017-10-24 14:53:48'),(1415,103212,2,2,'JYHD_0','JYHD_0','1.0',8,-780,19890,1,'2017-10-24 14:53:50'),(1416,103212,2,2,'JYHD_0','JYHD_0','1.0',8,-570,18800,1,'2017-10-24 14:54:10'),(1417,100049,1,2,'JYHD_0','JYHD_0','1.0',8,-210,141130,1,'2017-10-24 14:54:08'),(1418,103212,2,2,'JYHD_0','JYHD_0','1.0',8,-90,18710,1,'2017-10-24 14:54:20'),(1419,103212,2,2,'JYHD_0','JYHD_0','1.0',8,-160,18550,1,'2017-10-24 14:54:30'),(1420,103212,2,2,'JYHD_0','JYHD_0','1.0',1,312,630,17,'2017-10-24 17:10:17'),(1421,103387,2,2,'JYHD_0','JYHD_0','1.0',1,312,315,17,'2017-10-24 17:16:45'),(1422,103393,1,2,'JYHD_0','JYHD_0','1.0',6,10,10,20,'2017-10-26 02:05:27'),(1423,103393,1,2,'JYHD_0','JYHD_0','1.0',8,-40,25960,1,'2017-10-26 02:05:54'),(1424,103393,1,2,'JYHD_0','JYHD_0','1.0',8,-30,25930,1,'2017-10-26 02:06:24'),(1425,0,1,2,'JYHD_0','JYHD_0','1.0',9,-3,7,1,'2017-10-26 02:06:37'),(1426,0,1,2,'JYHD_0','JYHD_0','1.0',9,-3,4,1,'2017-10-26 02:06:49'),(1427,0,1,2,'JYHD_0','JYHD_0','1.0',9,-2,5,4,'2017-10-26 02:07:07'),(1428,103393,1,2,'JYHD_0','JYHD_0','1.0',8,-1410,28330,1,'2017-10-26 02:07:24'),(1429,0,1,2,'JYHD_0','JYHD_0','1.0',9,2,8,1,'2017-10-26 02:07:34'),(1430,103393,1,2,'JYHD_0','JYHD_0','1.0',8,-690,32740,1,'2017-10-26 02:07:54'),(1431,103393,1,2,'JYHD_0','JYHD_0','1.0',8,-930,31810,1,'2017-10-26 02:08:04'),(1432,0,1,2,'JYHD_0','JYHD_0','1.0',9,3,11,1,'2017-10-26 02:08:24'),(1433,0,1,2,'JYHD_0','JYHD_0','1.0',9,-4,11,1,'2017-10-26 02:08:39'),(1434,103393,1,2,'JYHD_0','JYHD_0','1.0',8,-1200,40320,1,'2017-10-26 02:08:54'),(1435,103393,1,2,'JYHD_0','JYHD_0','1.0',8,-2460,37860,1,'2017-10-26 02:09:04'),(1436,103393,1,2,'JYHD_0','JYHD_0','1.0',8,-1680,34440,1,'2017-10-26 02:09:24'),(1437,103393,1,2,'JYHD_0','JYHD_0','1.0',8,-1980,32460,1,'2017-10-26 02:09:34'),(1438,103393,1,2,'JYHD_0','JYHD_0','1.0',8,-840,33780,1,'2017-10-26 02:09:54'),(1439,0,1,2,'JYHD_0','JYHD_0','1.0',9,2,2,1,'2017-10-26 02:10:04'),(1440,103393,1,2,'JYHD_0','JYHD_0','1.0',8,-1400,33780,1,'2017-10-26 02:10:24'),(1441,103393,1,2,'JYHD_0','JYHD_0','1.0',8,-910,32870,1,'2017-10-26 02:10:31'),(1442,102691,2,2,'JYHD_0','JYHD_0','1.0',6,10,14,20,'2017-10-26 10:12:07'),(1443,103406,1,2,'JYHD_0','JYHD_0','1.0',6,10,10,20,'2017-10-26 13:31:54'),(1444,103406,1,2,'JYHD_0','JYHD_0','1.0',8,6000,32000,8,'2017-10-26 13:31:59'),(1445,103387,2,2,'JYHD_0','JYHD_0','1.0',1,312,627,17,'2017-10-26 16:38:19'),(1446,103387,2,2,'JYHD_0','JYHD_0','1.0',6,4545645,4545655,13,'2017-10-26 16:41:21'),(1447,103387,2,2,'JYHD_0','JYHD_0','1.0',8,300000,720346,1,'2017-10-26 16:41:32'),(1448,103387,2,2,'JYHD_0','JYHD_0','1.0',6,-3000,4489655,6,'2017-10-26 16:42:11'),(1449,103387,2,2,'JYHD_0','JYHD_0','1.0',4,1,1,17,'2017-10-26 16:42:21'),(1450,103387,2,2,'JYHD_0','JYHD_0','1.0',1,3,630,3,'2017-10-26 16:42:31'),(1451,103393,1,2,'JYHD_0','JYHD_0','1.0',8,6000,38870,8,'2017-10-26 21:12:01'),(1452,0,1,2,'JYHD_0','JYHD_0','1.0',9,1,3,1,'2017-10-26 21:12:20'),(1453,103393,1,2,'JYHD_0','JYHD_0','1.0',8,-2380,39090,1,'2017-10-26 21:12:40'),(1454,103393,1,2,'JYHD_0','JYHD_0','1.0',6,1,14,15,'2017-10-26 21:12:50'),(1455,103393,1,2,'JYHD_0','JYHD_0','1.0',8,-980,36430,1,'2017-10-26 21:13:10'),(1456,103393,1,2,'JYHD_0','JYHD_0','1.0',6,1,15,15,'2017-10-26 21:13:24'),(1457,0,1,2,'JYHD_0','JYHD_0','1.0',9,1,10,1,'2017-10-26 21:13:40'),(1458,0,1,2,'JYHD_0','JYHD_0','1.0',9,4,14,1,'2017-10-26 21:13:50'),(1459,103393,1,2,'JYHD_0','JYHD_0','1.0',8,-1680,59810,1,'2017-10-26 21:14:10'),(1460,103393,1,2,'JYHD_0','JYHD_0','1.0',6,1,17,15,'2017-10-26 21:14:26'),(1461,103393,1,2,'JYHD_0','JYHD_0','1.0',8,-1600,58420,1,'2017-10-26 21:14:40'),(1462,103393,1,2,'JYHD_0','JYHD_0','1.0',8,-2800,55620,1,'2017-10-26 21:14:50'),(1463,103393,1,2,'JYHD_0','JYHD_0','1.0',8,-1280,51460,1,'2017-10-26 21:15:08'),(1464,103387,2,2,'JYHD_0','JYHD_0','1.0',6,150,4477305,8,'2017-10-27 15:55:58'),(1465,0,2,2,'JYHD_0','JYHD_0','1.0',9,5,315810,1,'2017-10-27 15:56:23'),(1466,101663,1,2,'JYHD_0','JYHD_0','1.0',1,312,315,17,'2017-10-27 15:56:39'),(1467,101663,1,2,'JYHD_0','JYHD_0','1.0',1,1,316,15,'2017-10-27 15:56:54'),(1468,101663,1,2,'JYHD_0','JYHD_0','1.0',8,2433330,792068789,1,'2017-10-27 15:56:58'),(1469,103424,2,2,'JYHD_0','JYHD_0','1.0',6,10,10,20,'2017-10-27 15:58:56'),(1470,103424,2,2,'JYHD_0','JYHD_0','1.0',8,6000,32000,8,'2017-10-27 15:59:02'),(1471,0,2,2,'JYHD_0','JYHD_0','1.0',9,100,210,2,'2017-10-27 16:00:05'),(1472,103424,2,2,'JYHD_0','JYHD_0','1.0',1,3,3,3,'2017-10-27 16:00:15'),(1473,103424,2,2,'JYHD_0','JYHD_0','1.0',8,120000,202000,5,'2017-10-27 16:00:36'),(1474,103434,1,1,'JYHD_0','JYHD_0','1.0',6,10,10,20,'2017-10-27 16:43:19'),(1475,0,1,1,'JYHD_0','JYHD_0','1.0',9,3,13,1,'2017-10-27 16:43:37'),(1476,103434,1,1,'JYHD_0','JYHD_0','1.0',8,-420,25830,1,'2017-10-27 16:43:47'),(1477,0,1,1,'JYHD_0','JYHD_0','1.0',9,-1,12,1,'2017-10-27 16:44:11'),(1478,0,1,1,'JYHD_0','JYHD_0','1.0',9,-4,0,1,'2017-10-27 16:44:21'),(1479,0,1,1,'JYHD_0','JYHD_0','1.0',9,1,2,1,'2017-10-27 16:44:37'),(1480,103434,1,1,'JYHD_0','JYHD_0','1.0',6,1,11,15,'2017-10-27 16:44:53'),(1481,0,1,1,'JYHD_0','JYHD_0','1.0',9,-3,1,1,'2017-10-27 16:45:10'),(1482,103434,1,1,'JYHD_0','JYHD_0','1.0',6,1,12,15,'2017-10-27 16:45:23'),(1483,0,1,1,'JYHD_0','JYHD_0','1.0',9,1,5,1,'2017-10-27 16:45:37'),(1484,0,1,1,'JYHD_0','JYHD_0','1.0',9,6,11,1,'2017-10-27 16:45:47'),(1485,103434,1,1,'JYHD_0','JYHD_0','1.0',8,-1140,41480,1,'2017-10-27 16:46:04'),(1486,103436,1,1,'JYHD_0','JYHD_0','1.0',8,6000,32000,8,'2017-10-27 16:46:50'),(1487,0,1,1,'JYHD_0','JYHD_0','1.0',9,-1,9,1,'2017-10-27 16:47:38'),(1488,0,1,1,'JYHD_0','JYHD_0','1.0',9,-3,1,1,'2017-10-27 16:47:55'),(1489,103436,1,1,'JYHD_0','JYHD_0','1.0',8,-1900,42780,1,'2017-10-27 16:48:01'),(1490,0,1,1,'JYHD_0','JYHD_0','1.0',9,2,4,1,'2017-10-27 16:48:21'),(1491,103436,1,1,'JYHD_0','JYHD_0','1.0',6,1,13,15,'2017-10-27 16:48:37'),(1492,103436,1,1,'JYHD_0','JYHD_0','1.0',8,-1360,57240,1,'2017-10-27 16:48:51'),(1493,0,1,1,'JYHD_0','JYHD_0','1.0',9,1,1,1,'2017-10-27 16:49:01'),(1494,0,1,1,'JYHD_0','JYHD_0','1.0',9,1,4,1,'2017-10-27 16:49:21'),(1495,0,1,1,'JYHD_0','JYHD_0','1.0',9,3,7,1,'2017-10-27 16:49:31'),(1496,0,1,1,'JYHD_0','JYHD_0','1.0',9,2,9,1,'2017-10-27 16:49:51'),(1497,103436,1,1,'JYHD_0','JYHD_0','1.0',8,-10640,50360,1,'2017-10-27 16:50:01'),(1498,0,1,1,'JYHD_0','JYHD_0','1.0',9,2,11,1,'2017-10-27 16:50:21'),(1499,103436,1,1,'JYHD_0','JYHD_0','1.0',1,1,1,15,'2017-10-27 16:50:34'),(1500,103436,1,1,'JYHD_0','JYHD_0','1.0',8,2000,39550,1,'2017-10-27 16:50:52'),(1501,103436,1,1,'JYHD_0','JYHD_0','1.0',8,-11880,27670,1,'2017-10-27 16:51:01'),(1502,103436,1,1,'JYHD_0','JYHD_0','1.0',8,-2250,16420,1,'2017-10-27 16:51:21'),(1503,103436,1,1,'JYHD_0','JYHD_0','1.0',8,540,16960,1,'2017-10-27 16:52:21'),(1504,103436,1,1,'JYHD_0','JYHD_0','1.0',1,1,2,15,'2017-10-27 16:52:37'),(1505,103436,1,1,'JYHD_0','JYHD_0','1.0',6,1,17,15,'2017-10-27 16:52:53'),(1506,103436,1,1,'JYHD_0','JYHD_0','1.0',8,2520,21790,1,'2017-10-27 16:53:01'),(1507,103436,1,1,'JYHD_0','JYHD_0','1.0',6,1,18,15,'2017-10-27 16:53:26'),(1508,103436,1,1,'JYHD_0','JYHD_0','1.0',8,-3510,40690,1,'2017-10-27 16:53:31'),(1509,0,1,1,'JYHD_0','JYHD_0','1.0',9,3,32,1,'2017-10-27 16:53:51'),(1510,103436,1,1,'JYHD_0','JYHD_0','1.0',8,1980,44470,1,'2017-10-27 16:54:01'),(1511,0,1,1,'JYHD_0','JYHD_0','1.0',9,-14,18,1,'2017-10-27 16:54:21'),(1512,0,1,1,'JYHD_0','JYHD_0','1.0',9,6,24,1,'2017-10-27 16:54:31'),(1513,103436,1,1,'JYHD_0','JYHD_0','1.0',6,1,19,15,'2017-10-27 16:54:52'),(1514,0,1,1,'JYHD_0','JYHD_0','1.0',9,-28,5,1,'2017-10-27 16:55:04'),(1515,0,1,1,'JYHD_0','JYHD_0','1.0',9,5,10,1,'2017-10-27 16:55:21'),(1516,103436,1,1,'JYHD_0','JYHD_0','1.0',8,-1200,80920,1,'2017-10-27 16:55:51'),(1517,103436,1,1,'JYHD_0','JYHD_0','1.0',8,3000,75620,1,'2017-10-27 16:56:10'),(1518,103436,1,1,'JYHD_0','JYHD_0','1.0',8,-8500,76820,1,'2017-10-27 16:56:21'),(1519,103436,1,1,'JYHD_0','JYHD_0','1.0',8,-700,76120,1,'2017-10-27 16:56:31'),(1520,0,1,1,'JYHD_0','JYHD_0','1.0',9,5,21,1,'2017-10-27 16:56:51'),(1521,0,1,1,'JYHD_0','JYHD_0','1.0',9,1,22,1,'2017-10-27 16:57:01'),(1522,103436,1,1,'JYHD_0','JYHD_0','1.0',8,-500,165420,1,'2017-10-27 16:57:21'),(1523,0,1,1,'JYHD_0','JYHD_0','1.0',9,6,28,1,'2017-10-27 16:57:31'),(1524,0,1,1,'JYHD_0','JYHD_0','1.0',9,2,30,1,'2017-10-27 16:57:51'),(1525,103436,1,1,'JYHD_0','JYHD_0','1.0',6,1,25,15,'2017-10-27 16:58:04'),(1526,103436,1,1,'JYHD_0','JYHD_0','1.0',8,-3600,158720,1,'2017-10-27 16:58:21'),(1527,0,1,1,'JYHD_0','JYHD_0','1.0',9,2,34,1,'2017-10-27 16:58:31'),(1528,103436,1,1,'JYHD_0','JYHD_0','1.0',8,-100,153720,1,'2017-10-27 16:58:55'),(1529,0,1,1,'JYHD_0','JYHD_0','1.0',9,2,3,1,'2017-10-27 16:59:07'),(1530,0,1,1,'JYHD_0','JYHD_0','1.0',9,6,9,1,'2017-10-27 16:59:17'),(1531,103436,1,1,'JYHD_0','JYHD_0','1.0',6,1,28,15,'2017-10-27 16:59:39'),(1532,103436,1,1,'JYHD_0','JYHD_0','1.0',8,-17200,99820,1,'2017-10-27 16:59:47'),(1533,0,1,1,'JYHD_0','JYHD_0','1.0',9,2,17,1,'2017-10-27 17:00:07'),(1534,103436,1,1,'JYHD_0','JYHD_0','1.0',1,1,3,15,'2017-10-27 17:00:19'),(1535,103436,1,1,'JYHD_0','JYHD_0','1.0',8,-1100,119620,1,'2017-10-27 17:00:37'),(1536,103436,1,1,'JYHD_0','JYHD_0','1.0',6,2,32,15,'2017-10-27 17:02:26'),(1537,0,1,1,'JYHD_0','JYHD_0','1.0',9,-34,0,1,'2017-10-27 17:02:38'),(1538,103436,1,1,'JYHD_0','JYHD_0','1.0',8,-33200,104320,1,'2017-10-27 17:02:47'),(1539,103436,1,1,'JYHD_0','JYHD_0','1.0',6,4,38,15,'2017-10-27 17:03:07'),(1540,0,1,1,'JYHD_0','JYHD_0','1.0',9,3,35,1,'2017-10-27 17:03:17'),(1541,103436,1,1,'JYHD_0','JYHD_0','1.0',8,-20000,66320,1,'2017-10-27 17:04:07'),(1542,103436,1,1,'JYHD_0','JYHD_0','1.0',8,-10400,55920,1,'2017-10-27 17:05:07'),(1543,103436,1,1,'JYHD_0','JYHD_0','1.0',8,-4800,51120,1,'2017-10-27 17:05:17'),(1544,103436,1,1,'JYHD_0','JYHD_0','1.0',8,-10000,1520,1,'2017-10-27 17:05:37'),(1545,103436,1,1,'JYHD_0','JYHD_0','1.0',8,-950,540,1,'2017-10-27 17:10:39'),(1546,103436,1,1,'JYHD_0','JYHD_0','1.0',8,-10,530,1,'2017-10-27 17:11:09'),(1547,103436,1,1,'JYHD_0','JYHD_0','1.0',8,10000000,10000530,13,'2017-10-27 17:12:02'),(1548,103436,1,1,'JYHD_0','JYHD_0','1.0',6,2,46,15,'2017-10-27 17:12:20'),(1549,0,1,1,'JYHD_0','JYHD_0','1.0',9,4,6,1,'2017-10-27 17:12:37'),(1550,103436,1,1,'JYHD_0','JYHD_0','1.0',6,7,53,15,'2017-10-27 17:12:49'),(1551,0,1,1,'JYHD_0','JYHD_0','1.0',9,3,12,1,'2017-10-27 17:13:07'),(1552,0,1,1,'JYHD_0','JYHD_0','1.0',9,12,24,1,'2017-10-27 17:13:17'),(1553,103434,1,1,'JYHD_0','JYHD_0','1.0',8,500,41980,1,'2017-10-27 17:13:21'),(1554,103434,1,1,'JYHD_0','JYHD_0','1.0',8,-650,41050,1,'2017-10-27 17:13:37'),(1555,0,1,1,'JYHD_0','JYHD_0','1.0',9,13,48,1,'2017-10-27 17:13:37');

/*Table structure for table `jy_activity_father_list` */

DROP TABLE IF EXISTS `jy_activity_father_list`;

CREATE TABLE `jy_activity_father_list` (
  `Id` int(11) unsigned NOT NULL AUTO_INCREMENT COMMENT '活动父表',
  `Code` varchar(20) NOT NULL COMMENT '活动标识',
  `Type` tinyint(1) unsigned NOT NULL DEFAULT '1' COMMENT '活动类型 1-累计充值 2-单笔充值 3-循环充值 4-图片类型',
  `Title` varchar(50) NOT NULL COMMENT '活动标题',
  `AddUpStartTime` timestamp NOT NULL DEFAULT CURRENT_TIMESTAMP COMMENT '累计开始时间',
  `Channel` int(11) NOT NULL COMMENT '渠道列表',
  `AddUpEndTime` timestamp NOT NULL DEFAULT '0000-00-00 00:00:00' COMMENT '累计结束时间',
  `ShowStartTime` timestamp NOT NULL DEFAULT '0000-00-00 00:00:00' COMMENT '显示开始时间',
  `ShowEndTime` timestamp NOT NULL DEFAULT '0000-00-00 00:00:00' COMMENT '显示结束时间',
  `Describe` varchar(255) NOT NULL COMMENT '活动描述',
  `DateTime` timestamp NOT NULL DEFAULT CURRENT_TIMESTAMP COMMENT '创建时间',
  PRIMARY KEY (`Id`),
  UNIQUE KEY `Type` (`Type`),
  KEY `Channel` (`Channel`)
) ENGINE=InnoDB AUTO_INCREMENT=8 DEFAULT CHARSET=utf8;

/*Data for the table `jy_activity_father_list` */

insert  into `jy_activity_father_list`(`Id`,`Code`,`Type`,`Title`,`AddUpStartTime`,`Channel`,`AddUpEndTime`,`ShowStartTime`,`ShowEndTime`,`Describe`,`DateTime`) values (5,'1001',1,'累计充值','2017-08-12 02:00:00',11,'2017-10-27 02:00:00','2017-08-11 02:00:00','2017-10-26 02:00:00','','2017-08-14 11:05:35'),(6,'1002',2,'单笔充值','2017-09-02 02:00:00',12,'2017-09-02 02:00:00','2017-08-13 02:00:00','2017-11-09 02:00:00','','2017-08-14 11:06:18');

/*Table structure for table `jy_activity_son_list` */

DROP TABLE IF EXISTS `jy_activity_son_list`;

CREATE TABLE `jy_activity_son_list` (
  `Id` int(11) unsigned NOT NULL AUTO_INCREMENT COMMENT '活动子表',
  `FatherID` int(11) unsigned NOT NULL COMMENT '活动父ID',
  `GoodsID` int(11) NOT NULL COMMENT '奖励商品',
  `Title` varchar(50) NOT NULL COMMENT '标题',
  `Number` int(11) NOT NULL COMMENT '奖品数量',
  `Schedule` int(11) NOT NULL COMMENT '条件',
  `ImgCode` varchar(50) NOT NULL COMMENT '图片标识',
  `ImgUrl` varchar(255) NOT NULL COMMENT '活动图片',
  `Code` varchar(20) NOT NULL COMMENT '活动标识',
  `DateTime` timestamp NOT NULL DEFAULT CURRENT_TIMESTAMP COMMENT '创建时间',
  PRIMARY KEY (`Id`),
  KEY `FatherID` (`FatherID`)
) ENGINE=InnoDB AUTO_INCREMENT=17 DEFAULT CHARSET=utf8;

/*Data for the table `jy_activity_son_list` */

insert  into `jy_activity_son_list`(`Id`,`FatherID`,`GoodsID`,`Title`,`Number`,`Schedule`,`ImgCode`,`ImgUrl`,`Code`,`DateTime`) values (3,5,10,'累计充值68元',1,68,'coin2.png','Uploads/image/2017/08/14/d19631d5c4f5d74141b185c979fcf2bc.jpg','112','2017-08-14 16:29:17'),(5,6,8,'单笔充值30元',1,30,'coin2.png','Uploads/image/2017/08/15/769cba07612fc395cc4836b8228f2174.jpg','eeqwe','2017-08-15 09:54:45'),(6,5,14,'累计充值168元',1,168,'diamond2.png','Uploads/image/2017/08/15/cf12e6f529cea0837305a481cbb9ce8d.jpg','3123','2017-08-15 11:59:18'),(7,6,10,'单笔充值100元',1,100,'coin2.png','Uploads/image/2017/08/15/07b11bc75b486c7f9de69784687d0b25.jpg','321321','2017-08-15 12:00:16'),(10,8,9,'图片1',3213,100,'12','Uploads/image/2017/08/31/2e09eb94307e4657691c845a80a55387.jpg','dsa','2017-08-15 12:02:35'),(11,6,10,'单笔充值200元',1,200,'coin2.png','','777777','2017-09-19 17:02:23'),(12,6,8,'单笔充值500元',1,500,'coin2.png','','11234','2017-09-19 17:02:51'),(13,5,44,'累计充值328元',500,328,'ice.png','','5523','2017-09-19 17:04:55'),(14,5,10,'累计充值648元',1,648,'coin2.png','','234688','2017-09-19 17:05:34'),(15,5,0,'456456',0,10,'456456','','456456','2017-10-24 14:29:01');

/*Table structure for table `jy_admin_group` */

DROP TABLE IF EXISTS `jy_admin_group`;

CREATE TABLE `jy_admin_group` (
  `id` int(11) unsigned NOT NULL AUTO_INCREMENT COMMENT '用户管理组',
  `name` varchar(20) NOT NULL COMMENT '组名',
  `authority` text NOT NULL COMMENT '组权限',
  `upid` int(11) NOT NULL DEFAULT '0' COMMENT '上级ID',
  `addId` int(11) NOT NULL COMMENT '添加ID',
  `addName` varchar(20) NOT NULL COMMENT '添加名',
  `islock` tinyint(1) unsigned NOT NULL DEFAULT '1' COMMENT '是否锁定 1-否 2-是',
  `add` tinyint(1) unsigned NOT NULL DEFAULT '1' COMMENT '添加权限 1-否 2-是',
  `DesktopAddress` varchar(255) NOT NULL COMMENT '添加地址',
  `channel` tinyint(1) NOT NULL DEFAULT '1' COMMENT '是否渠道组 1-否 2-是',
  `edit` tinyint(1) unsigned NOT NULL DEFAULT '1' COMMENT '是否能修改 1-否 2-是',
  `del` tinyint(1) NOT NULL DEFAULT '1' COMMENT '是否能删除 1-否 2-是',
  `isdel` tinyint(1) NOT NULL DEFAULT '1' COMMENT '是否删除 1-否 2-是',
  `remark` varchar(255) NOT NULL COMMENT '备注',
  `mtime` timestamp NOT NULL DEFAULT CURRENT_TIMESTAMP ON UPDATE CURRENT_TIMESTAMP COMMENT '创建时间',
  PRIMARY KEY (`id`),
  KEY `addId` (`addId`),
  KEY `isdel` (`isdel`)
) ENGINE=InnoDB AUTO_INCREMENT=15 DEFAULT CHARSET=utf8;

/*Data for the table `jy_admin_group` */

insert  into `jy_admin_group`(`id`,`name`,`authority`,`upid`,`addId`,`addName`,`islock`,`add`,`DesktopAddress`,`channel`,`edit`,`del`,`isdel`,`remark`,`mtime`) values (1,'超级管理员','',0,1,'测试',1,2,'',1,2,2,1,'','2017-08-30 10:11:17'),(6,'渠道','',1,1,'admin',1,1,'/jy_admin/ChannelData/index',1,1,1,1,'','2017-09-29 17:08:08'),(14,'游戏调试','[\"42\",\"59\",\"57\"]',1,1,'测试',1,2,'/jy_admin/UsersAttribute/index',1,2,2,1,'','2017-09-01 17:18:46');

/*Table structure for table `jy_admin_users` */

DROP TABLE IF EXISTS `jy_admin_users`;

CREATE TABLE `jy_admin_users` (
  `id` int(11) unsigned NOT NULL AUTO_INCREMENT COMMENT '后台管理员表',
  `name` varchar(20) NOT NULL COMMENT '名字',
  `account` varchar(20) NOT NULL COMMENT '账号',
  `passwd` varchar(32) NOT NULL COMMENT '密码',
  `admingroup` int(11) NOT NULL COMMENT '组ID',
  `default` tinyint(1) unsigned NOT NULL DEFAULT '1' COMMENT '是否系统默认账号 1-否 2-是',
  `channel` tinyint(1) unsigned NOT NULL DEFAULT '1' COMMENT '是否渠道 1-否 2-是',
  `addName` varchar(20) NOT NULL COMMENT '添加名',
  `addId` int(11) unsigned NOT NULL COMMENT '添加ID',
  `islock` tinyint(1) unsigned NOT NULL DEFAULT '1' COMMENT '是否锁定 1-否 2-是',
  `isdel` tinyint(1) unsigned NOT NULL DEFAULT '1' COMMENT '是否删除 1-否 2-是',
  `remark` varchar(255) NOT NULL COMMENT '备注',
  `mtime` timestamp NOT NULL DEFAULT CURRENT_TIMESTAMP COMMENT '创建时间',
  PRIMARY KEY (`id`),
  KEY `account` (`account`,`channel`),
  KEY `channel` (`channel`)
) ENGINE=InnoDB AUTO_INCREMENT=14 DEFAULT CHARSET=utf8;

/*Data for the table `jy_admin_users` */

insert  into `jy_admin_users`(`id`,`name`,`account`,`passwd`,`admingroup`,`default`,`channel`,`addName`,`addId`,`islock`,`isdel`,`remark`,`mtime`) values (1,'admin','jyhd@admin','e9ea4bc3f5ad73346051c1a436963521',0,2,1,'',0,1,1,'','2017-07-11 08:28:22'),(5,'倒霉小姐','18899753856','e10adc3949ba59abbe56e057f20f883e',6,1,2,'test',3,1,2,'321','2017-07-12 06:52:35'),(9,'游戏调试','jyhd@163.com','e10adc3949ba59abbe56e057f20f883e',14,1,1,'测试',1,1,2,'','2017-08-30 10:13:03'),(10,'渠道测试','13724894160','e10adc3949ba59abbe56e057f20f883e',6,1,2,'测试',1,1,2,'','2017-08-30 11:21:34'),(11,'JYHD_0','JYHD_0','e10adc3949ba59abbe56e057f20f883e',6,1,2,'测试',1,1,1,'','2017-09-22 17:24:21'),(12,'金立','JYHD_JinLi','934d955c889aacf1cedbf0a3d3c0cb18',6,1,2,'测试',1,1,1,'','2017-09-28 19:51:17'),(13,'xl','13724894160','e10adc3949ba59abbe56e057f20f883e',6,1,2,'测试',1,1,1,'','2017-09-29 10:13:46');

/*Table structure for table `jy_api_visit_log` */

DROP TABLE IF EXISTS `jy_api_visit_log`;

CREATE TABLE `jy_api_visit_log` (
  `Id` int(11) unsigned NOT NULL AUTO_INCREMENT COMMENT 'api访问日志',
  `Name` varchar(50) NOT NULL COMMENT '名字',
  `Url` varchar(255) NOT NULL COMMENT '地址',
  `Code` int(4) NOT NULL COMMENT '状态码',
  `Msg` varchar(255) DEFAULT NULL COMMENT '状态说明',
  `TimeOut` varchar(20) DEFAULT NULL COMMENT '耗时',
  `AccessIP` varchar(50) NOT NULL COMMENT '访问IP',
  `DataTime` timestamp NOT NULL DEFAULT CURRENT_TIMESTAMP ON UPDATE CURRENT_TIMESTAMP COMMENT '访问时间',
  PRIMARY KEY (`Id`)
) ENGINE=MyISAM AUTO_INCREMENT=22 DEFAULT CHARSET=utf8;

/*Data for the table `jy_api_visit_log` */

insert  into `jy_api_visit_log`(`Id`,`Name`,`Url`,`Code`,`Msg`,`TimeOut`,`AccessIP`,`DataTime`) values (1,'支付订单','/Jy_ThirdpayIapppay/MallShopBack/index',4001,'回调数据为空！','','210.14.150.194','2017-10-20 15:56:26'),(2,'支付订单','/Jy_ThirdpayIapppay/MallShopBack/index',4001,'回调数据为空！','','58.83.155.244','2017-10-20 15:56:27'),(3,'支付订单','/Jy_ThirdpayIapppay/MallShopBack/index',4001,'回调数据为空！','','210.14.150.194','2017-10-20 15:57:30'),(4,'支付订单','/Jy_ThirdpayIapppay/MallShopBack/index',4001,'回调数据为空！','','210.14.150.194','2017-10-20 16:01:17'),(5,'支付订单','/Jy_ThirdpayIapppay/MallShopBack/index',4001,'回调数据为空！','','210.14.150.194','2017-10-20 16:09:49'),(6,'支付订单','/Jy_ThirdpayIapppay/MallShopBack/index',4001,'回调数据为空！','','210.14.150.194','2017-10-20 16:14:13'),(7,'支付订单','/Jy_ThirdpayIapppay/MallShopBack/index',4001,'回调数据为空！','','210.14.150.194','2017-10-20 16:17:14'),(8,'','/Jy_api/Notice/index',6003,'渠道不存在。','','121.34.144.223','2017-10-27 15:26:25'),(9,'','/Jy_api/TheFirstPunch/index',6003,'渠道不存在。','','121.34.144.223','2017-10-27 15:26:26'),(10,'','/Jy_api/MallExchange/index',6003,'渠道不存在。','','121.34.144.223','2017-10-27 15:26:26'),(11,'','/Jy_api/VipInfo/index',6003,'渠道不存在。','','121.34.144.223','2017-10-27 15:26:26'),(12,'','/Jy_api/NovicePack/index',6003,'渠道不存在。','','121.34.144.223','2017-10-27 15:26:26'),(13,'','/Jy_api/CardInfo/index',6003,'渠道不存在。','','121.34.144.223','2017-10-27 15:26:26'),(14,'','/Jy_api/SevenDaysSign/index',6003,'渠道不存在。','','121.34.144.223','2017-10-27 15:26:26'),(15,'','/Jy_api/Notice/index',6003,'渠道不存在。','','121.34.144.223','2017-10-27 16:39:11'),(16,'','/Jy_api/TheFirstPunch/index',6003,'渠道不存在。','','121.34.144.223','2017-10-27 16:39:15'),(17,'','/Jy_api/CardInfo/index',6003,'渠道不存在。','','121.34.144.223','2017-10-27 16:39:15'),(18,'','/Jy_api/NovicePack/index',6003,'渠道不存在。','','121.34.144.223','2017-10-27 16:39:15'),(19,'','/Jy_api/VipInfo/index',6003,'渠道不存在。','','121.34.144.223','2017-10-27 16:39:15'),(20,'','/Jy_api/MallExchange/index',6003,'渠道不存在。','','121.34.144.223','2017-10-27 16:39:15'),(21,'','/Jy_api/SevenDaysSign/index',6003,'渠道不存在。','','121.34.144.223','2017-10-27 16:39:15');

/*Table structure for table `jy_channel_goods` */

DROP TABLE IF EXISTS `jy_channel_goods`;

CREATE TABLE `jy_channel_goods` (
  `id` int(11) unsigned NOT NULL AUTO_INCREMENT COMMENT '渠道商品',
  `adminUserID` int(11) unsigned NOT NULL COMMENT '渠道ID',
  `goodsID` int(11) unsigned NOT NULL COMMENT '商品ID',
  `DateTime` timestamp NOT NULL DEFAULT CURRENT_TIMESTAMP ON UPDATE CURRENT_TIMESTAMP COMMENT '创建时间',
  PRIMARY KEY (`id`),
  KEY `adminUserID` (`adminUserID`),
  KEY `goodsID` (`goodsID`)
) ENGINE=InnoDB AUTO_INCREMENT=282 DEFAULT CHARSET=utf8;

/*Data for the table `jy_channel_goods` */

insert  into `jy_channel_goods`(`id`,`adminUserID`,`goodsID`,`DateTime`) values (54,3,0,'2017-07-31 15:39:58'),(61,3,3,'2017-07-31 15:42:44'),(65,3,0,'2017-07-31 15:45:29'),(66,3,0,'2017-07-31 15:45:29'),(69,3,0,'2017-07-31 15:49:38'),(70,3,5,'2017-07-31 15:49:38'),(71,3,0,'2017-07-31 15:49:40'),(72,3,0,'2017-07-31 15:49:40'),(73,3,6,'2017-07-31 15:49:40'),(74,3,0,'2017-07-31 15:49:51'),(75,3,0,'2017-07-31 15:49:51'),(76,3,0,'2017-07-31 15:49:51'),(78,5,0,'2017-07-31 15:51:20'),(79,5,5,'2017-07-31 15:51:20'),(80,5,6,'2017-07-31 15:51:20'),(81,5,7,'2017-07-31 15:51:20'),(82,3,7,'2017-08-01 19:53:55'),(83,3,8,'2017-08-11 17:41:09'),(84,3,9,'2017-08-11 17:41:09'),(85,3,10,'2017-08-11 17:41:09'),(86,3,11,'2017-08-11 17:41:09'),(87,3,12,'2017-08-11 17:41:09'),(88,3,13,'2017-08-11 17:41:09'),(89,3,14,'2017-08-11 17:41:09'),(90,3,15,'2017-08-11 17:41:09'),(91,3,16,'2017-08-11 17:41:09'),(92,3,17,'2017-08-11 17:41:09'),(93,5,8,'2017-08-11 17:41:26'),(94,5,9,'2017-08-11 17:41:26'),(95,5,10,'2017-08-11 17:41:26'),(96,5,11,'2017-08-11 17:41:26'),(97,5,12,'2017-08-11 17:41:26'),(98,5,13,'2017-08-11 17:41:26'),(99,5,14,'2017-08-11 17:41:26'),(100,5,15,'2017-08-11 17:41:26'),(101,5,16,'2017-08-11 17:41:26'),(102,5,17,'2017-08-11 17:41:26'),(103,3,0,'2017-08-25 18:33:44'),(104,3,0,'2017-08-25 18:33:44'),(105,3,0,'2017-08-25 18:33:44'),(106,3,0,'2017-08-25 18:33:44'),(107,3,0,'2017-08-25 18:33:44'),(108,3,0,'2017-08-25 18:33:44'),(109,3,0,'2017-08-25 18:33:44'),(110,3,0,'2017-08-25 18:33:44'),(111,3,0,'2017-08-25 18:33:44'),(112,3,0,'2017-08-25 18:33:44'),(113,3,18,'2017-08-25 18:33:44'),(114,3,19,'2017-08-25 18:33:44'),(115,3,20,'2017-08-25 18:33:44'),(116,3,23,'2017-08-25 18:33:44'),(117,3,24,'2017-08-25 18:33:44'),(118,3,25,'2017-08-25 18:33:44'),(119,3,26,'2017-08-25 18:33:44'),(120,3,27,'2017-08-25 18:33:44'),(121,3,28,'2017-08-25 18:33:44'),(122,3,29,'2017-08-25 18:33:44'),(123,3,30,'2017-08-25 18:33:44'),(124,3,31,'2017-08-25 18:33:44'),(125,3,32,'2017-08-25 18:33:44'),(126,10,8,'2017-08-30 11:24:53'),(127,10,9,'2017-08-30 11:24:53'),(128,10,10,'2017-08-30 11:24:53'),(129,10,11,'2017-08-30 11:24:53'),(130,10,12,'2017-08-30 11:24:53'),(131,10,13,'2017-08-30 11:24:53'),(132,10,14,'2017-08-30 11:24:53'),(133,10,15,'2017-08-30 11:24:53'),(134,10,16,'2017-08-30 11:24:53'),(135,10,17,'2017-08-30 11:24:53'),(136,10,18,'2017-08-30 11:24:53'),(137,10,19,'2017-08-30 11:24:53'),(138,10,20,'2017-08-30 11:24:53'),(139,10,23,'2017-08-30 11:24:53'),(140,10,24,'2017-08-30 11:24:53'),(141,10,25,'2017-08-30 11:24:53'),(142,10,26,'2017-08-30 11:24:53'),(143,10,27,'2017-08-30 11:24:53'),(144,10,28,'2017-08-30 11:24:53'),(145,10,29,'2017-08-30 11:24:53'),(146,10,30,'2017-08-30 11:24:53'),(147,10,31,'2017-08-30 11:24:53'),(148,10,32,'2017-08-30 11:24:53'),(149,10,33,'2017-08-30 11:24:53'),(150,10,34,'2017-08-30 11:24:53'),(151,10,0,'2017-08-30 19:20:17'),(152,10,0,'2017-08-30 19:20:17'),(153,10,0,'2017-08-30 19:20:17'),(154,10,0,'2017-08-30 19:20:17'),(155,10,0,'2017-08-30 19:20:17'),(156,10,0,'2017-08-30 19:20:17'),(157,10,0,'2017-08-30 19:20:17'),(158,10,0,'2017-08-30 19:20:17'),(159,10,0,'2017-08-30 19:20:17'),(160,10,0,'2017-08-30 19:20:17'),(161,10,0,'2017-08-30 19:20:17'),(162,10,0,'2017-08-30 19:20:17'),(163,10,0,'2017-08-30 19:20:17'),(164,10,0,'2017-08-30 19:20:17'),(165,10,0,'2017-08-30 19:20:17'),(166,10,0,'2017-08-30 19:20:17'),(167,10,0,'2017-08-30 19:20:17'),(168,10,0,'2017-08-30 19:20:17'),(169,10,0,'2017-08-30 19:20:17'),(170,10,0,'2017-08-30 19:20:17'),(171,10,0,'2017-08-30 19:20:17'),(172,10,0,'2017-08-30 19:20:17'),(173,10,0,'2017-08-30 19:20:17'),(174,10,0,'2017-08-30 19:20:17'),(175,10,0,'2017-08-30 19:20:17'),(176,10,0,'2017-08-30 19:20:17'),(177,10,0,'2017-08-30 19:20:17'),(178,10,38,'2017-08-30 19:20:17'),(179,10,39,'2017-08-30 19:20:17'),(180,11,8,'2017-09-22 17:25:17'),(181,11,9,'2017-09-22 17:25:17'),(182,11,10,'2017-09-22 17:25:17'),(183,11,11,'2017-09-22 17:25:17'),(184,11,12,'2017-09-22 17:25:17'),(185,11,13,'2017-09-22 17:25:17'),(186,11,14,'2017-09-22 17:25:17'),(187,11,15,'2017-09-22 17:25:17'),(188,11,16,'2017-09-22 17:25:17'),(189,11,17,'2017-09-22 17:25:17'),(190,11,18,'2017-09-22 17:25:17'),(191,11,19,'2017-09-22 17:25:17'),(192,11,20,'2017-09-22 17:25:17'),(193,11,23,'2017-09-22 17:25:17'),(194,11,24,'2017-09-22 17:25:17'),(195,11,25,'2017-09-22 17:25:17'),(196,11,26,'2017-09-22 17:25:17'),(197,11,27,'2017-09-22 17:25:17'),(198,11,28,'2017-09-22 17:25:17'),(199,11,29,'2017-09-22 17:25:17'),(200,11,30,'2017-09-22 17:25:17'),(201,11,31,'2017-09-22 17:25:17'),(202,11,32,'2017-09-22 17:25:17'),(203,11,33,'2017-09-22 17:25:17'),(204,11,35,'2017-09-22 17:25:17'),(205,11,36,'2017-09-22 17:25:17'),(206,11,37,'2017-09-22 17:25:17'),(207,11,38,'2017-09-22 17:25:17'),(208,11,39,'2017-09-22 17:25:17'),(209,11,40,'2017-09-22 17:25:17'),(210,11,41,'2017-09-22 17:25:17'),(211,11,42,'2017-09-22 17:25:17'),(212,11,43,'2017-09-22 17:25:17'),(213,11,44,'2017-09-22 17:25:17'),(214,12,8,'2017-09-28 19:53:54'),(215,12,9,'2017-09-28 19:53:54'),(216,12,10,'2017-09-28 19:53:54'),(217,12,11,'2017-09-28 19:53:54'),(218,12,12,'2017-09-28 19:53:54'),(219,12,13,'2017-09-28 19:53:54'),(220,12,14,'2017-09-28 19:53:54'),(221,12,15,'2017-09-28 19:53:54'),(222,12,16,'2017-09-28 19:53:54'),(223,12,17,'2017-09-28 19:53:54'),(224,12,18,'2017-09-28 19:53:54'),(225,12,19,'2017-09-28 19:53:54'),(226,12,20,'2017-09-28 19:53:54'),(227,12,23,'2017-09-28 19:53:54'),(228,12,24,'2017-09-28 19:53:54'),(229,12,25,'2017-09-28 19:53:54'),(230,12,26,'2017-09-28 19:53:54'),(231,12,27,'2017-09-28 19:53:54'),(232,12,28,'2017-09-28 19:53:54'),(233,12,29,'2017-09-28 19:53:54'),(234,12,30,'2017-09-28 19:53:54'),(235,12,31,'2017-09-28 19:53:54'),(236,12,32,'2017-09-28 19:53:54'),(237,12,33,'2017-09-28 19:53:54'),(238,12,35,'2017-09-28 19:53:54'),(239,12,36,'2017-09-28 19:53:54'),(240,12,37,'2017-09-28 19:53:54'),(241,12,38,'2017-09-28 19:53:54'),(242,12,39,'2017-09-28 19:53:54'),(243,12,40,'2017-09-28 19:53:54'),(244,12,41,'2017-09-28 19:53:54'),(245,12,42,'2017-09-28 19:53:54'),(246,12,43,'2017-09-28 19:53:54'),(247,12,44,'2017-09-28 19:53:54'),(248,13,8,'2017-09-29 10:14:13'),(249,13,9,'2017-09-29 10:14:13'),(250,13,10,'2017-09-29 10:14:13'),(251,13,11,'2017-09-29 10:14:13'),(252,13,12,'2017-09-29 10:14:13'),(253,13,13,'2017-09-29 10:14:13'),(254,13,14,'2017-09-29 10:14:13'),(255,13,15,'2017-09-29 10:14:13'),(256,13,16,'2017-09-29 10:14:13'),(257,13,17,'2017-09-29 10:14:13'),(258,13,18,'2017-09-29 10:14:13'),(259,13,19,'2017-09-29 10:14:13'),(260,13,20,'2017-09-29 10:14:13'),(261,13,23,'2017-09-29 10:14:13'),(262,13,24,'2017-09-29 10:14:13'),(263,13,25,'2017-09-29 10:14:13'),(264,13,26,'2017-09-29 10:14:13'),(265,13,27,'2017-09-29 10:14:13'),(266,13,28,'2017-09-29 10:14:13'),(267,13,29,'2017-09-29 10:14:13'),(268,13,30,'2017-09-29 10:14:13'),(269,13,31,'2017-09-29 10:14:13'),(270,13,32,'2017-09-29 10:14:13'),(271,13,33,'2017-09-29 10:14:13'),(272,13,35,'2017-09-29 10:14:13'),(273,13,36,'2017-09-29 10:14:13'),(274,13,37,'2017-09-29 10:14:13'),(275,13,38,'2017-09-29 10:14:13'),(276,13,39,'2017-09-29 10:14:13'),(277,13,40,'2017-09-29 10:14:13'),(278,13,41,'2017-09-29 10:14:13'),(279,13,42,'2017-09-29 10:14:13'),(280,13,43,'2017-09-29 10:14:13'),(281,13,44,'2017-09-29 10:14:13');

/*Table structure for table `jy_channel_info` */

DROP TABLE IF EXISTS `jy_channel_info`;

CREATE TABLE `jy_channel_info` (
  `adminUserID` int(11) unsigned NOT NULL COMMENT '渠道(管理员ID)',
  `platform` tinyint(1) unsigned NOT NULL DEFAULT '1' COMMENT '平台',
  `pattern` tinyint(1) unsigned NOT NULL DEFAULT '1' COMMENT '合作方式',
  `DividedInto` varchar(10) NOT NULL COMMENT '分成',
  `RegisterNum` varchar(10) NOT NULL COMMENT '注册人数（结算率）',
  `RechargeNum` varchar(10) NOT NULL COMMENT '充值人数（结算率）',
  `CorporateName` varchar(50) NOT NULL COMMENT '公司名称',
  `CompanyAddress` varchar(50) NOT NULL COMMENT '公司地址',
  `CompanyPhone` varchar(20) NOT NULL COMMENT '公司电话',
  `contacts` varchar(10) NOT NULL COMMENT '联系人',
  `ContactNumber` varchar(20) NOT NULL COMMENT '联系电话',
  `ContactMailbox` varchar(20) NOT NULL COMMENT '联系邮箱',
  `addName` varchar(20) NOT NULL COMMENT '添加人',
  `addId` int(11) NOT NULL COMMENT '添加ID',
  `isown` tinyint(1) NOT NULL DEFAULT '1' COMMENT '是否本公司渠道',
  `remark` varchar(255) NOT NULL COMMENT '备注信息',
  `mtime` timestamp NOT NULL DEFAULT CURRENT_TIMESTAMP COMMENT '创建时间',
  PRIMARY KEY (`adminUserID`,`mtime`),
  KEY `platform` (`platform`),
  KEY `isown` (`isown`),
  KEY `addId` (`addId`)
) ENGINE=InnoDB DEFAULT CHARSET=utf8;

/*Data for the table `jy_channel_info` */

insert  into `jy_channel_info`(`adminUserID`,`platform`,`pattern`,`DividedInto`,`RegisterNum`,`RechargeNum`,`CorporateName`,`CompanyAddress`,`CompanyPhone`,`contacts`,`ContactNumber`,`ContactMailbox`,`addName`,`addId`,`isown`,`remark`,`mtime`) values (3,2,1,'','','','dasdas','dsadsa','dasdsa','dsa','dasdsa','dsadas','1',1,1,'','2017-07-26 02:44:18'),(5,1,1,'','','','dsad','dsadsa','dasds','dsad','dsa','dsad','1',1,1,'dasdas','2017-07-26 02:49:36'),(10,2,1,'','','','321312','321','32132','32132','32321','321321','测试',1,1,'321','2017-08-30 11:24:42'),(11,2,1,'','','','3123','321312321','32312','321312','321312','321321','测试',1,1,'','2017-09-22 17:25:10'),(12,2,2,'','','','金立','312321312','321321','321321','321321','321321','测试',1,1,'','2017-09-28 19:53:48'),(13,2,1,'','','','xl','xl','xl','xl','xl','xl','测试',1,1,'xl','2017-09-29 10:14:07');

/*Table structure for table `jy_channel_thirdpay` */

DROP TABLE IF EXISTS `jy_channel_thirdpay`;

CREATE TABLE `jy_channel_thirdpay` (
  `id` int(11) unsigned NOT NULL AUTO_INCREMENT COMMENT '渠道支付ID',
  `adminUserID` int(11) unsigned NOT NULL COMMENT '渠道ID',
  `PayID` int(11) unsigned NOT NULL COMMENT '支付ID',
  `DateTime` timestamp NOT NULL DEFAULT CURRENT_TIMESTAMP ON UPDATE CURRENT_TIMESTAMP COMMENT '创建时间',
  PRIMARY KEY (`id`),
  KEY `adminUserID` (`adminUserID`),
  KEY `PayID` (`PayID`)
) ENGINE=MyISAM AUTO_INCREMENT=15 DEFAULT CHARSET=utf8;

/*Data for the table `jy_channel_thirdpay` */

insert  into `jy_channel_thirdpay`(`id`,`adminUserID`,`PayID`,`DateTime`) values (3,3,4,'2017-08-01 19:32:10'),(5,5,4,'2017-08-01 19:34:09'),(6,3,6,'2017-08-24 14:27:24'),(7,10,6,'2017-09-06 16:01:49'),(8,11,6,'2017-09-22 17:29:15'),(9,10,0,'2017-09-26 14:39:56'),(10,10,13,'2017-09-26 14:39:56'),(13,13,6,'2017-09-29 10:14:19'),(12,12,13,'2017-09-28 19:54:08'),(14,13,13,'2017-09-29 10:14:19');

/*Table structure for table `jy_currency_section` */

DROP TABLE IF EXISTS `jy_currency_section`;

CREATE TABLE `jy_currency_section` (
  `Id` int(11) unsigned NOT NULL AUTO_INCREMENT COMMENT '货币区间',
  `Name` varchar(50) NOT NULL COMMENT '名称',
  `Unit` tinyint(1) unsigned NOT NULL COMMENT '单位 1-个 2-十  3-百 4-千 5-万',
  `Start` bigint(20) NOT NULL COMMENT '起始值',
  `End` bigint(20) NOT NULL DEFAULT '0' COMMENT '结束值 0-无上限',
  `DateTime` timestamp NOT NULL DEFAULT CURRENT_TIMESTAMP COMMENT '创建时间',
  PRIMARY KEY (`Id`),
  KEY `Start` (`Start`,`End`)
) ENGINE=MyISAM AUTO_INCREMENT=7 DEFAULT CHARSET=utf8;

/*Data for the table `jy_currency_section` */

insert  into `jy_currency_section`(`Id`,`Name`,`Unit`,`Start`,`End`,`DateTime`) values (2,'[1-1000]',1,1,1000,'2017-09-18 18:44:39'),(3,'（1000-2000]',1,1001,2000,'2017-09-18 18:45:10'),(4,'（2000-3000]',1,2001,3000,'2017-09-18 18:45:23'),(5,'（3000-4000]',1,3001,4000,'2017-09-18 18:45:42'),(6,'（4000-5000]',1,4001,5000,'2017-09-18 18:47:01');

/*Table structure for table `jy_game_config` */

DROP TABLE IF EXISTS `jy_game_config`;

CREATE TABLE `jy_game_config` (
  `Id` int(11) unsigned NOT NULL AUTO_INCREMENT COMMENT '游戏配置',
  `StopService` tinyint(1) unsigned NOT NULL COMMENT '游戏停服 1-正常 2-停服 3-仅白名单进入',
  `StopPay` tinyint(1) unsigned NOT NULL COMMENT '停止支付 1-否 2-是',
  `Type` tinyint(1) unsigned NOT NULL COMMENT '渠道 1-否 2-是',
  `Status` tinyint(1) unsigned NOT NULL COMMENT '是否立即执行 1-否 2-是',
  `Second` tinyint(1) unsigned NOT NULL COMMENT '多少秒发送数据',
  `Channel` varchar(50) NOT NULL COMMENT '渠道号',
  `DateTime` timestamp NOT NULL DEFAULT CURRENT_TIMESTAMP ON UPDATE CURRENT_TIMESTAMP,
  PRIMARY KEY (`Id`)
) ENGINE=InnoDB AUTO_INCREMENT=34 DEFAULT CHARSET=utf8;

/*Data for the table `jy_game_config` */

insert  into `jy_game_config`(`Id`,`StopService`,`StopPay`,`Type`,`Status`,`Second`,`Channel`,`DateTime`) values (33,1,1,2,2,0,'JYHD_0','2017-10-24 12:04:31');

/*Table structure for table `jy_game_form` */

DROP TABLE IF EXISTS `jy_game_form`;

CREATE TABLE `jy_game_form` (
  `Name` varchar(50) NOT NULL COMMENT '游戏项目类型',
  `Type` tinyint(1) unsigned NOT NULL DEFAULT '1' COMMENT '1-游戏 2-充值 3-签到 4-兑换 5-月卡 6-首冲',
  PRIMARY KEY (`Type`)
) ENGINE=MyISAM DEFAULT CHARSET=utf8;

/*Data for the table `jy_game_form` */

insert  into `jy_game_form`(`Name`,`Type`) values ('游戏',1),('充值',2),('签到',3),('兑换',4),('月卡',5),('首冲',6),('vip每日奖励',7);

/*Table structure for table `jy_game_notice` */

DROP TABLE IF EXISTS `jy_game_notice`;

CREATE TABLE `jy_game_notice` (
  `Id` int(10) unsigned NOT NULL AUTO_INCREMENT COMMENT '游戏公告',
  `Content` text NOT NULL COMMENT '公告内容',
  `Title` varchar(255) NOT NULL COMMENT '长标题',
  `Sort` tinyint(1) NOT NULL DEFAULT '1' COMMENT '是否置顶 1-否 2否',
  `Num` int(11) unsigned NOT NULL COMMENT '排序',
  `TitleSon` varchar(255) NOT NULL COMMENT '短标题',
  `SendEmail` tinyint(1) unsigned NOT NULL,
  `EmailContent` text NOT NULL,
  `TitleContent` varchar(255) NOT NULL,
  `Channel` int(11) NOT NULL COMMENT '渠道',
  `Btime` timestamp NOT NULL DEFAULT CURRENT_TIMESTAMP COMMENT '结束时间',
  `Remark` varchar(255) NOT NULL COMMENT '备注',
  `Status` tinyint(1) NOT NULL DEFAULT '1' COMMENT '是否发布 1-否 2-是',
  `DateTime` timestamp NOT NULL DEFAULT CURRENT_TIMESTAMP COMMENT '创建时间',
  PRIMARY KEY (`Id`),
  KEY `Status` (`Status`,`Btime`,`Sort`,`Num`)
) ENGINE=InnoDB AUTO_INCREMENT=15 DEFAULT CHARSET=utf8;

/*Data for the table `jy_game_notice` */

insert  into `jy_game_notice`(`Id`,`Content`,`Title`,`Sort`,`Num`,`TitleSon`,`SendEmail`,`EmailContent`,`TitleContent`,`Channel`,`Btime`,`Remark`,`Status`,`DateTime`) values (3,'为了给玩家创造更加安全稳定的游戏环境，《诛仙3》将于2017年9月19日上午8:00-10:00对所有服务器进行停机维护。\r\n预计停机2小时，如遇特殊情况，开机时间将会顺延。若给您带来不便，敬请谅解。\r\n\r\n \r\n本次维护涉及更新，更新内容如下：\r\n \r\n【 签到奖励 】\r\n9月19日至10月16日期间，仙友们每日登陆游戏即可领取一份签到奖励，本次奖励的大奖依旧为玉虹雪华，仙友们可千万不要错过。\r\n \r\n \r\n【 体验性修改及优化 】\r\n1.载具包裹上限扩充至150格。\r\n2.修复了画影护符材料焱光灼的名称错误问题\r\n \r\n \r\n【 天帝宝库 】\r\n物品上架：\r\n1.商城“礼包—新品热卖”和“天材地宝—包裹仓库”目录分别上架“飞剑/坐骑包裹”，每次使用可扩充12格载具包裹，已达上限150格时使用\r\n无效；\r\n2.商城“礼包—新品热卖”和“时装—男子时装”目录分别上架男款“叹年少装”；\r\n3.商城“礼包—新品热卖”和“时装—女子时装”目录分别上架女款“叹年少装”。\r\n \r\n \r\n物品下架：\r\n1.商城“礼包—新品热卖”目录下架“小凡装大礼包（降临版）”、“碧瑶装大礼包（降临版）”，仍有需要的仙友可\r\n于\r\n“时装—主角时装”目录中购买；\r\n2.商城“礼包—新品热卖”目录下架“月德符”，仍有需要的仙友可于“法器—装备精炼”目录中\r\n购买；\r\n3.商城“礼包—新品热卖”目录下架“玄元天晶”、“紫府星衡”、“棠棣令”，仍有需\r\n要的仙友可于“法器—功能道具”目中中购买；\r\n4.商城“礼包—新品热卖”目录下架“神韵秘文石”，仍有需要的仙友可于“天材地宝—秘文晶石”，目录中购买；\r\n5.商城“礼包—新品热卖”目录下架“奇影画天卷”，仍有需要的仙友可于“时装—时装武器”\r\n目录中购买；\r\n6.商城“礼包—新品热卖”目录下架“同心礼盒”、“蝴蝶飞”、“夜萤火”、“花灯昼”，仍有需\r\n要的仙友可于“法器—师徒夫妻”目录中购买；\r\n7.商城“礼包—新品热卖”目录下架“揽月圣印”，仍有需要的仙友可于“仙宠—飞宝增益”目录中\r\n购买；\r\n8.商城“礼包—新品热卖”目录下架“揽月圣印礼包（绑定）”，仍有需要的仙友可于“礼包—宝券”目录中购买；\r\n9.商城“礼包—新品热卖”目录下架“天河秘琼”，仍有需要的仙友可于“天材地宝—包裹仓库”目录中购买。               \r\n\r\n                                                                                                                      \r\n                                                                                                                                                                                2017年9月19日','2017年9月',1,0,'2017年9月',0,'','',11,'2017-09-30 19:56:32','',2,'2017-09-15 14:15:19'),(4,'321312\r\n发生大恢复健康\r\n\r\n复合大师科技\r\n福建省断开\r\n\r\n福建省断开了                                            发送动环监控发圣诞节快乐\r\n\r\n\r\n福建省打开了\r\n俯拾地芥阿卡丽','2017-09-',1,0,'312321',0,'','',12,'2020-09-25 19:56:32','eqweqw',2,'2017-09-15 15:01:47'),(5,'32131232\r\n                 32131232\r\n\r\n\r\n32131232\r\n             32131232\r\n\r\n                                      32131232                       32131232                    32131232           32131232','312321',1,0,'321312',0,'','',11,'2017-09-18 19:56:32','3123213',2,'2017-09-18 17:47:42'),(6,'大数据侃大山                 加快了打算尽快了                      就发生大方块了                 附近开了\r\n                    发发圣诞节快乐                 发圣诞节快乐\r\n     \r\n\r\n\r\n\r\n\r\n                              附件的索拉卡                 分等级发了                          接口法律手段\r\n\r\n\r\n\r\n                                                                            fksd                    kfsd','321321',1,0,'321321',0,'','',11,'2017-09-28 19:56:32','312312',2,'2017-09-18 17:47:48'),(7,'321312312','3213123',1,0,'312312',0,'','',11,'2017-11-30 19:56:32','321312',2,'2017-09-18 17:47:54'),(8,'321312312','321321',1,0,'32132',0,'','',12,'2017-09-18 19:56:32','312312321',2,'2017-09-18 17:48:00'),(9,'312312321321','3213232',1,0,'',0,'','',11,'2017-09-18 19:56:32','321321312321',2,'2017-09-18 17:48:07'),(10,'312312321321','32132321',1,0,'',0,'','',11,'2017-09-18 19:56:32','312312321321',2,'2017-09-18 17:48:15'),(11,'32132321312','321321',1,0,'3213213',0,'','',11,'2017-09-18 19:56:32','312312321',2,'2017-09-18 17:48:22'),(12,'321312312321','321312',1,0,'321312',1,'','',0,'2017-09-18 19:56:32','321321321',2,'2017-09-18 17:48:30'),(13,'321321','321312',1,0,'',0,'','',11,'2017-09-28 19:56:32','321312',2,'2017-09-18 18:05:12'),(14,'亲爱的玩家：\r\n        街机在线捕鱼全新发布，超级福利来袭，你捕鱼，我送礼！\r\n        国庆七天乐，充值翻倍赠送，鱼池海量渔券，在线奖励免费领取，话费京东卡兑换到你手软，还等什么快来捕鱼吧！\r\n                                                                      2017年9月29日','全服停机更新维护',2,0,'全服停机',2,'555555','666666',11,'2017-11-10 19:56:32','',2,'2017-09-18 19:47:56');

/*Table structure for table `jy_game_version` */

DROP TABLE IF EXISTS `jy_game_version`;

CREATE TABLE `jy_game_version` (
  `Version` varchar(20) NOT NULL COMMENT '版本号',
  `DateTime` timestamp NOT NULL DEFAULT CURRENT_TIMESTAMP COMMENT '创建时间',
  `Remark` varchar(255) DEFAULT NULL COMMENT '备注',
  PRIMARY KEY (`Version`)
) ENGINE=MyISAM DEFAULT CHARSET=utf8;

/*Data for the table `jy_game_version` */

insert  into `jy_game_version`(`Version`,`DateTime`,`Remark`) values ('1.0','2017-09-20 14:19:46',''),('1.1','2017-09-20 14:20:09','');

/*Table structure for table `jy_goods_all` */

DROP TABLE IF EXISTS `jy_goods_all`;

CREATE TABLE `jy_goods_all` (
  `Id` int(11) unsigned NOT NULL AUTO_INCREMENT COMMENT '物品表',
  `Name` varchar(255) NOT NULL COMMENT '物品名',
  `Code` varchar(20) NOT NULL COMMENT '物品标识',
  `ImgCode` varchar(20) NOT NULL COMMENT '物品图片标识',
  `CurrencyType` tinyint(1) unsigned NOT NULL DEFAULT '1' COMMENT '货币类型 1-人民币 2-金币 3-砖石',
  `CurrencyNum` varchar(50) NOT NULL COMMENT '货币数量',
  `IssueNum` int(11) NOT NULL DEFAULT '0' COMMENT '发行数量',
  `IssueType` tinyint(1) unsigned NOT NULL DEFAULT '1' COMMENT '是否限制发行量 1-否 2-是',
  `Type` tinyint(1) NOT NULL DEFAULT '1' COMMENT '类型  1-金币 2-钻石 3-道具',
  `CateGory` tinyint(1) unsigned NOT NULL DEFAULT '1' COMMENT '类别  1-金币 2-砖石 3-道具',
  `GetNum` int(11) unsigned NOT NULL DEFAULT '0' COMMENT '获得数量',
  `GiveInfo` text NOT NULL COMMENT '赠送物品',
  `ShowType` tinyint(1) NOT NULL DEFAULT '1' COMMENT '展示方式 1-商城',
  `IsGroom` tinyint(1) unsigned NOT NULL DEFAULT '1' COMMENT '是否推荐 1-否 2-是',
  `TheShelvesTime` varchar(50) DEFAULT NULL COMMENT '定时时间',
  `Status` tinyint(1) unsigned NOT NULL DEFAULT '1' COMMENT '状态 1-上架 2-定时上架 3-定时下架 4-已下架',
  `Platform` tinyint(1) unsigned NOT NULL DEFAULT '1' COMMENT '平台 1-全部 2-苹果 3-安卓',
  `Proportion` int(4) NOT NULL DEFAULT '0' COMMENT '首冲比例',
  `FaceValue` varchar(20) DEFAULT NULL COMMENT '卡号面值',
  `LimitShop` tinyint(1) unsigned NOT NULL DEFAULT '1' COMMENT '限购 1-不限 2-日 3-周 4-月 5-年',
  `LimitShopNum` int(11) unsigned NOT NULL DEFAULT '0' COMMENT '限购次数',
  `ExchangeType` tinyint(1) unsigned NOT NULL DEFAULT '1' COMMENT '限购 1-不限 2-日 3-周 4-月 5-年',
  `ExchangeNum` int(11) unsigned NOT NULL DEFAULT '0' COMMENT '限兑换数量',
  `Describe` varchar(255) NOT NULL COMMENT '商品描述',
  `Broadcast` varchar(255) NOT NULL COMMENT '广播信息',
  `Push` varchar(255) NOT NULL COMMENT '推送信息',
  `Rmark` varchar(255) NOT NULL COMMENT '备注',
  `LimitLevel` tinyint(1) unsigned NOT NULL DEFAULT '0' COMMENT '等级限制 0-不限制',
  `LimitVip` tinyint(1) unsigned NOT NULL DEFAULT '0' COMMENT '会员等级限制 0-不限制',
  `Sort` bigint(20) NOT NULL COMMENT '排序',
  `IsDel` tinyint(1) NOT NULL DEFAULT '1' COMMENT '是否删除 1-否 2-是',
  `UpTime` timestamp NOT NULL DEFAULT CURRENT_TIMESTAMP COMMENT '更新时间',
  `DateTime` timestamp NOT NULL DEFAULT CURRENT_TIMESTAMP COMMENT '添加时间',
  PRIMARY KEY (`Id`),
  KEY `CateGory` (`CateGory`,`IsDel`),
  KEY `Status` (`Status`),
  KEY `ShowType` (`ShowType`),
  KEY `Platform` (`Platform`)
) ENGINE=InnoDB AUTO_INCREMENT=48 DEFAULT CHARSET=utf8;

/*Data for the table `jy_goods_all` */

insert  into `jy_goods_all`(`Id`,`Name`,`Code`,`ImgCode`,`CurrencyType`,`CurrencyNum`,`IssueNum`,`IssueType`,`Type`,`CateGory`,`GetNum`,`GiveInfo`,`ShowType`,`IsGroom`,`TheShelvesTime`,`Status`,`Platform`,`Proportion`,`FaceValue`,`LimitShop`,`LimitShopNum`,`ExchangeType`,`ExchangeNum`,`Describe`,`Broadcast`,`Push`,`Rmark`,`LimitLevel`,`LimitVip`,`Sort`,`IsDel`,`UpTime`,`DateTime`) values (3,'金币','32132','',1,'321312',0,1,1,1,1231,'',1,0,NULL,1,1,0,NULL,1,0,1,0,'','ewqeqw','ewqeqw','ewqewq',0,0,1501136621,2,'2017-08-09 12:32:49','2017-07-27 14:23:41'),(4,'道具','','',1,'1231',0,1,2,1,321321,'',1,0,NULL,3,1,0,NULL,2,32132,2,321312,'','ewqeqw','ewqeqw','ewqeqw',2,2,1501136698,2,'2017-07-28 14:28:14','2017-07-27 14:24:58'),(5,'砖石','123','',1,'321312',0,1,1,1,321312,'{\"0\":{\"Type\":\"1\",\"Id\":\"0\",\"GetNum\":\"312312\"},\"2\":{\"Type\":\"1\",\"Id\":\"0\",\"GetNum\":\"3123321\"},\"3\":{\"Type\":\"1\",\"Id\":\"0\",\"GetNum\":\"1232132\"},\"4\":{\"Type\":\"1\",\"Id\":\"0\",\"GetNum\":\"321312\"},\"5\":{\"Type\":\"1\",\"Id\":\"0\",\"GetNum\":\"312312321\"},\"6\":{\"Type\":\"1\",\"Id\":\"0\",\"GetNum\":\"3213312\"},\"7\":{\"Type\":\"1\",\"Id\":\"0\",\"GetNum\":\"3123132\"},\"8\":{\"Type\":\"1\",\"Id\":\"0\",\"GetNum\":\"312321\"}}',1,0,NULL,3,1,12,NULL,4,321312,3,321,'','321312','312312','312312',2,2,1501140444,2,'2017-08-11 11:46:28','2017-07-27 15:27:24'),(6,'测试','321312','',1,'321312',0,1,2,1,321312,'{\"0\":{\"Type\":\"1\",\"Id\":\"3\",\"GetNum\":\"312312\"},\"2\":{\"Type\":\"1\",\"Id\":\"3\",\"GetNum\":\"3123321\"},\"3\":{\"Type\":\"1\",\"Id\":\"3\",\"GetNum\":\"1232132\"},\"4\":{\"Type\":\"1\",\"Id\":\"3\",\"GetNum\":\"321312\"},\"5\":{\"Type\":\"1\",\"Id\":\"3\",\"GetNum\":\"312312321\"},\"6\":{\"Type\":\"1\",\"Id\":\"3\",\"GetNum\":\"3213312\"},\"7\":{\"Type\":\"1\",\"Id\":\"3\",\"GetNum\":\"3123132\"},\"8\":{\"Type\":\"1\",\"Id\":\"3\",\"GetNum\":\"312321\"}}',1,0,NULL,3,1,0,NULL,4,321312,3,321,'','321312','312312','312312',2,2,1501140448,2,'2017-08-11 11:46:26','2017-07-27 15:27:28'),(7,'测试1','1','',3,'321312',233,2,1,2,321312,'[{\"Type\":\"1\",\"Id\":\"7\",\"GetNum\":\"1\"}]',1,0,NULL,1,1,0,NULL,4,321312,3,321,'1','1','1','1',2,2,1501140449,2,'2017-08-11 11:51:59','2017-07-27 15:27:29'),(8,'60000金币','60000','coin1.png',1,'0.01',0,1,1,1,60000,'',1,0,'1970-01-01',1,1,100,'',1,0,1,0,'','','','',0,0,1502423245,1,'2017-10-24 14:13:43','2017-08-11 11:47:25'),(9,'30万金币','300000','coin2.png',1,'6',0,1,1,1,300000,'',1,0,'1970-01-01',1,1,100,'',1,0,1,0,'','','','',0,0,1502423302,1,'2017-10-20 17:03:32','2017-08-11 11:48:22'),(10,'68万金币','680000','coin3.png',1,'68',0,1,1,1,680000,'',1,0,'1970-01-01',1,1,100,'',1,0,1,0,'','','','',0,0,1502423353,1,'2017-09-08 11:52:56','2017-08-11 11:49:13'),(11,'168万金币','1680000','coin4.png',1,'168',0,1,1,1,1680000,'',1,0,'1970-01-01',1,1,100,'',1,0,1,0,'','','','',0,0,1502423392,1,'2017-09-08 11:53:03','2017-08-11 11:49:52'),(12,'328万金币','3280000','coin5.png',1,'328',0,1,1,1,3280000,'',1,0,'1970-01-01',1,1,100,'',1,0,1,0,'','','','',0,0,1502423439,1,'2017-09-08 11:53:11','2017-08-11 11:50:39'),(13,'648万金币','6480000','coin6.png',1,'648',0,1,1,1,6480000,'',1,0,'1970-01-01',1,1,100,'',1,0,1,0,'','','','',0,0,1502423498,1,'2017-09-28 19:09:13','2017-08-11 11:51:38'),(14,'60钻石','60','diamond1.png',1,'6',0,1,2,2,60,'',1,0,'1970-01-01',1,1,100,'',1,0,1,0,'','','','',0,0,1502423611,1,'2017-09-08 11:53:38','2017-08-11 11:53:31'),(15,'300钻石','300','diamond2.png',1,'30',0,1,2,2,300,'',1,0,'1970-01-01',1,1,100,'',1,0,1,0,'','','','',0,0,1502423637,1,'2017-09-08 11:53:47','2017-08-11 11:53:57'),(16,'680钻石','680','diamond3.png',1,'68',0,1,2,2,680,'',1,0,'1970-01-01',1,1,100,'',1,0,1,0,'','','','',0,0,1502423719,1,'2017-09-08 11:53:55','2017-08-11 11:55:19'),(17,'1680钻石','1680','diamond4.png',1,'168',0,1,2,2,1680,'',1,0,'1970-01-01',1,1,100,'',1,0,1,0,'','','','',0,0,1502423790,1,'2017-09-08 11:54:11','2017-08-11 11:56:30'),(18,'自动发炮','1004','icon3.png',1,'1',0,1,0,0,1,'',3,0,'1970-01-01',1,1,0,'',1,0,1,0,'','','','',0,0,1502856196,1,'2017-09-21 05:54:03','2017-08-16 12:03:16'),(19,'捕渔券概率提升','1005','card_big.png',1,'0',0,1,0,0,1,'',3,0,'1970-01-01',1,1,0,'',1,0,1,0,'','','','',0,0,1502856414,1,'2017-09-08 11:52:15','2017-08-16 12:06:54'),(20,'3280钻石','3280','diamond5.png',1,'328',0,1,2,2,3280,'',1,0,'1970-01-01',1,1,100,'',1,0,1,0,'','','','',0,0,1502856830,1,'2017-09-08 11:54:20','2017-08-16 12:13:50'),(21,'锁定','道具','',1,'1',0,1,3,3,1,'',1,0,NULL,1,1,0,NULL,1,0,1,0,'','','','',0,0,1502857047,2,'2017-08-16 12:17:51','2017-08-16 12:17:27'),(22,'锁定','1002','',1,'1',0,1,3,0,1,'',1,0,NULL,1,1,0,NULL,1,0,1,0,'','','','',0,0,1502857127,2,'2017-08-16 12:18:58','2017-08-16 12:18:47'),(23,'6480钻石','6480','diamond6.png',1,'648',0,1,2,2,6480,'',1,0,'1970-01-01',1,1,100,'',1,0,1,0,'','','','',0,0,1502866288,1,'2017-09-08 11:54:28','2017-08-16 14:51:28'),(24,'首冲礼包','1002','',1,'0.01',0,1,0,4,1,'{\"0\":{\"Type\":\"1\",\"Id\":\"46\",\"GetNum\":\"1\"},\"2\":{\"Type\":\"2\",\"Id\":\"47\",\"GetNum\":\"1\"}}',2,0,'1970-01-01',1,1,0,'',5,0,1,0,'首冲礼包','','','',0,0,1502866444,1,'2017-10-24 14:33:21','2017-08-16 14:54:04'),(25,'月卡','2312','',1,'0.01',0,1,0,4,1,'{\"0\":{\"Type\":\"0\",\"Id\":\"18\",\"GetNum\":\"1\"},\"2\":{\"Type\":\"2\",\"Id\":\"19\",\"GetNum\":\"1\"},\"3\":{\"Type\":\"1\",\"Id\":\"36\",\"GetNum\":\"1\"},\"4\":{\"Type\":\"2\",\"Id\":\"37\",\"GetNum\":\"1\"},\"5\":{\"Type\":\"2\",\"Id\":\"27\",\"GetNum\":\"3\"},\"6\":{\"Type\":\"2\",\"Id\":\"26\",\"GetNum\":\"8\"}}',3,0,'1970-01-01',1,1,0,'',4,0,1,0,'','','','',0,0,1502868263,1,'2017-10-24 14:34:09','2017-08-16 15:24:23'),(26,'锁定*8/天','2','aim.png',1,'1',0,1,3,3,1,'',3,0,'1970-01-01',1,1,0,'',1,0,1,0,'','','','',0,0,1502868358,1,'2017-09-08 11:50:48','2017-08-16 15:25:58'),(27,'冰冻*3/天','1','ice.png',1,'1',0,1,3,3,1,'',3,0,'1970-01-01',1,1,0,'',1,0,1,0,'','','','',0,0,1502868462,1,'2017-09-08 11:51:03','2017-08-16 15:27:42'),(28,'10万金币','3123','coin2.png',4,'1000',0,1,1,1,100000,'',4,0,'1970-01-01',1,1,0,'',1,0,1,0,'','','','',0,0,1503649795,1,'2017-09-22 06:11:21','2017-08-25 16:29:55'),(29,'30万金币','321312','coin2.png',4,'3000',0,1,1,1,300000,'',4,0,'1970-01-01',1,1,0,'',1,0,1,0,'','','','',0,0,1503650087,1,'2017-09-22 06:13:40','2017-08-25 16:34:47'),(30,'青铜核弹','3','btnt1.png',4,'2500',0,1,3,3,1,'',4,0,'1970-01-01',1,1,0,'',1,0,1,0,'','','','',0,0,1503650132,2,'2017-09-01 11:57:57','2017-08-25 16:35:32'),(31,'蓝色核弹','4','btnt2.png',4,'12500',0,1,3,3,1,'',4,0,'1970-01-01',1,1,0,'',1,0,1,0,'','','','',0,0,1503652777,1,'2017-10-10 17:29:12','2017-08-25 17:19:37'),(32,'50元话费','321321','hf50.png',4,'5000',0,1,4,0,1,'',4,0,'1970-01-01',1,1,0,'50',1,0,1,0,'','','','',0,0,1503652851,1,'2017-09-20 03:04:10','2017-08-25 17:20:51'),(33,'100元话费','321321','hf100.png',4,'10000',0,1,4,0,1,'',4,0,'1970-01-01',1,1,0,'100',1,0,1,0,'','','','',0,0,1503657738,1,'2017-09-20 03:04:24','2017-08-25 18:42:18'),(34,'3211111','312111','32111',1,'312',0,1,1,1,312,'',0,0,'',1,1,0,NULL,1,0,1,0,'','','','',0,0,1503914276,2,'2017-08-28 17:58:27','2017-08-28 17:58:27'),(35,'渔券','6','card_big.png',0,'0',0,1,3,0,1,'',0,0,'',1,1,0,NULL,1,0,1,0,'','','','',0,0,1504065287,1,'2017-08-31 07:09:01','2017-08-30 11:54:47'),(36,'50000金币/天','50000','coin1.png',1,'0',0,1,1,0,50000,'',3,0,'',1,1,0,'',1,0,1,0,'','','','',0,0,1504079662,1,'2017-09-22 06:31:52','2017-08-30 15:54:22'),(37,'30钻石/天','30','diamond1.png',1,'0',0,1,2,0,30,'',3,0,'',1,1,0,'',1,0,1,0,'','','','',0,0,1504079771,1,'2017-09-22 06:34:20','2017-08-30 15:56:11'),(38,'300元京东卡','66666','jd300.png',4,'30000',0,1,5,0,1,'',4,0,'',1,1,0,'300',1,0,1,0,'','','','',0,0,1504089051,1,'2017-09-20 03:04:55','2017-08-30 18:30:51'),(39,'500元京东卡','77777','jd500.png',4,'50000',0,1,5,0,1,'',4,0,'',1,1,0,'500',1,0,1,0,'','','','',0,0,1504089105,1,'2017-09-20 03:05:05','2017-08-30 18:31:45'),(40,'50元话费卡','312321','321321',4,'50',0,1,4,0,1,'',4,0,'',1,1,0,NULL,1,0,1,0,'','','','',0,0,1504090689,2,'2017-08-30 18:58:41','2017-08-30 18:58:41'),(41,'6000金币','8888','gold_2.png',0,'0',0,1,1,1,6000,'',0,0,'',1,1,0,'',1,0,1,0,'','','','',0,0,1504147778,1,'2017-09-28 14:28:56','2017-08-31 10:49:38'),(42,'1金币','','coin2.png',0,'0',0,1,1,0,1,'',0,0,'',1,1,0,'',1,0,1,0,'','','','',0,0,1505723900,1,'2017-10-19 14:54:54','2017-09-18 16:39:12'),(43,'1钻石','','diamond2.png',0,'1',0,1,2,0,1,'',0,0,'',1,1,0,'',1,0,1,0,'','','','',0,0,1505723943,1,'2017-10-19 14:55:17','2017-09-18 16:39:55'),(44,'冰封','1','ice.png',0,'0',0,1,3,3,1,'',0,0,'',1,1,0,'',1,0,1,0,'','','','',0,0,1505963598,1,'2017-09-21 11:14:11','2017-09-21 11:14:11'),(45,'新手礼包','','3213',0,'0',0,1,0,4,1,'{\"0\":{\"Type\":\"1\",\"Id\":\"42\",\"GetNum\":\"20000\"},\"2\":{\"Type\":\"3\",\"Id\":\"35\",\"GetNum\":\"10\"},\"3\":{\"Type\":\"2\",\"Id\":\"43\",\"GetNum\":\"10\"}}',5,0,'',1,1,0,'',1,0,1,0,'','','','',0,0,1508380073,1,'2017-10-19 10:29:46','2017-10-19 10:27:53'),(46,'20万金币','','coin2.png',0,'0',0,1,1,1,200000,'',2,0,'',1,1,0,'',1,0,1,0,'','','','',0,0,1508403349,1,'2017-10-19 16:56:16','2017-10-19 16:55:49'),(47,'200钻石','','diamond2.png',0,'0',0,1,2,1,200,'',2,0,'',1,1,0,'',1,0,1,0,'','','','',0,0,1508403423,1,'2017-10-19 16:57:03','2017-10-19 16:57:03');

/*Table structure for table `jy_horse_race_lamp` */

DROP TABLE IF EXISTS `jy_horse_race_lamp`;

CREATE TABLE `jy_horse_race_lamp` (
  `Id` int(11) unsigned NOT NULL AUTO_INCREMENT COMMENT '跑马灯',
  `Content` varchar(255) NOT NULL COMMENT '内容',
  `Status` tinyint(1) NOT NULL COMMENT '是否已发送 1-否 2-是',
  `Timing` tinyint(1) NOT NULL DEFAULT '1' COMMENT '是否定时发送 1-否 2-是',
  `Sort` int(4) unsigned NOT NULL DEFAULT '0' COMMENT '优先级',
  `Channel` int(11) NOT NULL COMMENT '渠道',
  `Btime` timestamp NOT NULL DEFAULT CURRENT_TIMESTAMP COMMENT '过期时间',
  `Remark` varchar(255) NOT NULL COMMENT '备注',
  `DateTime` timestamp NOT NULL DEFAULT CURRENT_TIMESTAMP COMMENT '创建时间',
  PRIMARY KEY (`Id`),
  KEY `Timing` (`Timing`,`Btime`),
  KEY `Sort` (`Sort`)
) ENGINE=InnoDB AUTO_INCREMENT=13 DEFAULT CHARSET=utf8;

/*Data for the table `jy_horse_race_lamp` */

insert  into `jy_horse_race_lamp`(`Id`,`Content`,`Status`,`Timing`,`Sort`,`Channel`,`Btime`,`Remark`,`DateTime`) values (1,'大吉大利，晚上吃鸡!',2,2,2,0,'2017-10-25 18:13:51','1232','2017-09-15 16:23:42'),(4,'测试跑马灯',2,2,0,12,'2017-10-17 14:46:58','11321','2017-10-09 14:47:10'),(5,'eqweqw',2,1,312,0,'2017-10-11 17:22:05','312','2017-10-11 17:22:05'),(6,'trtrtrrtrttrtr',2,2,1,0,'2017-10-13 20:11:03','','2017-10-13 20:11:03'),(7,'gfdgfdgd',2,1,1,0,'2017-10-13 20:11:40','','2017-10-13 20:11:40'),(8,'321',1,1,0,0,'2017-10-16 15:42:32','321','2017-10-16 15:42:35'),(9,'定时:321321',2,1,32,0,'2017-10-16 15:51:01','31232','2017-10-16 15:51:01'),(10,'tetetetet',2,1,0,11,'2017-10-18 15:31:18','','2017-10-18 15:31:18'),(11,'渠道公告测试',2,1,0,11,'2017-10-18 15:32:55','','2017-10-18 15:32:55'),(12,'渠道公告测试',2,2,0,11,'2017-10-19 15:33:26','','2017-10-18 15:33:49');

/*Table structure for table `jy_novice_pack_log` */

DROP TABLE IF EXISTS `jy_novice_pack_log`;

CREATE TABLE `jy_novice_pack_log` (
  `Id` int(11) unsigned NOT NULL AUTO_INCREMENT COMMENT '新手礼包记录',
  `playerid` bigint(20) unsigned NOT NULL,
  `Code` varchar(20) NOT NULL,
  `Number` int(11) unsigned NOT NULL,
  `Type` tinyint(3) unsigned NOT NULL,
  `Channel` varchar(50) NOT NULL,
  `DateTime` timestamp NOT NULL DEFAULT CURRENT_TIMESTAMP,
  PRIMARY KEY (`Id`),
  KEY `playerid` (`playerid`)
) ENGINE=MyISAM AUTO_INCREMENT=299 DEFAULT CHARSET=utf8;

/*Data for the table `jy_novice_pack_log` */

insert  into `jy_novice_pack_log`(`Id`,`playerid`,`Code`,`Number`,`Type`,`Channel`,`DateTime`) values (43,101901,'',10,2,'13724894160','2017-10-19 15:36:35'),(42,101901,'',20000,1,'13724894160','2017-10-19 15:36:35'),(35,101901,'6',10,3,'13724894160','2017-10-19 15:36:35'),(44,101909,'6',10,3,'JYHD_0','2017-10-19 15:37:08'),(45,101909,'',20000,1,'JYHD_0','2017-10-19 15:37:08'),(46,101909,'',10,2,'JYHD_0','2017-10-19 15:37:08'),(47,131773,'6',10,3,'JYHD_0','2017-10-19 15:44:39'),(48,131773,'',20000,1,'JYHD_0','2017-10-19 15:44:39'),(49,131773,'',10,2,'JYHD_0','2017-10-19 15:44:39'),(50,131792,'6',10,3,'JYHD_0','2017-10-19 15:44:55'),(51,131792,'',20000,1,'JYHD_0','2017-10-19 15:44:55'),(52,131792,'',10,2,'JYHD_0','2017-10-19 15:44:55'),(53,131795,'6',10,3,'JYHD_0','2017-10-19 15:45:04'),(54,131795,'',20000,1,'JYHD_0','2017-10-19 15:45:04'),(55,131795,'',10,2,'JYHD_0','2017-10-19 15:45:04'),(56,131804,'6',10,3,'JYHD_0','2017-10-19 15:46:06'),(57,131804,'',20000,1,'JYHD_0','2017-10-19 15:46:06'),(58,131804,'',10,2,'JYHD_0','2017-10-19 15:46:06'),(59,131809,'6',10,3,'JYHD_0','2017-10-19 15:46:34'),(60,131809,'',20000,1,'JYHD_0','2017-10-19 15:46:34'),(61,131809,'',10,2,'JYHD_0','2017-10-19 15:46:34'),(62,131822,'6',10,3,'JYHD_0','2017-10-19 15:46:41'),(63,131822,'',20000,1,'JYHD_0','2017-10-19 15:46:41'),(64,131822,'',10,2,'JYHD_0','2017-10-19 15:46:41'),(65,131823,'6',10,3,'JYHD_0','2017-10-19 15:47:23'),(66,131823,'',20000,1,'JYHD_0','2017-10-19 15:47:23'),(67,131823,'',10,2,'JYHD_0','2017-10-19 15:47:23'),(68,131843,'6',10,3,'JYHD_0','2017-10-19 15:47:49'),(69,131843,'',20000,1,'JYHD_0','2017-10-19 15:47:49'),(70,131843,'',10,2,'JYHD_0','2017-10-19 15:47:49'),(71,131862,'6',10,3,'JYHD_0','2017-10-19 15:48:56'),(72,131862,'',20000,1,'JYHD_0','2017-10-19 15:48:56'),(73,131862,'',10,2,'JYHD_0','2017-10-19 15:48:56'),(74,131870,'6',10,3,'JYHD_0','2017-10-19 15:49:06'),(75,131870,'',20000,1,'JYHD_0','2017-10-19 15:49:06'),(76,131870,'',10,2,'JYHD_0','2017-10-19 15:49:06'),(77,131908,'6',10,3,'JYHD_0','2017-10-19 15:50:22'),(78,131908,'',20000,1,'JYHD_0','2017-10-19 15:50:22'),(79,131908,'',10,2,'JYHD_0','2017-10-19 15:50:22'),(80,131919,'6',10,3,'JYHD_0','2017-10-19 15:52:16'),(81,131919,'',20000,1,'JYHD_0','2017-10-19 15:52:16'),(82,131919,'',10,2,'JYHD_0','2017-10-19 15:52:16'),(83,131920,'6',10,3,'JYHD_0','2017-10-19 15:54:00'),(84,131920,'',20000,1,'JYHD_0','2017-10-19 15:54:00'),(85,131920,'',10,2,'JYHD_0','2017-10-19 15:54:00'),(86,131948,'6',10,3,'JYHD_0','2017-10-19 15:59:50'),(87,131948,'',20000,1,'JYHD_0','2017-10-19 15:59:50'),(88,131948,'',10,2,'JYHD_0','2017-10-19 15:59:50'),(89,131961,'6',10,3,'JYHD_0','2017-10-19 16:00:29'),(90,131961,'',20000,1,'JYHD_0','2017-10-19 16:00:29'),(91,131961,'',10,2,'JYHD_0','2017-10-19 16:00:29'),(92,131972,'6',10,3,'JYHD_0','2017-10-19 16:01:03'),(93,131972,'',20000,1,'JYHD_0','2017-10-19 16:01:03'),(94,131972,'',10,2,'JYHD_0','2017-10-19 16:01:03'),(95,132002,'6',10,3,'JYHD_0','2017-10-19 16:04:38'),(96,132002,'',20000,1,'JYHD_0','2017-10-19 16:04:38'),(97,132002,'',10,2,'JYHD_0','2017-10-19 16:04:38'),(98,132020,'6',10,3,'JYHD_0','2017-10-19 16:07:04'),(99,132020,'',20000,1,'JYHD_0','2017-10-19 16:07:04'),(100,132020,'',10,2,'JYHD_0','2017-10-19 16:07:04'),(101,132025,'6',10,3,'JYHD_0','2017-10-19 16:08:59'),(102,132025,'',20000,1,'JYHD_0','2017-10-19 16:08:59'),(103,132025,'',10,2,'JYHD_0','2017-10-19 16:08:59'),(104,132045,'6',10,3,'JYHD_0','2017-10-19 16:13:36'),(105,132045,'',20000,1,'JYHD_0','2017-10-19 16:13:36'),(106,132045,'',10,2,'JYHD_0','2017-10-19 16:13:36'),(107,132048,'6',10,3,'JYHD_0','2017-10-19 16:18:13'),(108,132048,'',20000,1,'JYHD_0','2017-10-19 16:18:13'),(109,132048,'',10,2,'JYHD_0','2017-10-19 16:18:13'),(110,132080,'6',10,3,'JYHD_0','2017-10-19 16:20:35'),(111,132080,'',20000,1,'JYHD_0','2017-10-19 16:20:35'),(112,132080,'',10,2,'JYHD_0','2017-10-19 16:20:35'),(113,132099,'6',10,3,'JYHD_0','2017-10-19 16:29:04'),(114,132099,'',20000,1,'JYHD_0','2017-10-19 16:29:04'),(115,132099,'',10,2,'JYHD_0','2017-10-19 16:29:04'),(116,132117,'6',10,3,'JYHD_0','2017-10-19 16:35:09'),(117,132117,'',20000,1,'JYHD_0','2017-10-19 16:35:09'),(118,132117,'',10,2,'JYHD_0','2017-10-19 16:35:09'),(119,132132,'6',10,3,'JYHD_0','2017-10-19 16:36:00'),(120,132132,'',20000,1,'JYHD_0','2017-10-19 16:36:00'),(121,132132,'',10,2,'JYHD_0','2017-10-19 16:36:00'),(122,132149,'6',10,3,'JYHD_0','2017-10-19 16:36:13'),(123,132149,'',20000,1,'JYHD_0','2017-10-19 16:36:13'),(124,132149,'',10,2,'JYHD_0','2017-10-19 16:36:13'),(125,132179,'6',10,3,'JYHD_0','2017-10-19 17:20:18'),(126,132179,'',20000,1,'JYHD_0','2017-10-19 17:20:18'),(127,132179,'',10,2,'JYHD_0','2017-10-19 17:20:18'),(128,132191,'6',10,3,'JYHD_0','2017-10-19 17:20:43'),(129,132191,'',20000,1,'JYHD_0','2017-10-19 17:20:43'),(130,132191,'',10,2,'JYHD_0','2017-10-19 17:20:43'),(131,132207,'6',10,3,'JYHD_0','2017-10-19 17:20:57'),(132,132207,'',20000,1,'JYHD_0','2017-10-19 17:20:57'),(133,132207,'',10,2,'JYHD_0','2017-10-19 17:20:57'),(134,132220,'6',10,3,'JYHD_0','2017-10-19 17:21:10'),(135,132220,'',20000,1,'JYHD_0','2017-10-19 17:21:10'),(136,132220,'',10,2,'JYHD_0','2017-10-19 17:21:10'),(137,132227,'6',10,3,'JYHD_0','2017-10-19 17:21:31'),(138,132227,'',20000,1,'JYHD_0','2017-10-19 17:21:31'),(139,132227,'',10,2,'JYHD_0','2017-10-19 17:21:31'),(140,132228,'6',10,3,'JYHD_0','2017-10-19 17:21:46'),(141,132228,'',20000,1,'JYHD_0','2017-10-19 17:21:46'),(142,132228,'',10,2,'JYHD_0','2017-10-19 17:21:46'),(143,132236,'6',10,3,'JYHD_0','2017-10-19 17:21:52'),(144,132236,'',20000,1,'JYHD_0','2017-10-19 17:21:52'),(145,132236,'',10,2,'JYHD_0','2017-10-19 17:21:52'),(146,132256,'6',10,3,'JYHD_0','2017-10-19 17:22:00'),(147,132256,'',20000,1,'JYHD_0','2017-10-19 17:22:00'),(148,132256,'',10,2,'JYHD_0','2017-10-19 17:22:00'),(149,132271,'6',10,3,'JYHD_0','2017-10-19 17:27:53'),(150,132271,'',20000,1,'JYHD_0','2017-10-19 17:27:53'),(151,132271,'',10,2,'JYHD_0','2017-10-19 17:27:53'),(152,132278,'6',10,3,'JYHD_0','2017-10-19 17:28:18'),(153,132278,'',20000,1,'JYHD_0','2017-10-19 17:28:18'),(154,132278,'',10,2,'JYHD_0','2017-10-19 17:28:18'),(155,132291,'6',10,3,'JYHD_0','2017-10-19 17:28:26'),(156,132291,'',20000,1,'JYHD_0','2017-10-19 17:28:26'),(157,132291,'',10,2,'JYHD_0','2017-10-19 17:28:26'),(158,132300,'6',10,3,'JYHD_0','2017-10-19 17:28:52'),(159,132300,'',20000,1,'JYHD_0','2017-10-19 17:28:52'),(160,132300,'',10,2,'JYHD_0','2017-10-19 17:28:52'),(161,132316,'6',10,3,'JYHD_0','2017-10-19 17:29:50'),(162,132316,'',20000,1,'JYHD_0','2017-10-19 17:29:50'),(163,132316,'',10,2,'JYHD_0','2017-10-19 17:29:50'),(164,132319,'6',10,3,'JYHD_0','2017-10-19 17:33:42'),(165,132319,'',20000,1,'JYHD_0','2017-10-19 17:33:42'),(166,132319,'',10,2,'JYHD_0','2017-10-19 17:33:42'),(167,132366,'6',10,3,'JYHD_0','2017-10-20 10:15:03'),(168,132366,'',20000,1,'JYHD_0','2017-10-20 10:15:03'),(169,132366,'',10,2,'JYHD_0','2017-10-20 10:15:03'),(170,132380,'6',10,3,'JYHD_0','2017-10-20 10:15:55'),(171,132380,'',20000,1,'JYHD_0','2017-10-20 10:15:55'),(172,132380,'',10,2,'JYHD_0','2017-10-20 10:15:55'),(173,132396,'6',10,3,'JYHD_0','2017-10-20 10:18:56'),(174,132396,'',20000,1,'JYHD_0','2017-10-20 10:18:56'),(175,132396,'',10,2,'JYHD_0','2017-10-20 10:18:56'),(176,132414,'6',10,3,'JYHD_0','2017-10-20 10:39:43'),(177,132414,'',20000,1,'JYHD_0','2017-10-20 10:39:43'),(178,132414,'',10,2,'JYHD_0','2017-10-20 10:39:43'),(179,132460,'6',10,3,'JYHD_0','2017-10-20 10:55:57'),(180,132460,'',20000,1,'JYHD_0','2017-10-20 10:55:57'),(181,132460,'',10,2,'JYHD_0','2017-10-20 10:55:57'),(182,132480,'6',10,3,'JYHD_0','2017-10-20 10:57:47'),(183,132480,'',20000,1,'JYHD_0','2017-10-20 10:57:47'),(184,132480,'',10,2,'JYHD_0','2017-10-20 10:57:47'),(185,132507,'6',10,3,'JYHD_0','2017-10-20 10:59:31'),(186,132507,'',20000,1,'JYHD_0','2017-10-20 10:59:31'),(187,132507,'',10,2,'JYHD_0','2017-10-20 10:59:31'),(188,132513,'6',10,3,'JYHD_0','2017-10-20 11:02:02'),(189,132513,'',20000,1,'JYHD_0','2017-10-20 11:02:02'),(190,132513,'',10,2,'JYHD_0','2017-10-20 11:02:02'),(191,132516,'6',10,3,'JYHD_0','2017-10-20 11:02:58'),(192,132516,'',20000,1,'JYHD_0','2017-10-20 11:02:58'),(193,132516,'',10,2,'JYHD_0','2017-10-20 11:02:58'),(194,132523,'6',10,3,'JYHD_0','2017-10-20 11:04:05'),(195,132523,'',20000,1,'JYHD_0','2017-10-20 11:04:05'),(196,132523,'',10,2,'JYHD_0','2017-10-20 11:04:05'),(197,132541,'6',10,3,'JYHD_0','2017-10-20 11:11:36'),(198,132541,'',20000,1,'JYHD_0','2017-10-20 11:11:36'),(199,132541,'',10,2,'JYHD_0','2017-10-20 11:11:36'),(200,132561,'6',10,3,'JYHD_0','2017-10-20 11:20:42'),(201,132561,'',20000,1,'JYHD_0','2017-10-20 11:20:42'),(202,132561,'',10,2,'JYHD_0','2017-10-20 11:20:42'),(203,132578,'6',10,3,'JYHD_0','2017-10-20 11:21:19'),(204,132578,'',20000,1,'JYHD_0','2017-10-20 11:21:19'),(205,132578,'',10,2,'JYHD_0','2017-10-20 11:21:19'),(206,132591,'6',10,3,'JYHD_0','2017-10-20 11:22:11'),(207,132591,'',20000,1,'JYHD_0','2017-10-20 11:22:11'),(208,132591,'',10,2,'JYHD_0','2017-10-20 11:22:11'),(209,132592,'6',10,3,'JYHD_0','2017-10-20 11:22:47'),(210,132592,'',20000,1,'JYHD_0','2017-10-20 11:22:47'),(211,132592,'',10,2,'JYHD_0','2017-10-20 11:22:47'),(212,132601,'6',10,3,'JYHD_0','2017-10-20 11:23:47'),(213,132601,'',20000,1,'JYHD_0','2017-10-20 11:23:47'),(214,132601,'',10,2,'JYHD_0','2017-10-20 11:23:47'),(215,132621,'6',10,3,'JYHD_0','2017-10-20 14:23:50'),(216,132621,'',20000,1,'JYHD_0','2017-10-20 14:23:50'),(217,132621,'',10,2,'JYHD_0','2017-10-20 14:23:50'),(218,132625,'6',10,3,'JYHD_0','2017-10-20 14:27:34'),(219,132625,'',20000,1,'JYHD_0','2017-10-20 14:27:34'),(220,132625,'',10,2,'JYHD_0','2017-10-20 14:27:34'),(221,132641,'6',10,3,'JYHD_0','2017-10-20 14:28:04'),(222,132641,'',20000,1,'JYHD_0','2017-10-20 14:28:04'),(223,132641,'',10,2,'JYHD_0','2017-10-20 14:28:04'),(224,132651,'6',10,3,'JYHD_0','2017-10-20 14:29:26'),(225,132651,'',20000,1,'JYHD_0','2017-10-20 14:29:26'),(226,132651,'',10,2,'JYHD_0','2017-10-20 14:29:26'),(227,113927,'6',10,3,'JYHD_0','2017-10-20 15:01:57'),(228,113927,'',20000,1,'JYHD_0','2017-10-20 15:01:57'),(229,113927,'',10,2,'JYHD_0','2017-10-20 15:01:57'),(230,132652,'6',10,3,'JYHD_0','2017-10-20 15:02:34'),(231,132652,'',20000,1,'JYHD_0','2017-10-20 15:02:34'),(232,132652,'',10,2,'JYHD_0','2017-10-20 15:02:34'),(233,103212,'6',10,3,'JYHD_0','2017-10-20 15:37:00'),(234,103212,'',20000,1,'JYHD_0','2017-10-20 15:37:00'),(235,103212,'',10,2,'JYHD_0','2017-10-20 15:37:00'),(236,100049,'6',10,3,'JYHD_0','2017-10-20 15:37:10'),(237,100049,'',20000,1,'JYHD_0','2017-10-20 15:37:10'),(238,100049,'',10,2,'JYHD_0','2017-10-20 15:37:10'),(239,101534,'6',10,3,'JYHD_0','2017-10-20 15:39:04'),(240,101534,'',20000,1,'JYHD_0','2017-10-20 15:39:04'),(241,101534,'',10,2,'JYHD_0','2017-10-20 15:39:04'),(242,103004,'6',10,3,'JYHD_0','2017-10-20 15:43:57'),(243,103004,'',20000,1,'JYHD_0','2017-10-20 15:43:57'),(244,103004,'',10,2,'JYHD_0','2017-10-20 15:43:57'),(245,101663,'6',10,3,'JYHD_0','2017-10-20 15:52:51'),(246,101663,'',20000,1,'JYHD_0','2017-10-20 15:52:51'),(247,101663,'',10,2,'JYHD_0','2017-10-20 15:52:51'),(248,102749,'6',10,3,'JYHD_0','2017-10-20 16:18:40'),(249,102749,'',20000,1,'JYHD_0','2017-10-20 16:18:40'),(250,102749,'',10,2,'JYHD_0','2017-10-20 16:18:40'),(251,103343,'6',10,3,'JYHD_0','2017-10-21 12:11:30'),(252,103343,'',20000,1,'JYHD_0','2017-10-21 12:11:30'),(253,103343,'',10,2,'JYHD_0','2017-10-21 12:11:30'),(254,103345,'6',10,3,'JYHD_0','2017-10-21 16:01:44'),(255,103345,'',20000,1,'JYHD_0','2017-10-21 16:01:44'),(256,103345,'',10,2,'JYHD_0','2017-10-21 16:01:44'),(257,100037,'6',10,3,'JYHD_0','2017-10-23 18:55:47'),(258,100037,'',20000,1,'JYHD_0','2017-10-23 18:55:47'),(259,100037,'',10,2,'JYHD_0','2017-10-23 18:55:47'),(260,103360,'6',10,3,'JYHD_0','2017-10-23 19:00:21'),(261,103360,'',20000,1,'JYHD_0','2017-10-23 19:00:21'),(262,103360,'',10,2,'JYHD_0','2017-10-23 19:00:21'),(263,100646,'6',10,3,'JYHD_0','2017-10-23 19:26:31'),(264,100646,'',20000,1,'JYHD_0','2017-10-23 19:26:31'),(265,100646,'',10,2,'JYHD_0','2017-10-23 19:26:31'),(266,103375,'6',10,3,'JYHD_0','2017-10-23 19:28:04'),(267,103375,'',20000,1,'JYHD_0','2017-10-23 19:28:04'),(268,103375,'',10,2,'JYHD_0','2017-10-23 19:28:04'),(269,100035,'6',10,3,'JYHD_0','2017-10-23 22:50:34'),(270,100035,'',20000,1,'JYHD_0','2017-10-23 22:50:34'),(271,100035,'',10,2,'JYHD_0','2017-10-23 22:50:34'),(272,102498,'6',10,3,'JYHD_0','2017-10-24 11:18:06'),(273,102498,'',20000,1,'JYHD_0','2017-10-24 11:18:06'),(274,102498,'',10,2,'JYHD_0','2017-10-24 11:18:06'),(275,103387,'6',10,3,'JYHD_0','2017-10-24 12:10:47'),(276,103387,'',20000,1,'JYHD_0','2017-10-24 12:10:47'),(277,103387,'',10,2,'JYHD_0','2017-10-24 12:10:47'),(278,103393,'6',10,3,'JYHD_0','2017-10-26 02:05:27'),(279,103393,'',20000,1,'JYHD_0','2017-10-26 02:05:27'),(280,103393,'',10,2,'JYHD_0','2017-10-26 02:05:27'),(281,102691,'6',10,3,'JYHD_0','2017-10-26 10:12:07'),(282,102691,'',20000,1,'JYHD_0','2017-10-26 10:12:07'),(283,102691,'',10,2,'JYHD_0','2017-10-26 10:12:07'),(284,103406,'6',10,3,'JYHD_0','2017-10-26 13:31:54'),(285,103406,'',20000,1,'JYHD_0','2017-10-26 13:31:54'),(286,103406,'',10,2,'JYHD_0','2017-10-26 13:31:54'),(287,103424,'6',10,3,'JYHD_0','2017-10-27 15:58:56'),(288,103424,'',20000,1,'JYHD_0','2017-10-27 15:58:56'),(289,103424,'',10,2,'JYHD_0','2017-10-27 15:58:56'),(290,103434,'6',10,3,'JYHD_0','2017-10-27 16:43:19'),(291,103434,'',20000,1,'JYHD_0','2017-10-27 16:43:19'),(292,103434,'',10,2,'JYHD_0','2017-10-27 16:43:19'),(293,103436,'6',10,3,'JYHD_0','2017-10-27 16:46:44'),(294,103436,'',20000,1,'JYHD_0','2017-10-27 16:46:44'),(295,103436,'',10,2,'JYHD_0','2017-10-27 16:46:44'),(296,102028,'6',10,3,'JYHD_0','2017-10-27 17:18:06'),(297,102028,'',20000,1,'JYHD_0','2017-10-27 17:18:06'),(298,102028,'',10,2,'JYHD_0','2017-10-27 17:18:06');

/*Table structure for table `jy_prop_list` */

DROP TABLE IF EXISTS `jy_prop_list`;

CREATE TABLE `jy_prop_list` (
  `Name` varchar(255) NOT NULL COMMENT '名称',
  `Code` int(11) unsigned NOT NULL COMMENT '道具ID',
  PRIMARY KEY (`Code`)
) ENGINE=InnoDB DEFAULT CHARSET=utf8;

/*Data for the table `jy_prop_list` */

insert  into `jy_prop_list`(`Name`,`Code`) values ('冰封',1),('锁定',2),('小炮弹',3),('中炮弹',4),('大炮弹',5),('渔劵',6);

/*Table structure for table `jy_real_time_online` */

DROP TABLE IF EXISTS `jy_real_time_online`;

CREATE TABLE `jy_real_time_online` (
  `Id` int(11) unsigned NOT NULL AUTO_INCREMENT COMMENT '在线人数',
  `UserNum` int(11) NOT NULL COMMENT '人数',
  `Screenings` tinyint(1) NOT NULL COMMENT '场次',
  `Channel` varchar(50) DEFAULT NULL COMMENT '渠道',
  `DateTime` timestamp NOT NULL DEFAULT CURRENT_TIMESTAMP COMMENT '统计时间',
  PRIMARY KEY (`Id`),
  KEY `DateTime` (`DateTime`,`Screenings`)
) ENGINE=MyISAM AUTO_INCREMENT=142 DEFAULT CHARSET=utf8;

/*Data for the table `jy_real_time_online` */

insert  into `jy_real_time_online`(`Id`,`UserNum`,`Screenings`,`Channel`,`DateTime`) values (138,5,-1,NULL,'2017-10-27 17:30:01'),(139,5,-1,NULL,'2017-10-27 17:40:01'),(140,5,-1,NULL,'2017-10-27 17:50:01'),(141,5,-1,NULL,'2017-10-27 18:00:01');

/*Table structure for table `jy_register_macrodata` */

DROP TABLE IF EXISTS `jy_register_macrodata`;

CREATE TABLE `jy_register_macrodata` (
  `Id` int(11) unsigned NOT NULL AUTO_INCREMENT COMMENT '注册分析宏观数据',
  `UserNum` int(11) unsigned NOT NULL COMMENT '注册人数',
  `UserGame` int(11) unsigned NOT NULL COMMENT '游戏人数',
  `UserPayNum` int(11) unsigned NOT NULL COMMENT '付费用户',
  `PayNum` int(11) unsigned NOT NULL COMMENT '付费次数',
  `PayMoney` int(11) unsigned NOT NULL COMMENT '付费金额',
  `BankruptcyNum` int(11) unsigned NOT NULL COMMENT '破产用户',
  `BankruptcyNum30` int(11) NOT NULL COMMENT '充值30内破产',
  `DateTime` timestamp NOT NULL DEFAULT CURRENT_TIMESTAMP COMMENT '创建时间',
  PRIMARY KEY (`Id`),
  KEY `DateTime` (`DateTime`)
) ENGINE=MyISAM DEFAULT CHARSET=utf8;

/*Data for the table `jy_register_macrodata` */

/*Table structure for table `jy_seven_days_sign` */

DROP TABLE IF EXISTS `jy_seven_days_sign`;

CREATE TABLE `jy_seven_days_sign` (
  `Id` int(4) unsigned NOT NULL AUTO_INCREMENT COMMENT '七天签到',
  `IsExceed` tinyint(1) NOT NULL DEFAULT '1' COMMENT '是否超过28天 1-否 2-是',
  `Day` int(4) unsigned NOT NULL COMMENT '第几天',
  `GoodsID` int(11) unsigned NOT NULL COMMENT '物品ID',
  `Type` tinyint(1) unsigned NOT NULL COMMENT '物品类型',
  `Number` int(11) NOT NULL COMMENT '数量',
  `ImgCode` varchar(50) NOT NULL COMMENT '图片标识',
  `DateTime` timestamp NOT NULL DEFAULT CURRENT_TIMESTAMP COMMENT '创建时间',
  PRIMARY KEY (`Id`),
  KEY `IsExceed` (`IsExceed`)
) ENGINE=MyISAM AUTO_INCREMENT=31 DEFAULT CHARSET=utf8;

/*Data for the table `jy_seven_days_sign` */

insert  into `jy_seven_days_sign`(`Id`,`IsExceed`,`Day`,`GoodsID`,`Type`,`Number`,`ImgCode`,`DateTime`) values (1,1,1,41,1,1,'coin1.png','2017-08-03 14:53:08'),(21,1,7,41,1,3,'coin1.png','2017-08-28 16:55:40'),(3,1,3,35,3,150,'card_big.png','2017-08-03 14:53:23'),(4,1,4,41,1,2,'coin1.png','2017-08-03 14:53:32'),(11,1,5,41,1,2,'coin1.png','2017-08-03 19:21:40'),(6,1,6,41,1,2,'coin1.png','2017-08-03 14:53:55'),(13,1,2,41,1,2,'coin1.png','2017-08-07 20:01:04'),(25,2,7,41,1,3,'coin1.png','2017-08-28 17:11:04'),(18,2,5,41,1,2,'coin1.png','2017-08-10 14:57:10'),(24,2,6,41,1,2,'coin1.png','2017-08-28 17:10:02'),(27,2,1,41,1,2,'coin1.png','2017-08-30 12:26:34'),(28,2,3,41,1,2,'coin1.png','2017-08-30 12:26:45'),(29,2,2,41,1,2,'coin1.png','2017-08-30 12:30:22'),(30,2,4,41,1,2,'coin1.png','2017-08-30 12:30:33');

/*Table structure for table `jy_statistics_activem_acroscopic` */

DROP TABLE IF EXISTS `jy_statistics_activem_acroscopic`;

CREATE TABLE `jy_statistics_activem_acroscopic` (
  `Id` int(11) unsigned NOT NULL AUTO_INCREMENT COMMENT '统计活跃-宏观数据',
  `UserNum` int(11) unsigned NOT NULL DEFAULT '0' COMMENT '用户数量',
  `WAU` int(11) unsigned NOT NULL DEFAULT '0' COMMENT '7内',
  `MAU` int(11) unsigned NOT NULL DEFAULT '0' COMMENT '30天内',
  `UserPayNum` int(11) unsigned NOT NULL DEFAULT '0' COMMENT '付费用户数量',
  `UserGame` int(11) unsigned NOT NULL DEFAULT '0' COMMENT '用户游戏数量',
  `BankruptcyNum` int(11) unsigned NOT NULL DEFAULT '0' COMMENT '破产数量',
  `BankruptcyNum30` int(11) unsigned NOT NULL DEFAULT '0' COMMENT '付费30分钟破产',
  `DateTime` timestamp NOT NULL DEFAULT CURRENT_TIMESTAMP COMMENT '统计时间',
  PRIMARY KEY (`Id`),
  KEY `DateTime` (`DateTime`)
) ENGINE=InnoDB DEFAULT CHARSET=utf8;

/*Data for the table `jy_statistics_activem_acroscopic` */

/*Table structure for table `jy_statistics_activem_diamond` */

DROP TABLE IF EXISTS `jy_statistics_activem_diamond`;

CREATE TABLE `jy_statistics_activem_diamond` (
  `Id` int(11) unsigned NOT NULL AUTO_INCREMENT COMMENT '活跃统计-钻石',
  `GroupID` int(11) unsigned NOT NULL DEFAULT '0' COMMENT '区间组ID',
  `UserNum` int(11) unsigned NOT NULL DEFAULT '0' COMMENT '用户数量',
  `DateTime` timestamp NOT NULL DEFAULT CURRENT_TIMESTAMP ON UPDATE CURRENT_TIMESTAMP COMMENT '统计时间',
  KEY `Id` (`Id`),
  KEY `DateTime` (`DateTime`,`GroupID`)
) ENGINE=MyISAM DEFAULT CHARSET=utf8;

/*Data for the table `jy_statistics_activem_diamond` */

/*Table structure for table `jy_statistics_activem_gold` */

DROP TABLE IF EXISTS `jy_statistics_activem_gold`;

CREATE TABLE `jy_statistics_activem_gold` (
  `Id` int(11) unsigned NOT NULL AUTO_INCREMENT COMMENT '活跃金币统计',
  `GroupID` int(11) unsigned NOT NULL DEFAULT '0' COMMENT '区间范围ID',
  `UserNum` int(11) unsigned NOT NULL DEFAULT '0' COMMENT '用户数量',
  `DateTime` timestamp NOT NULL DEFAULT CURRENT_TIMESTAMP COMMENT '统计时间',
  PRIMARY KEY (`Id`),
  KEY `DateTime` (`DateTime`)
) ENGINE=MyISAM DEFAULT CHARSET=utf8;

/*Data for the table `jy_statistics_activem_gold` */

/*Table structure for table `jy_statistics_activem_level` */

DROP TABLE IF EXISTS `jy_statistics_activem_level`;

CREATE TABLE `jy_statistics_activem_level` (
  `Id` int(11) unsigned NOT NULL AUTO_INCREMENT COMMENT '活跃统计-等级',
  `Level` int(6) unsigned NOT NULL COMMENT '等级',
  `UserNum` int(11) unsigned NOT NULL COMMENT '用户数量',
  `DateTime` timestamp NOT NULL DEFAULT CURRENT_TIMESTAMP ON UPDATE CURRENT_TIMESTAMP COMMENT '统计时间',
  PRIMARY KEY (`Id`),
  KEY `DateTime` (`DateTime`,`Level`)
) ENGINE=InnoDB DEFAULT CHARSET=utf8;

/*Data for the table `jy_statistics_activem_level` */

/*Table structure for table `jy_statistics_activem_version` */

DROP TABLE IF EXISTS `jy_statistics_activem_version`;

CREATE TABLE `jy_statistics_activem_version` (
  `Id` int(11) unsigned NOT NULL AUTO_INCREMENT COMMENT '活跃统计-版本号',
  `Version` varchar(255) NOT NULL COMMENT '版本号',
  `UserNum` int(11) NOT NULL COMMENT '用户数量',
  `DateTime` timestamp NOT NULL DEFAULT CURRENT_TIMESTAMP COMMENT '统计时间',
  PRIMARY KEY (`Id`)
) ENGINE=InnoDB DEFAULT CHARSET=utf8;

/*Data for the table `jy_statistics_activem_version` */

/*Table structure for table `jy_statistics_gold` */

DROP TABLE IF EXISTS `jy_statistics_gold`;

CREATE TABLE `jy_statistics_gold` (
  `Id` int(11) unsigned NOT NULL AUTO_INCREMENT COMMENT '金币统计',
  `Number` bigint(20) unsigned NOT NULL DEFAULT '0' COMMENT '数量',
  `UserNum` int(1) unsigned NOT NULL COMMENT '人数',
  `Frequency` bigint(20) NOT NULL COMMENT '次数',
  `Income` tinyint(1) DEFAULT '1' COMMENT '1-发放 2-回收',
  `Type` tinyint(1) unsigned NOT NULL DEFAULT '1' COMMENT '货币类型 1-金币 2-钻石',
  `DateTime` timestamp NOT NULL DEFAULT CURRENT_TIMESTAMP COMMENT '统计时间',
  PRIMARY KEY (`Id`),
  KEY `Type` (`Type`,`DateTime`),
  KEY `Income` (`Income`,`DateTime`)
) ENGINE=MyISAM DEFAULT CHARSET=utf8;

/*Data for the table `jy_statistics_gold` */

/*Table structure for table `jy_statistics_goods` */

DROP TABLE IF EXISTS `jy_statistics_goods`;

CREATE TABLE `jy_statistics_goods` (
  `Id` int(11) unsigned NOT NULL AUTO_INCREMENT,
  `GoodsID` int(11) NOT NULL,
  `Channel` varchar(50) NOT NULL,
  `GoodsSuccess` int(11) NOT NULL,
  `GoodsTotal` int(11) NOT NULL,
  `DateTime` timestamp NOT NULL DEFAULT CURRENT_TIMESTAMP ON UPDATE CURRENT_TIMESTAMP,
  PRIMARY KEY (`Id`),
  KEY `GoodsID` (`GoodsID`),
  KEY `Channel` (`Channel`,`DateTime`)
) ENGINE=InnoDB DEFAULT CHARSET=utf8;

/*Data for the table `jy_statistics_goods` */

/*Table structure for table `jy_statistics_users_pay` */

DROP TABLE IF EXISTS `jy_statistics_users_pay`;

CREATE TABLE `jy_statistics_users_pay` (
  `Id` int(11) unsigned NOT NULL AUTO_INCREMENT COMMENT '用户付费统计',
  `alipay` int(11) unsigned NOT NULL DEFAULT '0' COMMENT '支付宝',
  `weixin` int(11) unsigned NOT NULL DEFAULT '0' COMMENT '微信',
  `JinPay` int(11) unsigned NOT NULL DEFAULT '0' COMMENT '金立',
  `iappay` int(11) unsigned NOT NULL DEFAULT '0' COMMENT '爱贝',
  `PayNum` int(11) unsigned NOT NULL DEFAULT '0' COMMENT '付费次数',
  `UserPayNum` int(11) unsigned NOT NULL DEFAULT '0' COMMENT '付费用户数',
  `RegNum` int(11) unsigned NOT NULL DEFAULT '0' COMMENT '账号注册人数',
  `EquipmentRegNum` int(11) NOT NULL DEFAULT '0' COMMENT '设备号',
  `ActiveNum` int(11) unsigned NOT NULL DEFAULT '0' COMMENT '活跃数',
  `TotalMoney` float unsigned NOT NULL DEFAULT '0' COMMENT '日收入总额',
  `Success` int(11) unsigned NOT NULL DEFAULT '0' COMMENT '成功',
  `UserPayNumOld` int(11) unsigned NOT NULL DEFAULT '0' COMMENT '老用户数量',
  `OrderTotalOld` float unsigned NOT NULL DEFAULT '0' COMMENT '老用户订单总额',
  `OrderTotal` int(11) unsigned NOT NULL DEFAULT '0' COMMENT '订单总数',
  `First` int(11) unsigned NOT NULL DEFAULT '0' COMMENT '首次充值数',
  `UsersOneNum` varchar(10) DEFAULT NULL COMMENT '次日留存',
  `UsersTowNum` varchar(10) DEFAULT NULL COMMENT '二日留存',
  `UsersThreeNum` varchar(10) DEFAULT NULL COMMENT '三日留存',
  `UsersSevenNum` varchar(10) DEFAULT NULL COMMENT '七日留存',
  `UsersFifteenNum` varchar(10) DEFAULT NULL COMMENT '十五留存',
  `UsersThirtyNum` varchar(10) DEFAULT NULL COMMENT '三十日留存',
  `Channel` varchar(50) NOT NULL COMMENT '渠道号',
  `FirstMoney` float unsigned NOT NULL DEFAULT '0' COMMENT '首付金额',
  `DateTime` timestamp NOT NULL DEFAULT CURRENT_TIMESTAMP COMMENT '统计时间',
  PRIMARY KEY (`Id`),
  KEY `DateTime` (`DateTime`,`Channel`)
) ENGINE=MyISAM AUTO_INCREMENT=3237 DEFAULT CHARSET=utf8;

/*Data for the table `jy_statistics_users_pay` */

insert  into `jy_statistics_users_pay`(`Id`,`alipay`,`weixin`,`JinPay`,`iappay`,`PayNum`,`UserPayNum`,`RegNum`,`EquipmentRegNum`,`ActiveNum`,`TotalMoney`,`Success`,`UserPayNumOld`,`OrderTotalOld`,`OrderTotal`,`First`,`UsersOneNum`,`UsersTowNum`,`UsersThreeNum`,`UsersSevenNum`,`UsersFifteenNum`,`UsersThirtyNum`,`Channel`,`FirstMoney`,`DateTime`) values (3225,0,0,0,3,3,1,0,0,0,0.03,3,0,0,3,2,'0','0','0','0','0','0','JYHD_0',0.02,'2017-10-27 17:30:01'),(3226,0,0,0,0,0,0,0,0,0,0,0,0,0,0,0,'0','0','0','0','0','0','JYHD_JinLi',0,'2017-10-27 17:30:01'),(3227,0,0,0,0,0,0,0,0,0,0,0,0,0,0,0,'0','0','0','0','0','0','13724894160',0,'2017-10-27 17:30:01'),(3228,0,0,0,3,3,1,0,0,0,0.03,3,0,0,3,2,'0','0','0','0','0','0','JYHD_0',0.02,'2017-10-27 17:40:01'),(3229,0,0,0,0,0,0,0,0,0,0,0,0,0,0,0,'0','0','0','0','0','0','JYHD_JinLi',0,'2017-10-27 17:40:01'),(3230,0,0,0,0,0,0,0,0,0,0,0,0,0,0,0,'0','0','0','0','0','0','13724894160',0,'2017-10-27 17:40:01'),(3231,0,0,0,3,3,1,0,0,0,0.03,3,0,0,3,2,'0','0','0','0','0','0','JYHD_0',0.02,'2017-10-27 17:50:01'),(3232,0,0,0,0,0,0,0,0,0,0,0,0,0,0,0,'0','0','0','0','0','0','JYHD_JinLi',0,'2017-10-27 17:50:01'),(3233,0,0,0,0,0,0,0,0,0,0,0,0,0,0,0,'0','0','0','0','0','0','13724894160',0,'2017-10-27 17:50:01'),(3234,0,0,0,3,3,1,0,0,0,0.03,3,0,0,3,2,'0','0','0','0','0','0','JYHD_0',0.02,'2017-10-27 18:00:01'),(3235,0,0,0,0,0,0,0,0,0,0,0,0,0,0,0,'0','0','0','0','0','0','JYHD_JinLi',0,'2017-10-27 18:00:01'),(3236,0,0,0,0,0,0,0,0,0,0,0,0,0,0,0,'0','0','0','0','0','0','13724894160',0,'2017-10-27 18:00:01');

/*Table structure for table `jy_system_menu` */

DROP TABLE IF EXISTS `jy_system_menu`;

CREATE TABLE `jy_system_menu` (
  `id` int(11) unsigned NOT NULL AUTO_INCREMENT COMMENT '系统菜单',
  `name` varchar(20) NOT NULL COMMENT '菜单名',
  `icon` varchar(20) NOT NULL COMMENT '菜单表',
  `url` varchar(100) NOT NULL COMMENT '菜单地址',
  `sort` int(11) unsigned NOT NULL COMMENT '排序',
  `islock` tinyint(1) unsigned NOT NULL DEFAULT '1' COMMENT '是否锁定',
  `upid` int(11) NOT NULL DEFAULT '0' COMMENT '上级菜单',
  `remark` varchar(255) NOT NULL COMMENT '备注',
  `mtime` timestamp NOT NULL DEFAULT CURRENT_TIMESTAMP ON UPDATE CURRENT_TIMESTAMP COMMENT '创建时间',
  PRIMARY KEY (`id`)
) ENGINE=MyISAM AUTO_INCREMENT=70 DEFAULT CHARSET=utf8;

/*Data for the table `jy_system_menu` */

insert  into `jy_system_menu`(`id`,`name`,`icon`,`url`,`sort`,`islock`,`upid`,`remark`,`mtime`) values (1,'系统管理','','###',0,1,0,'','2017-07-12 08:19:33'),(2,'菜单列表','','/jy_admin/menu/index',1,1,1,'','2017-07-11 10:21:22'),(3,'管理员','','/jy_admin/AdminUsers/index',2,1,1,'','2017-07-11 10:24:37'),(4,'管理员组','','/jy_admin/admingroup/index',3,1,1,'','2017-07-11 10:25:13'),(5,'渠道管理','','###',1,1,0,'','2017-07-12 08:19:46'),(6,'渠道列表','','/jy_admin/Channel/index',0,1,5,'','2017-07-11 10:32:45'),(7,'渠道数据','','/Jy_statistics/ChannelData/index',0,1,5,'','2017-10-12 16:16:13'),(9,'全局数据','','###',3,1,0,'','2017-07-12 08:20:20'),(10,'全局数据','','/Jy_statistics/GlobalData/index',1,1,9,'','2017-10-12 16:16:30'),(14,'注册分析','','###',4,1,0,'','2017-07-12 08:07:06'),(15,'宏观数据','','/Jy_statistics/RegisterMacroscopic/index',0,1,14,'','2017-10-12 16:16:45'),(61,'商品分析','','/Jy_statistics/PayMacroscopic/Goods',2,1,35,'','2017-10-12 16:18:33'),(60,'支付类型','','/jy_admin/PayMacroscopic/PayType',1,1,35,'','2017-09-14 16:59:24'),(66,'签到流水','','###',1,1,65,'','2017-09-23 14:47:17'),(21,'活跃分析','','###',5,1,0,'','2017-07-12 08:12:36'),(22,'宏观数据','','/Jy_statistics/ActiveMacroscopic/index',1,1,21,'','2017-10-12 16:17:27'),(23,'等级分布','','/Jy_statistics/ActiveLevel/index',2,1,21,'','2017-10-12 16:17:22'),(24,'版本分布','','/Jy_statistics/ActiveEdition/index',3,1,21,'','2017-10-12 16:17:16'),(27,'实时数据','','###',6,1,0,'','2017-07-12 08:18:34'),(28,'实时概况','','/Jy_statistics/RealTimeOverview/index',1,1,27,'','2017-10-12 16:18:06'),(29,'实时在线','','/Jy_statistics/RealTimeOnline/index',2,1,27,'','2017-10-12 16:17:59'),(30,'实时收入','','/Jy_statistics/RealTimeRevenue/index',0,1,27,'','2017-10-12 16:17:54'),(31,'留存分析','','###',6,1,0,'','2017-07-12 08:22:54'),(32,'留存数据','','/Jy_statistics/RetainedData/index',0,1,31,'','2017-10-12 16:17:43'),(33,'流失数据','','/Jy_statistics/RetainedDataLoss/index',1,1,31,'','2017-10-12 16:17:37'),(35,'付费分析','','###',7,1,0,'','2017-07-12 08:26:06'),(36,'宏观数据','','/jy_admin/PayMacroscopic/index',0,1,35,'','2017-07-25 07:42:04'),(37,'货币流水','','###',8,1,0,'','2017-07-12 08:29:30'),(38,'金币流水','','/Jy_statistics/GoldStream/index',0,1,37,'','2017-10-12 16:35:51'),(39,'钻石流水','','/Jy_statistics/DiamondsStream/index',1,1,37,'','2017-10-12 16:35:46'),(40,'道具流水','','/Jy_statistics/PropStream/index',2,1,37,'','2017-10-12 16:35:39'),(65,'项目流水','','###',10,1,0,'','2017-09-23 14:46:15'),(42,'用户中心','###','###',2,1,0,'','2017-07-12 08:52:45'),(43,'用户列表','','/Jy_statistics/UsersInfo/index',1,1,42,'','2017-10-18 17:02:32'),(44,'金币分布','','/Jy_statistics/ActiveGold/index',2,1,21,'','2017-10-12 16:17:06'),(45,'钻石分布','','/Jy_statistics/ActiveDiamond/index',3,1,21,'','2017-10-12 16:16:56'),(46,'大厅配置','','####',3,1,0,'','2017-07-26 06:36:59'),(47,'商品列表','','/jy_admin/GoodsAll/index',0,1,46,'','2017-07-26 16:04:55'),(48,'七天签到（前四周）','','/jy_admin/SevenDaysSign/index',1,1,46,'','2017-08-10 14:40:48'),(49,'活动列表','','/jy_admin/activityList/index',3,1,46,'','2017-08-11 15:04:06'),(50,'vip等级','','/jy_admin/VipInfo/index',1,1,42,'','2017-07-26 10:08:24'),(59,'发送邮件','','/jy_admin/SendEmail/index',0,1,42,'','2017-09-01 14:27:31'),(52,'支付管理','','###',3,1,0,'','2017-07-26 06:51:29'),(53,'支付配置','','/jy_admin/ThirdpayInfo/index',0,1,52,'','2017-07-31 18:12:01'),(54,'所有订单','###','/jy_admin/UsersOrder/index',4,1,42,'','2017-08-02 16:43:15'),(55,'七天签到（后四周）','','/jy_admin/SevenDaysSignReward/index',2,1,46,'','2017-08-28 17:02:00'),(57,'用户属性','###','/jy_admin/UsersAttribute/index',1,1,42,'','2017-08-28 19:13:56'),(58,'兑换申请','','/jy_admin/UsersExchangeApplication/index',2,1,42,'','2017-08-31 10:13:52'),(62,'游戏公告','','/jy_admin/Notice/index',5,1,46,'###','2017-09-15 10:11:26'),(63,'跑马灯','##','/jy_admin/HorseRaceLamp/index',5,1,46,'','2017-09-15 15:37:53'),(67,'游戏配置','','/jy_admin/GameConfig/index',3,1,1,'','2017-10-14 20:05:26'),(69,'白名单','','/jy_admin/WhiteList/index',6,1,1,'','2017-10-17 15:20:16');

/*Table structure for table `jy_thirdpay` */

DROP TABLE IF EXISTS `jy_thirdpay`;

CREATE TABLE `jy_thirdpay` (
  `Id` int(11) unsigned NOT NULL AUTO_INCREMENT COMMENT '支付信息',
  `Name` varchar(20) NOT NULL COMMENT '支付名称',
  `Type` tinyint(1) unsigned NOT NULL DEFAULT '1' COMMENT '类型 1-支付 2-微信 3-爱贝',
  `Platform` tinyint(1) unsigned NOT NULL DEFAULT '1' COMMENT '平台 1-苹果 2-安卓',
  `PassAgeWay` varchar(50) NOT NULL COMMENT '通道',
  `Recommend` tinyint(1) NOT NULL DEFAULT '1' COMMENT '是否推荐',
  `public` text COMMENT '公钥(支付宝，爱贝)',
  `private` text COMMENT '私钥（支付宝，微信，爱贝）',
  `appid` varchar(100) DEFAULT NULL COMMENT '应用ID(微信，爱贝)',
  `partner` varchar(100) DEFAULT NULL COMMENT '合作者id(微信支付宝)',
  `account` varchar(100) DEFAULT NULL COMMENT '支付宝签约账号',
  `Sort` int(11) NOT NULL COMMENT '排序',
  `Notifyurl` varchar(255) NOT NULL COMMENT '回调通知',
  `Describe` varchar(255) NOT NULL COMMENT '通道描述',
  `Support` tinyint(1) NOT NULL DEFAULT '1' COMMENT '所有版本 1-否 2-是',
  `VersionStart` varchar(20) NOT NULL COMMENT '起始版本',
  `VersionEnd` varchar(20) NOT NULL COMMENT '结束版本',
  `IsDel` tinyint(1) unsigned NOT NULL DEFAULT '1' COMMENT '是否删除 1-是 2-否',
  `DateTime` timestamp NOT NULL DEFAULT CURRENT_TIMESTAMP COMMENT '创建时间',
  PRIMARY KEY (`Id`),
  KEY `PassAgeWay` (`PassAgeWay`),
  KEY `IsDel` (`IsDel`),
  KEY `Platform` (`Platform`)
) ENGINE=MyISAM AUTO_INCREMENT=14 DEFAULT CHARSET=utf8;

/*Data for the table `jy_thirdpay` */

insert  into `jy_thirdpay`(`Id`,`Name`,`Type`,`Platform`,`PassAgeWay`,`Recommend`,`public`,`private`,`appid`,`partner`,`account`,`Sort`,`Notifyurl`,`Describe`,`Support`,`VersionStart`,`VersionEnd`,`IsDel`,`DateTime`) values (6,'爱贝',3,1,'iappay',1,'MIGfMA0GCSqGSIb3DQEBAQUAA4GNADCBiQKBgQDtv7IzXBGp486UAFwaLIXsSua8JiTSe5kSKU6IXNiJxZIMZ/2dlKOV66hFIQjP/0u8YV9Du+uk8/3nmTMhdBpanzp9awkXnO2g104ng9x34YxoDMMv24MmOhT7c2mnhCuEyFbz/KkvnhzQn6L+MAwYvkkQInpw/ArHDJ0NkbyJNQIDAQAB','MIICXAIBAAKBgQCR/ZyLQ7Z2pCv8sZcNuqDcgEoEhPQPOT9Ci8l43mIBhjbSCIPuDPiiZJJ9HjaMpy+X1cUZP1SY9TtZDzA3R5pAWd1HY+Ps/Q8aDiRou2mNESlWor5/xmG8TcQcWLshS3VzHWz4cY7i8o+EIACfHbDTSTkqTxCIyjw1BYxGTyqLVwIDAQABAoGAGDGseNPu8DiC5azUuLy+HezQ13DlNYSqPDAIYpSQL2p7uVEZ9CCIL/l04XFZXvPyCjquIGIDdhnmDPtcZTzjjhfltp6N3Uqmtp4D2cPWruR6B2icvve2bno2Lu6OULuAYyEkVMHCdEf5GSSHjShIG6CBahHfHZhWzjoPYZWAZ9ECQQDd/NGvmzcLVHOXM4muml6leF9OmQNqA+qVec9Sqb39t2CNJY4QxdJ/AzQnLeskqVBydQm60P2lbi3M1eCMW+sPAkEAqFvpB1vgkj6dlbySyHGu5mzTiJBRSVvz4c5XAA01iLCNPGdtQGT7jslnkyueXMwdiq3pBDpGuzL9v9QIuw17OQJADv+h+0d1dKKEHNcymkV715pGdj0IagVRuD++rkshtx7Iu0CqVJ/JFSPWRj9n/9YgxVr7CVBNkvvaxFg/D7y2KQJARCqKjG832x69IU5rw/q7jRKNB2MfdmtjsI6iDSRMA58wYD+kLYl1jReg9yaXBQ2j/G1zxkFuOAdqVEweiNXpiQJBAJjblicX+Y7y0EwKfOXP9oU2KjbxGAy5Et5AL+6AdloVbjZAU1o3LYfjuCz+YaU3jPx38FIT1Npe/WWIuTyusZ8=','3015007654','','',1,'http://adminjy.juyihd.com/Jy_Thirdpay/Notifyurl/index','',2,'','',1,'2017-08-24 14:20:31'),(13,'金立',4,2,'JinPay',1,'MIGfMA0GCSqGSIb3DQEBAQUAA4GNADCBiQKBgQCdKgAqh6JxOTz6MdbCt0Ejm2YtK3ix/ryfGY6K954WtpauoaXXvaVzDuT4Oy+4ezVtAfvZGCMruEFIBhoHBiYKGBnTUupggINsK+vq9NKHJfWJv4FXkqRgeVtVB9D+1sep7mMOW6A2sj5scJQee2XRDTvJgYK1h6ipdJg5ii/qjwIDAQAB','MIICdwIBADANBgkqhkiG9w0BAQEFAASCAmEwggJdAgEAAoGBAJk3rgKvOvKz/NFvdSC7uIO4yGpl3IskuUv9hyr33QS/N2Qxz8W+VHn2H7syoPLbXyAK1QB16uIOtM7mVP6yaXnqCOdOudKRHqG4JvXg8e4oAnn5GNu2RULpafLS+yPL5pl6kwgNwB7uGcpHWuf+zmHnlLThc25BjKyv2Gm8cOuHAgMBAAECgYEAjL4Z6Ttf8dwmC5jPxf7Kcq1F5H6nRWW5lLVR+cVv0FF6J16eVi4M2W+eHE5YjF25Fuz8Voz68ybBLiFkyAXJXpL9WqnLoB4x7KnWkvFUyVN00Hdi8rtrAlnw2ne/wA/+4No/9ALVBBr3axwHRr53brprgGBwA2ffnzKpqRLYIOECQQDt9TR7787JuvuvhTclyhXgeUbb1xpCYZJVNQZh2h6IrESjTAnrIB6M59XET2vjS09pvwXWVSrnJO3oVPS82HjXAkEApNWnJl1vDjI15OXQgbCIKJYSc1mALS1QGr50I2tYXU/9WMketJkGBdAIyAJM77uKD858O0RHyN7KnNUiZ99c0QJBAI+3zzEjj0NruWMzFDGwsjHXTaKtceCxyY3I7sfe0x483V+7JyppRcpYo1Vjmoe3DomRo9blrXnZZg8ycHY2UBUCQCJwlXz5lqOTsBkEP11pgflg6bf6IkLOLed4lZF080CD3v42/1hihJSgU8VeXa7VM1J8JQ7JBGqeyhycl5S2YZECQFIZHlzDPkAlpli8aY5v8GIq738KsBWQfHxRkwUz26peExgPsO8Ux6rNrMIwIkKP5P1U5nQzN6ob2Z3HmlqpRTQ=','C0A4C51F3F9548E8BA2A8DFA1EA522C6','','',2,'pay.juyihd.com','1',1,'','',1,'2017-09-26 12:26:57');

/*Table structure for table `jy_users_activity_theaward_log` */

DROP TABLE IF EXISTS `jy_users_activity_theaward_log`;

CREATE TABLE `jy_users_activity_theaward_log` (
  `Id` int(11) unsigned NOT NULL AUTO_INCREMENT COMMENT '用户领奖记录',
  `playerid` bigint(20) unsigned NOT NULL COMMENT '用户ID',
  `GoodsID` int(11) unsigned NOT NULL COMMENT '物品ID',
  `GoodsName` varchar(50) NOT NULL COMMENT '物品名',
  `activityID` int(11) unsigned NOT NULL COMMENT '活动ID',
  `Type` tinyint(1) unsigned NOT NULL DEFAULT '1' COMMENT '活动类型',
  `GetNum` int(11) unsigned NOT NULL COMMENT '数量',
  `Number` int(11) unsigned NOT NULL COMMENT '倍数',
  `AddUpStartTime` timestamp NOT NULL DEFAULT CURRENT_TIMESTAMP COMMENT '计费开始时间',
  `Channel` varchar(50) NOT NULL COMMENT '渠道',
  `AddUpEndTime` timestamp NOT NULL DEFAULT CURRENT_TIMESTAMP COMMENT '计费结束时间',
  `DateTime` timestamp NOT NULL DEFAULT CURRENT_TIMESTAMP COMMENT '领取时间',
  PRIMARY KEY (`Id`),
  KEY `playerid` (`playerid`,`AddUpStartTime`,`AddUpEndTime`)
) ENGINE=MyISAM DEFAULT CHARSET=utf8;

/*Data for the table `jy_users_activity_theaward_log` */

/*Table structure for table `jy_users_bankruptcy` */

DROP TABLE IF EXISTS `jy_users_bankruptcy`;

CREATE TABLE `jy_users_bankruptcy` (
  `Id` bigint(20) unsigned NOT NULL AUTO_INCREMENT COMMENT '用户破产',
  `playerid` bigint(20) NOT NULL COMMENT '用户ID',
  `DateTime` timestamp NOT NULL DEFAULT CURRENT_TIMESTAMP ON UPDATE CURRENT_TIMESTAMP COMMENT '破产时间',
  PRIMARY KEY (`Id`),
  KEY `playerid` (`playerid`)
) ENGINE=MyISAM DEFAULT CHARSET=utf8;

/*Data for the table `jy_users_bankruptcy` */

/*Table structure for table `jy_users_card_receive_log` */

DROP TABLE IF EXISTS `jy_users_card_receive_log`;

CREATE TABLE `jy_users_card_receive_log` (
  `Id` bigint(11) unsigned NOT NULL AUTO_INCREMENT COMMENT '月卡领取奖励',
  `playerid` bigint(20) unsigned NOT NULL COMMENT '用户ID',
  `GoodsID` int(1) NOT NULL COMMENT '物品ID',
  `Type` tinyint(1) NOT NULL COMMENT '类型',
  `Code` varchar(20) NOT NULL COMMENT '物品编号',
  `GetNum` bigint(20) NOT NULL COMMENT '数量',
  `Number` bigint(20) NOT NULL COMMENT '倍数',
  `Channel` varchar(50) NOT NULL COMMENT '渠道',
  `DateTime` timestamp NOT NULL DEFAULT CURRENT_TIMESTAMP COMMENT '创建时间',
  PRIMARY KEY (`Id`),
  KEY `playerid` (`playerid`,`DateTime`)
) ENGINE=MyISAM AUTO_INCREMENT=21 DEFAULT CHARSET=utf8;

/*Data for the table `jy_users_card_receive_log` */

insert  into `jy_users_card_receive_log`(`Id`,`playerid`,`GoodsID`,`Type`,`Code`,`GetNum`,`Number`,`Channel`,`DateTime`) values (1,101663,26,3,'2',1,8,'JYHD_0','2017-10-20 16:44:49'),(2,101663,27,3,'1',1,3,'JYHD_0','2017-10-20 16:44:49'),(3,101663,36,1,'50000',50000,1,'JYHD_0','2017-10-20 16:44:49'),(4,101663,37,2,'30',30,1,'JYHD_0','2017-10-20 16:44:49'),(5,101663,26,3,'2',1,8,'JYHD_0','2017-10-24 12:05:28'),(6,101663,27,3,'1',1,3,'JYHD_0','2017-10-24 12:05:28'),(7,101663,36,1,'50000',50000,1,'JYHD_0','2017-10-24 12:05:28'),(8,101663,37,2,'30',30,1,'JYHD_0','2017-10-24 12:05:28'),(9,103387,26,3,'2',1,8,'JYHD_0','2017-10-24 14:34:58'),(10,103387,27,3,'1',1,3,'JYHD_0','2017-10-24 14:34:58'),(11,103387,36,1,'50000',50000,1,'JYHD_0','2017-10-24 14:34:58'),(12,103387,37,2,'30',30,1,'JYHD_0','2017-10-24 14:34:58'),(13,103387,26,3,'2',1,8,'JYHD_0','2017-10-26 16:42:31'),(14,103387,27,3,'1',1,3,'JYHD_0','2017-10-26 16:42:31'),(15,103387,36,1,'50000',50000,1,'JYHD_0','2017-10-26 16:42:31'),(16,103387,37,2,'30',30,1,'JYHD_0','2017-10-26 16:42:31'),(17,103424,26,3,'2',1,8,'JYHD_0','2017-10-27 16:00:15'),(18,103424,27,3,'1',1,3,'JYHD_0','2017-10-27 16:00:15'),(19,103424,36,1,'50000',50000,1,'JYHD_0','2017-10-27 16:00:15'),(20,103424,37,2,'30',30,1,'JYHD_0','2017-10-27 16:00:15');

/*Table structure for table `jy_users_currency_stream` */

DROP TABLE IF EXISTS `jy_users_currency_stream`;

CREATE TABLE `jy_users_currency_stream` (
  `Id` bigint(20) unsigned NOT NULL AUTO_INCREMENT COMMENT '用户金币钻石流水',
  `playerid` bigint(20) unsigned NOT NULL COMMENT '用户ID',
  `Type` tinyint(1) NOT NULL DEFAULT '1' COMMENT '类型 1-游戏 2-充值 3-签到 4-兑换 5-月卡 6-首冲',
  `CurrencyType` tinyint(1) NOT NULL DEFAULT '1' COMMENT '货币类型 1-金币 2-钻石',
  `Screenings` tinyint(1) NOT NULL DEFAULT '0' COMMENT '场次 1-十 2-百 3-千 4-万',
  `Channel` varchar(50) DEFAULT NULL,
  `Income` tinyint(1) NOT NULL DEFAULT '1' COMMENT '1-收入 2-支出',
  `Number` int(20) NOT NULL COMMENT '数量',
  `DateTime` timestamp NOT NULL DEFAULT CURRENT_TIMESTAMP COMMENT '创建时间',
  PRIMARY KEY (`Id`),
  KEY `playerid` (`playerid`,`Type`,`CurrencyType`),
  KEY `DateTime` (`DateTime`,`Type`,`CurrencyType`,`Income`)
) ENGINE=MyISAM AUTO_INCREMENT=54 DEFAULT CHARSET=utf8;

/*Data for the table `jy_users_currency_stream` */

insert  into `jy_users_currency_stream`(`Id`,`playerid`,`Type`,`CurrencyType`,`Screenings`,`Channel`,`Income`,`Number`,`DateTime`) values (1,100049,3,1,0,NULL,1,12000,'2017-10-20 15:38:45'),(2,103004,3,1,0,NULL,1,12000,'2017-10-20 15:44:02'),(3,101663,2,1,0,NULL,1,60000,'2017-10-20 15:58:03'),(4,101663,2,1,0,NULL,1,300000,'2017-10-20 16:15:56'),(5,102749,3,1,0,NULL,1,12000,'2017-10-20 16:18:44'),(6,101663,4,1,0,NULL,1,100000,'2017-10-20 16:22:17'),(7,101663,4,1,0,NULL,1,100000,'2017-10-20 16:22:29'),(8,101663,2,1,0,NULL,1,200000,'2017-10-20 16:44:23'),(9,101663,2,2,0,NULL,1,200,'2017-10-20 16:44:23'),(10,101663,2,1,0,NULL,1,50000,'2017-10-20 16:44:44'),(11,101663,2,2,0,NULL,1,30,'2017-10-20 16:44:44'),(12,101663,5,1,0,NULL,1,50000,'2017-10-20 16:44:49'),(13,101663,5,2,0,NULL,1,30,'2017-10-20 16:44:49'),(14,103343,3,1,0,NULL,1,6000,'2017-10-21 12:11:35'),(15,103345,3,1,0,NULL,1,6000,'2017-10-21 16:01:50'),(16,103345,3,1,0,NULL,1,12000,'2017-10-22 16:19:53'),(17,103004,3,1,0,NULL,1,12000,'2017-10-23 11:04:35'),(18,100049,3,1,0,NULL,1,12000,'2017-10-23 12:22:43'),(19,100037,3,1,0,NULL,1,12000,'2017-10-23 18:59:41'),(20,103360,3,1,0,NULL,1,6000,'2017-10-23 19:01:09'),(21,102749,3,1,0,NULL,1,12000,'2017-10-23 19:22:09'),(22,103212,3,1,0,NULL,1,6000,'2017-10-23 19:32:26'),(23,103212,3,1,0,NULL,1,12000,'2017-10-24 11:17:15'),(24,102498,3,1,0,NULL,1,12000,'2017-10-24 11:19:08'),(25,100646,3,1,0,NULL,1,12000,'2017-10-24 11:36:55'),(26,101663,3,1,0,NULL,1,12000,'2017-10-24 11:58:56'),(27,101663,5,1,0,NULL,1,50000,'2017-10-24 12:05:28'),(28,101663,5,2,0,NULL,1,30,'2017-10-24 12:05:28'),(29,103387,3,1,0,NULL,1,6000,'2017-10-24 12:10:54'),(30,103387,2,1,0,NULL,1,60000,'2017-10-24 14:14:38'),(31,100049,3,1,0,NULL,1,18000,'2017-10-24 14:17:09'),(32,103387,2,1,0,NULL,1,200000,'2017-10-24 14:33:42'),(33,103387,2,2,0,NULL,1,200,'2017-10-24 14:33:42'),(34,103387,2,1,0,NULL,1,50000,'2017-10-24 14:34:50'),(35,103387,2,2,0,NULL,1,30,'2017-10-24 14:34:50'),(36,103387,5,1,0,NULL,1,50000,'2017-10-24 14:34:58'),(37,103387,5,2,0,NULL,1,30,'2017-10-24 14:34:58'),(38,103406,3,1,0,NULL,1,6000,'2017-10-26 13:31:59'),(39,103387,3,1,0,NULL,1,12000,'2017-10-26 16:38:14'),(40,103387,5,1,0,NULL,1,50000,'2017-10-26 16:42:31'),(41,103387,5,2,0,NULL,1,30,'2017-10-26 16:42:31'),(42,103393,3,1,0,NULL,1,6000,'2017-10-26 21:12:01'),(43,101663,3,1,0,NULL,1,12000,'2017-10-27 15:56:35'),(44,103424,3,1,0,NULL,1,6000,'2017-10-27 15:59:02'),(45,103424,2,1,0,NULL,1,50000,'2017-10-27 15:59:58'),(46,103424,2,2,0,NULL,1,30,'2017-10-27 15:59:58'),(47,103424,2,1,0,NULL,1,50000,'2017-10-27 16:00:05'),(48,103424,2,2,0,NULL,1,30,'2017-10-27 16:00:05'),(49,103424,5,1,0,NULL,1,50000,'2017-10-27 16:00:15'),(50,103424,5,2,0,NULL,1,30,'2017-10-27 16:00:15'),(51,103424,2,1,0,NULL,1,60000,'2017-10-27 16:00:36'),(52,103436,3,1,0,NULL,1,6000,'2017-10-27 16:46:50'),(53,102028,3,1,0,NULL,1,6000,'2017-10-27 17:18:13');

/*Table structure for table `jy_users_exchange_log` */

DROP TABLE IF EXISTS `jy_users_exchange_log`;

CREATE TABLE `jy_users_exchange_log` (
  `Id` bigint(11) unsigned NOT NULL AUTO_INCREMENT COMMENT '用户兑换记录',
  `GoodsName` varchar(50) NOT NULL COMMENT '商品名',
  `Number` int(11) unsigned NOT NULL COMMENT '倍数',
  `GetNum` bigint(20) NOT NULL COMMENT '数量',
  `Order` varchar(20) NOT NULL COMMENT '兑换订单号',
  `Type` tinyint(1) NOT NULL COMMENT '类型',
  `Code` varchar(50) NOT NULL COMMENT '物品ID',
  `StockNum` int(11) unsigned NOT NULL DEFAULT '0' COMMENT '兑换劵',
  `playerid` bigint(20) unsigned NOT NULL COMMENT '用户ID',
  `Status` tinyint(1) unsigned NOT NULL DEFAULT '2' COMMENT '状态 1-审核中 2-已发放 3-审核不通过',
  `MessAge` text COMMENT '申请失败原因',
  `Channel` varchar(50) NOT NULL COMMENT '渠道',
  `GoodsID` int(11) unsigned NOT NULL COMMENT '商品ID',
  `UpTime` timestamp NULL DEFAULT NULL COMMENT '更新时间',
  `DateTime` timestamp NOT NULL DEFAULT CURRENT_TIMESTAMP COMMENT '兑换时间',
  PRIMARY KEY (`Id`),
  KEY `DateTimes` (`DateTime`,`Status`)
) ENGINE=InnoDB AUTO_INCREMENT=12 DEFAULT CHARSET=utf8;

/*Data for the table `jy_users_exchange_log` */

insert  into `jy_users_exchange_log`(`Id`,`GoodsName`,`Number`,`GetNum`,`Order`,`Type`,`Code`,`StockNum`,`playerid`,`Status`,`MessAge`,`Channel`,`GoodsID`,`UpTime`,`DateTime`) values (1,'10万金币',1,100000,'djLm0719',1,'3123',1000,101663,2,NULL,'JYHD_0',28,NULL,'2017-10-20 16:22:17'),(2,'10万金币',1,100000,'rXQU7168',1,'3123',1000,101663,2,NULL,'JYHD_0',28,NULL,'2017-10-20 16:22:29'),(3,'500元京东卡',1,1,'aQXg1104',5,'77777',50000,101663,1,NULL,'JYHD_0',39,NULL,'2017-10-20 16:24:37'),(4,'300元京东卡',1,1,'CojI8491',5,'66666',30000,101663,1,NULL,'JYHD_0',38,NULL,'2017-10-20 16:24:41'),(5,'100元话费',1,1,'QNXT0341',4,'321321',10000,101663,2,'','JYHD_0',33,'2017-10-20 16:25:01','2017-10-20 16:24:43'),(6,'蓝色核弹',1,1,'BFQB9458',3,'4',12500,101663,2,NULL,'JYHD_0',31,NULL,'2017-10-24 12:06:57'),(7,'300元京东卡',1,1,'TDmy0262',5,'66666',30000,101663,2,'','JYHD_0',38,'2017-10-24 12:07:35','2017-10-24 12:07:07'),(8,'30万金币',1,300000,'VPiq7807',1,'321312',3000,103387,2,NULL,'JYHD_0',29,NULL,'2017-10-26 16:41:27'),(9,'500元京东卡',1,1,'WzIq3740',5,'77777',50000,103387,1,NULL,'JYHD_0',39,NULL,'2017-10-26 16:42:08'),(10,'30万金币',1,300000,'XXsk7618',1,'321312',3000,103387,2,NULL,'JYHD_0',29,NULL,'2017-10-26 16:42:11'),(11,'蓝色核弹',1,1,'lTNY7098',3,'4',12500,103387,2,NULL,'JYHD_0',31,NULL,'2017-10-26 16:42:12');

/*Table structure for table `jy_users_goods_stream` */

DROP TABLE IF EXISTS `jy_users_goods_stream`;

CREATE TABLE `jy_users_goods_stream` (
  `Id` bigint(20) unsigned NOT NULL AUTO_INCREMENT COMMENT '用户物品流水',
  `playerid` bigint(20) NOT NULL COMMENT '用户ID',
  `Code` varchar(20) NOT NULL COMMENT '物品编码',
  `Screenings` tinyint(4) NOT NULL DEFAULT '0' COMMENT '场次 1-十 2-百 3-千 4-万',
  `Type` tinyint(1) unsigned NOT NULL COMMENT '类型 1-游戏 2-充值 3-签到 4-兑换 5-月卡 6-首冲',
  `Channel` varchar(50) DEFAULT NULL COMMENT '渠道',
  `Income` tinyint(1) NOT NULL COMMENT '1-收入 2-支出',
  `Number` int(11) NOT NULL COMMENT '数量',
  `DateTime` timestamp NOT NULL DEFAULT CURRENT_TIMESTAMP COMMENT '创建时间',
  PRIMARY KEY (`Id`),
  KEY `DateTime` (`DateTime`,`playerid`),
  KEY `Code` (`Code`)
) ENGINE=MyISAM AUTO_INCREMENT=25 DEFAULT CHARSET=utf8;

/*Data for the table `jy_users_goods_stream` */

insert  into `jy_users_goods_stream`(`Id`,`playerid`,`Code`,`Screenings`,`Type`,`Channel`,`Income`,`Number`,`DateTime`) values (1,100411,'6',0,3,NULL,1,150,'2017-10-20 15:45:48'),(2,101663,'6',0,3,NULL,1,150,'2017-10-20 15:54:05'),(3,101663,'2',0,2,NULL,1,8,'2017-10-20 16:44:44'),(4,101663,'1',0,2,NULL,1,3,'2017-10-20 16:44:44'),(5,101663,'2',0,5,NULL,1,8,'2017-10-20 16:44:49'),(6,101663,'1',0,5,NULL,1,3,'2017-10-20 16:44:49'),(7,100646,'6',0,3,NULL,1,150,'2017-10-23 19:27:49'),(8,100035,'6',0,3,NULL,1,150,'2017-10-23 22:57:57'),(9,101663,'2',0,5,NULL,1,8,'2017-10-24 12:05:28'),(10,101663,'1',0,5,NULL,1,3,'2017-10-24 12:05:28'),(11,101663,'4',0,4,NULL,1,1,'2017-10-24 12:06:57'),(12,103387,'2',0,2,NULL,1,8,'2017-10-24 14:34:50'),(13,103387,'1',0,2,NULL,1,3,'2017-10-24 14:34:50'),(14,103387,'2',0,5,NULL,1,8,'2017-10-24 14:34:58'),(15,103387,'1',0,5,NULL,1,3,'2017-10-24 14:34:58'),(16,103387,'2',0,5,NULL,1,8,'2017-10-26 16:42:31'),(17,103387,'1',0,5,NULL,1,3,'2017-10-26 16:42:31'),(18,103387,'6',0,3,NULL,1,150,'2017-10-27 15:55:58'),(19,103424,'2',0,2,NULL,1,8,'2017-10-27 15:59:58'),(20,103424,'1',0,2,NULL,1,3,'2017-10-27 15:59:58'),(21,103424,'2',0,2,NULL,1,8,'2017-10-27 16:00:05'),(22,103424,'1',0,2,NULL,1,3,'2017-10-27 16:00:05'),(23,103424,'2',0,5,NULL,1,8,'2017-10-27 16:00:15'),(24,103424,'1',0,5,NULL,1,3,'2017-10-27 16:00:15');

/*Table structure for table `jy_users_order_goods` */

DROP TABLE IF EXISTS `jy_users_order_goods`;

CREATE TABLE `jy_users_order_goods` (
  `Id` int(11) unsigned NOT NULL AUTO_INCREMENT COMMENT '订单物品',
  `playerid` bigint(20) unsigned NOT NULL COMMENT '用户ID',
  `PlatformOrder` varchar(30) NOT NULL COMMENT '订单号',
  `GoodsName` varchar(50) NOT NULL COMMENT '物品名',
  `GoodsCode` varchar(50) NOT NULL COMMENT '物品编码',
  `GetNum` int(1) unsigned NOT NULL COMMENT '物品数量',
  `Proportion` int(4) unsigned NOT NULL DEFAULT '0' COMMENT '首冲赠送比例',
  `GoodsID` int(11) unsigned NOT NULL COMMENT '物品ID',
  `Price` int(11) unsigned NOT NULL COMMENT '价格',
  `IsGive` tinyint(1) NOT NULL DEFAULT '1' COMMENT '是否赠送 1-否 2-是',
  `Number` int(4) NOT NULL DEFAULT '1' COMMENT '数量',
  `Type` tinyint(1) unsigned NOT NULL DEFAULT '1' COMMENT '物品类型',
  `DateTime` timestamp NOT NULL DEFAULT CURRENT_TIMESTAMP COMMENT '创建时间',
  PRIMARY KEY (`Id`),
  KEY `GoodsId` (`GoodsID`),
  KEY `Order` (`PlatformOrder`,`playerid`)
) ENGINE=InnoDB AUTO_INCREMENT=550 DEFAULT CHARSET=utf8;

/*Data for the table `jy_users_order_goods` */

insert  into `jy_users_order_goods`(`Id`,`playerid`,`PlatformOrder`,`GoodsName`,`GoodsCode`,`GetNum`,`Proportion`,`GoodsID`,`Price`,`IsGive`,`Number`,`Type`,`DateTime`) values (15,118102,'JYHD2017101254100535','648万金币','6480000',6480000,100,13,648,1,1,1,'2017-10-12 10:37:27'),(16,118102,'JYHD2017101299515610','648万金币','6480000',6480000,0,13,648,1,1,1,'2017-10-12 10:37:32'),(17,118102,'JYHD2017101250499854','328万金币','3280000',3280000,100,12,328,1,1,1,'2017-10-12 10:44:50'),(18,118102,'JYHD2017101255551011','328万金币','3280000',3280000,0,12,328,1,1,1,'2017-10-12 10:59:03'),(19,118102,'JYHD2017101210049485','328万金币','3280000',3280000,0,12,328,1,1,1,'2017-10-12 10:59:09'),(20,118102,'JYHD2017101250575651','328万金币','3280000',3280000,0,12,328,1,1,1,'2017-10-12 11:00:34'),(21,118102,'JYHD2017101210098981','328万金币','3280000',3280000,0,12,328,1,1,1,'2017-10-12 11:00:46'),(22,118102,'JYHD2017101252521029','328万金币','3280000',3280000,0,12,328,1,1,1,'2017-10-12 11:04:04'),(23,118102,'JYHD2017101299525448','328万金币','3280000',3280000,0,12,328,1,1,1,'2017-10-12 11:05:16'),(24,118102,'JYHD2017101210010110','328万金币','3280000',3280000,0,12,328,1,1,1,'2017-10-12 11:05:18'),(25,118195,'JYHD2017101298561029','328万金币','3280000',3280000,100,12,328,1,1,1,'2017-10-12 11:05:31'),(26,118195,'JYHD2017101299100985','328万金币','3280000',3280000,100,12,328,1,1,1,'2017-10-12 11:05:33'),(27,118195,'JYHD2017101210150484','328万金币','3280000',3280000,100,12,328,1,1,1,'2017-10-12 11:05:34'),(28,118195,'JYHD2017101210253100','328万金币','3280000',3280000,100,12,328,1,1,1,'2017-10-12 11:05:35'),(29,118195,'JYHD2017101248555110','328万金币','3280000',3280000,100,12,328,1,1,1,'2017-10-12 11:05:36'),(30,118195,'JYHD2017101249555154','328万金币','3280000',3280000,100,12,328,1,1,1,'2017-10-12 11:05:37'),(31,118195,'JYHD2017101250565149','328万金币','3280000',3280000,100,12,328,1,1,1,'2017-10-12 11:05:38'),(32,118195,'JYHD2017101251541015','328万金币','3280000',3280000,100,12,328,1,1,1,'2017-10-12 11:05:39'),(33,118195,'JYHD2017101252545110','328万金币','3280000',3280000,100,12,328,1,1,1,'2017-10-12 11:05:40'),(34,118273,'JYHD2017101210257100','6480钻石','6480',6480,100,23,648,1,1,2,'2017-10-12 11:22:07'),(35,118273,'JYHD2017101250985654','6480钻石','6480',6480,100,23,648,1,1,2,'2017-10-12 11:22:10'),(36,118398,'JYHD2017101256549855','月卡','2312',1,0,25,30,1,1,0,'2017-10-12 11:24:24'),(37,118398,'JYHD2017101256549855','自动发炮','1004',1,0,18,0,2,1,0,'2017-10-12 11:24:24'),(38,118398,'JYHD2017101256549855','捕渔券概率提升','1005',1,0,19,0,2,1,0,'2017-10-12 11:24:24'),(39,118398,'JYHD2017101256549855','锁定*8/天','2',1,0,26,0,2,8,3,'2017-10-12 11:24:24'),(40,118398,'JYHD2017101256549855','冰冻*3/天','1',1,0,27,0,2,3,3,'2017-10-12 11:24:24'),(41,118398,'JYHD2017101256549855','50000金币/天','50000',50000,0,36,0,2,1,1,'2017-10-12 11:24:24'),(42,118398,'JYHD2017101256549855','30钻石/天','30',30,0,37,0,2,1,2,'2017-10-12 11:24:24'),(43,118398,'JYHD2017101297559751','月卡','2312',1,0,25,30,1,1,0,'2017-10-12 11:24:26'),(44,118398,'JYHD2017101297559751','自动发炮','1004',1,0,18,0,2,1,0,'2017-10-12 11:24:26'),(45,118398,'JYHD2017101297559751','捕渔券概率提升','1005',1,0,19,0,2,1,0,'2017-10-12 11:24:26'),(46,118398,'JYHD2017101297559751','锁定*8/天','2',1,0,26,0,2,8,3,'2017-10-12 11:24:26'),(47,118398,'JYHD2017101297559751','冰冻*3/天','1',1,0,27,0,2,3,3,'2017-10-12 11:24:26'),(48,118398,'JYHD2017101297559751','50000金币/天','50000',50000,0,36,0,2,1,1,'2017-10-12 11:24:26'),(49,118398,'JYHD2017101297559751','30钻石/天','30',30,0,37,0,2,1,2,'2017-10-12 11:24:26'),(50,118398,'JYHD2017101299985749','月卡','2312',1,0,25,30,1,1,0,'2017-10-12 11:24:28'),(51,118398,'JYHD2017101299985749','自动发炮','1004',1,0,18,0,2,1,0,'2017-10-12 11:24:28'),(52,118398,'JYHD2017101299985749','捕渔券概率提升','1005',1,0,19,0,2,1,0,'2017-10-12 11:24:28'),(53,118398,'JYHD2017101299985749','锁定*8/天','2',1,0,26,0,2,8,3,'2017-10-12 11:24:28'),(54,118398,'JYHD2017101299985749','冰冻*3/天','1',1,0,27,0,2,3,3,'2017-10-12 11:24:28'),(55,118398,'JYHD2017101299985749','50000金币/天','50000',50000,0,36,0,2,1,1,'2017-10-12 11:24:28'),(56,118398,'JYHD2017101299985749','30钻石/天','30',30,0,37,0,2,1,2,'2017-10-12 11:24:28'),(57,118398,'JYHD2017101257100102','月卡','2312',1,0,25,30,1,1,0,'2017-10-12 11:24:42'),(58,118398,'JYHD2017101257100102','自动发炮','1004',1,0,18,0,2,1,0,'2017-10-12 11:24:42'),(59,118398,'JYHD2017101257100102','捕渔券概率提升','1005',1,0,19,0,2,1,0,'2017-10-12 11:24:42'),(60,118398,'JYHD2017101257100102','锁定*8/天','2',1,0,26,0,2,8,3,'2017-10-12 11:24:42'),(61,118398,'JYHD2017101257100102','冰冻*3/天','1',1,0,27,0,2,3,3,'2017-10-12 11:24:42'),(62,118398,'JYHD2017101257100102','50000金币/天','50000',50000,0,36,0,2,1,1,'2017-10-12 11:24:42'),(63,118398,'JYHD2017101257100102','30钻石/天','30',30,0,37,0,2,1,2,'2017-10-12 11:24:42'),(64,118398,'JYHD2017101249975250','月卡','2312',1,0,25,30,1,1,0,'2017-10-12 11:26:57'),(65,118398,'JYHD2017101249975250','自动发炮','1004',1,0,18,0,2,1,0,'2017-10-12 11:26:57'),(66,118398,'JYHD2017101249975250','捕渔券概率提升','1005',1,0,19,0,2,1,0,'2017-10-12 11:26:57'),(67,118398,'JYHD2017101249975250','锁定*8/天','2',1,0,26,0,2,8,3,'2017-10-12 11:26:57'),(68,118398,'JYHD2017101249975250','冰冻*3/天','1',1,0,27,0,2,3,3,'2017-10-12 11:26:57'),(69,118398,'JYHD2017101249975250','50000金币/天','50000',50000,0,36,0,2,1,1,'2017-10-12 11:26:57'),(70,118398,'JYHD2017101249975250','30钻石/天','30',30,0,37,0,2,1,2,'2017-10-12 11:26:57'),(71,118398,'JYHD2017101250994849','月卡','2312',1,0,25,30,1,1,0,'2017-10-12 11:26:58'),(72,118398,'JYHD2017101250994849','自动发炮','1004',1,0,18,0,2,1,0,'2017-10-12 11:26:58'),(73,118398,'JYHD2017101250994849','捕渔券概率提升','1005',1,0,19,0,2,1,0,'2017-10-12 11:26:58'),(74,118398,'JYHD2017101250994849','锁定*8/天','2',1,0,26,0,2,8,3,'2017-10-12 11:26:58'),(75,118398,'JYHD2017101250994849','冰冻*3/天','1',1,0,27,0,2,3,3,'2017-10-12 11:26:58'),(76,118398,'JYHD2017101250994849','50000金币/天','50000',50000,0,36,0,2,1,1,'2017-10-12 11:26:58'),(77,118398,'JYHD2017101250994849','30钻石/天','30',30,0,37,0,2,1,2,'2017-10-12 11:26:58'),(78,118398,'JYHD2017101297495210','月卡','2312',1,0,25,30,1,1,0,'2017-10-12 11:27:06'),(79,118398,'JYHD2017101297495210','自动发炮','1004',1,0,18,0,2,1,0,'2017-10-12 11:27:06'),(80,118398,'JYHD2017101297495210','捕渔券概率提升','1005',1,0,19,0,2,1,0,'2017-10-12 11:27:06'),(81,118398,'JYHD2017101297495210','锁定*8/天','2',1,0,26,0,2,8,3,'2017-10-12 11:27:06'),(82,118398,'JYHD2017101297495210','冰冻*3/天','1',1,0,27,0,2,3,3,'2017-10-12 11:27:06'),(83,118398,'JYHD2017101297495210','50000金币/天','50000',50000,0,36,0,2,1,1,'2017-10-12 11:27:06'),(84,118398,'JYHD2017101297495210','30钻石/天','30',30,0,37,0,2,1,2,'2017-10-12 11:27:06'),(85,118398,'JYHD2017101255565350','月卡','2312',1,0,25,30,1,1,0,'2017-10-12 11:27:19'),(86,118398,'JYHD2017101255565350','自动发炮','1004',1,0,18,0,2,1,0,'2017-10-12 11:27:19'),(87,118398,'JYHD2017101255565350','捕渔券概率提升','1005',1,0,19,0,2,1,0,'2017-10-12 11:27:19'),(88,118398,'JYHD2017101255565350','锁定*8/天','2',1,0,26,0,2,8,3,'2017-10-12 11:27:19'),(89,118398,'JYHD2017101255565350','冰冻*3/天','1',1,0,27,0,2,3,3,'2017-10-12 11:27:19'),(90,118398,'JYHD2017101255565350','50000金币/天','50000',50000,0,36,0,2,1,1,'2017-10-12 11:27:19'),(91,118398,'JYHD2017101255565350','30钻石/天','30',30,0,37,0,2,1,2,'2017-10-12 11:27:19'),(92,118398,'JYHD2017101297565598','月卡','2312',1,0,25,30,1,1,0,'2017-10-12 11:27:54'),(93,118398,'JYHD2017101297565598','自动发炮','1004',1,0,18,0,2,1,0,'2017-10-12 11:27:54'),(94,118398,'JYHD2017101297565598','捕渔券概率提升','1005',1,0,19,0,2,1,0,'2017-10-12 11:27:54'),(95,118398,'JYHD2017101297565598','锁定*8/天','2',1,0,26,0,2,8,3,'2017-10-12 11:27:54'),(96,118398,'JYHD2017101297565598','冰冻*3/天','1',1,0,27,0,2,3,3,'2017-10-12 11:27:54'),(97,118398,'JYHD2017101297565598','50000金币/天','50000',50000,0,36,0,2,1,1,'2017-10-12 11:27:54'),(98,118398,'JYHD2017101297565598','30钻石/天','30',30,0,37,0,2,1,2,'2017-10-12 11:27:54'),(99,118398,'JYHD2017101299985456','月卡','2312',1,0,25,30,1,1,0,'2017-10-12 11:27:56'),(100,118398,'JYHD2017101299985456','自动发炮','1004',1,0,18,0,2,1,0,'2017-10-12 11:27:56'),(101,118398,'JYHD2017101299985456','捕渔券概率提升','1005',1,0,19,0,2,1,0,'2017-10-12 11:27:56'),(102,118398,'JYHD2017101299985456','锁定*8/天','2',1,0,26,0,2,8,3,'2017-10-12 11:27:56'),(103,118398,'JYHD2017101299985456','冰冻*3/天','1',1,0,27,0,2,3,3,'2017-10-12 11:27:56'),(104,118398,'JYHD2017101299985456','50000金币/天','50000',50000,0,36,0,2,1,1,'2017-10-12 11:27:56'),(105,118398,'JYHD2017101299985456','30钻石/天','30',30,0,37,0,2,1,2,'2017-10-12 11:27:56'),(106,118398,'JYHD2017101210099995','月卡','2312',1,0,25,30,1,1,0,'2017-10-12 11:27:58'),(107,118398,'JYHD2017101210099995','自动发炮','1004',1,0,18,0,2,1,0,'2017-10-12 11:27:58'),(108,118398,'JYHD2017101210099995','捕渔券概率提升','1005',1,0,19,0,2,1,0,'2017-10-12 11:27:58'),(109,118398,'JYHD2017101210099995','锁定*8/天','2',1,0,26,0,2,8,3,'2017-10-12 11:27:58'),(110,118398,'JYHD2017101210099995','冰冻*3/天','1',1,0,27,0,2,3,3,'2017-10-12 11:27:58'),(111,118398,'JYHD2017101210099995','50000金币/天','50000',50000,0,36,0,2,1,1,'2017-10-12 11:27:58'),(112,118398,'JYHD2017101210099995','30钻石/天','30',30,0,37,0,2,1,2,'2017-10-12 11:27:58'),(113,118398,'JYHD2017101298102499','月卡','2312',1,0,25,30,1,1,0,'2017-10-12 11:31:24'),(114,118398,'JYHD2017101298102499','自动发炮','1004',1,0,18,0,2,1,0,'2017-10-12 11:31:24'),(115,118398,'JYHD2017101298102499','捕渔券概率提升','1005',1,0,19,0,2,1,0,'2017-10-12 11:31:24'),(116,118398,'JYHD2017101298102499','锁定*8/天','2',1,0,26,0,2,8,3,'2017-10-12 11:31:24'),(117,118398,'JYHD2017101298102499','冰冻*3/天','1',1,0,27,0,2,3,3,'2017-10-12 11:31:24'),(118,118398,'JYHD2017101298102499','50000金币/天','50000',50000,0,36,0,2,1,1,'2017-10-12 11:31:24'),(119,118398,'JYHD2017101298102499','30钻石/天','30',30,0,37,0,2,1,2,'2017-10-12 11:31:24'),(120,118398,'JYHD2017101210056995','月卡','2312',1,0,25,30,1,1,0,'2017-10-12 11:31:25'),(121,118398,'JYHD2017101210056995','自动发炮','1004',1,0,18,0,2,1,0,'2017-10-12 11:31:25'),(122,118398,'JYHD2017101210056995','捕渔券概率提升','1005',1,0,19,0,2,1,0,'2017-10-12 11:31:25'),(123,118398,'JYHD2017101210056995','锁定*8/天','2',1,0,26,0,2,8,3,'2017-10-12 11:31:25'),(124,118398,'JYHD2017101210056995','冰冻*3/天','1',1,0,27,0,2,3,3,'2017-10-12 11:31:25'),(125,118398,'JYHD2017101210056995','50000金币/天','50000',50000,0,36,0,2,1,1,'2017-10-12 11:31:25'),(126,118398,'JYHD2017101210056995','30钻石/天','30',30,0,37,0,2,1,2,'2017-10-12 11:31:25'),(127,118398,'JYHD2017101210010199','月卡','2312',1,0,25,30,1,1,0,'2017-10-12 11:31:26'),(128,118398,'JYHD2017101210010199','自动发炮','1004',1,0,18,0,2,1,0,'2017-10-12 11:31:26'),(129,118398,'JYHD2017101210010199','捕渔券概率提升','1005',1,0,19,0,2,1,0,'2017-10-12 11:31:26'),(130,118398,'JYHD2017101210010199','锁定*8/天','2',1,0,26,0,2,8,3,'2017-10-12 11:31:26'),(131,118398,'JYHD2017101210010199','冰冻*3/天','1',1,0,27,0,2,3,3,'2017-10-12 11:31:26'),(132,118398,'JYHD2017101210010199','50000金币/天','50000',50000,0,36,0,2,1,1,'2017-10-12 11:31:26'),(133,118398,'JYHD2017101210010199','30钻石/天','30',30,0,37,0,2,1,2,'2017-10-12 11:31:26'),(134,118398,'JYHD2017101210152511','月卡','2312',1,0,25,30,1,1,0,'2017-10-12 11:31:26'),(135,118398,'JYHD2017101210152511','自动发炮','1004',1,0,18,0,2,1,0,'2017-10-12 11:31:26'),(136,118398,'JYHD2017101210152511','捕渔券概率提升','1005',1,0,19,0,2,1,0,'2017-10-12 11:31:26'),(137,118398,'JYHD2017101210152511','锁定*8/天','2',1,0,26,0,2,8,3,'2017-10-12 11:31:26'),(138,118398,'JYHD2017101210152511','冰冻*3/天','1',1,0,27,0,2,3,3,'2017-10-12 11:31:26'),(139,118398,'JYHD2017101210152511','50000金币/天','50000',50000,0,36,0,2,1,1,'2017-10-12 11:31:26'),(140,118398,'JYHD2017101210152511','30钻石/天','30',30,0,37,0,2,1,2,'2017-10-12 11:31:26'),(141,118398,'JYHD2017101210157485','月卡','2312',1,0,25,30,1,1,0,'2017-10-12 11:31:26'),(142,118398,'JYHD2017101210157485','自动发炮','1004',1,0,18,0,2,1,0,'2017-10-12 11:31:26'),(143,118398,'JYHD2017101210157485','捕渔券概率提升','1005',1,0,19,0,2,1,0,'2017-10-12 11:31:26'),(144,118398,'JYHD2017101210157485','锁定*8/天','2',1,0,26,0,2,8,3,'2017-10-12 11:31:26'),(145,118398,'JYHD2017101210157485','冰冻*3/天','1',1,0,27,0,2,3,3,'2017-10-12 11:31:26'),(146,118398,'JYHD2017101210157485','50000金币/天','50000',50000,0,36,0,2,1,1,'2017-10-12 11:31:26'),(147,118398,'JYHD2017101210157485','30钻石/天','30',30,0,37,0,2,1,2,'2017-10-12 11:31:26'),(148,118398,'JYHD2017101210110056','月卡','2312',1,0,25,30,1,1,0,'2017-10-12 11:31:27'),(149,118398,'JYHD2017101210110056','自动发炮','1004',1,0,18,0,2,1,0,'2017-10-12 11:31:27'),(150,118398,'JYHD2017101210110056','捕渔券概率提升','1005',1,0,19,0,2,1,0,'2017-10-12 11:31:27'),(151,118398,'JYHD2017101210110056','锁定*8/天','2',1,0,26,0,2,8,3,'2017-10-12 11:31:27'),(152,118398,'JYHD2017101210110056','冰冻*3/天','1',1,0,27,0,2,3,3,'2017-10-12 11:31:27'),(153,118398,'JYHD2017101210110056','50000金币/天','50000',50000,0,36,0,2,1,1,'2017-10-12 11:31:27'),(154,118398,'JYHD2017101210110056','30钻石/天','30',30,0,37,0,2,1,2,'2017-10-12 11:31:27'),(155,118398,'JYHD2017101249565549','月卡','2312',1,0,25,30,1,1,0,'2017-10-12 11:31:45'),(156,118398,'JYHD2017101249565549','自动发炮','1004',1,0,18,0,2,1,0,'2017-10-12 11:31:45'),(157,118398,'JYHD2017101249565549','捕渔券概率提升','1005',1,0,19,0,2,1,0,'2017-10-12 11:31:45'),(158,118398,'JYHD2017101249565549','锁定*8/天','2',1,0,26,0,2,8,3,'2017-10-12 11:31:45'),(159,118398,'JYHD2017101249565549','冰冻*3/天','1',1,0,27,0,2,3,3,'2017-10-12 11:31:45'),(160,118398,'JYHD2017101249565549','50000金币/天','50000',50000,0,36,0,2,1,1,'2017-10-12 11:31:45'),(161,118398,'JYHD2017101249565549','30钻石/天','30',30,0,37,0,2,1,2,'2017-10-12 11:31:45'),(162,118603,'JYHD2017101249535753','月卡','2312',1,0,25,30,1,1,0,'2017-10-12 11:36:17'),(163,118603,'JYHD2017101249535753','自动发炮','1004',1,0,18,0,2,1,0,'2017-10-12 11:36:17'),(164,118603,'JYHD2017101249535753','捕渔券概率提升','1005',1,0,19,0,2,1,0,'2017-10-12 11:36:17'),(165,118603,'JYHD2017101249535753','锁定*8/天','2',1,0,26,0,2,8,3,'2017-10-12 11:36:17'),(166,118603,'JYHD2017101249535753','冰冻*3/天','1',1,0,27,0,2,3,3,'2017-10-12 11:36:17'),(167,118603,'JYHD2017101249535753','50000金币/天','50000',50000,0,36,0,2,1,1,'2017-10-12 11:36:17'),(168,118603,'JYHD2017101249535753','30钻石/天','30',30,0,37,0,2,1,2,'2017-10-12 11:36:17'),(169,118603,'JYHD2017101298515657','680钻石','680',680,100,16,68,1,1,2,'2017-10-12 11:42:35'),(170,118603,'JYHD2017101210252525','680钻石','680',680,0,16,68,1,1,2,'2017-10-12 11:45:03'),(171,118603,'JYHD2017101299984848','6480钻石','6480',6480,100,23,648,1,1,2,'2017-10-12 11:45:16'),(172,118603,'JYHD2017101257985248','首冲礼包','1002',1,0,24,6,1,1,0,'2017-10-12 11:45:45'),(173,118603,'JYHD2017101257985248','1金币','',1,0,42,0,2,20000,1,'2017-10-12 11:45:45'),(174,118603,'JYHD2017101257985248','1钻石','',1,0,43,0,2,100,2,'2017-10-12 11:45:45'),(175,118603,'JYHD2017101254521005','648万金币','6480000',6480000,100,13,648,1,1,1,'2017-10-12 11:45:58'),(176,118893,'JYHD2017101210256499','月卡','2312',1,0,25,30,1,1,0,'2017-10-12 12:13:03'),(177,118893,'JYHD2017101210256499','自动发炮','1004',1,0,18,0,2,1,0,'2017-10-12 12:13:03'),(178,118893,'JYHD2017101210256499','捕渔券概率提升','1005',1,0,19,0,2,1,0,'2017-10-12 12:13:03'),(179,118893,'JYHD2017101210256499','锁定*8/天','2',1,0,26,0,2,8,3,'2017-10-12 12:13:03'),(180,118893,'JYHD2017101210256499','冰冻*3/天','1',1,0,27,0,2,3,3,'2017-10-12 12:13:03'),(181,118893,'JYHD2017101210256499','50000金币/天','50000',50000,0,36,0,2,1,1,'2017-10-12 12:13:03'),(182,118893,'JYHD2017101210256499','30钻石/天','30',30,0,37,0,2,1,2,'2017-10-12 12:13:03'),(183,119474,'JYHD2017101252485498','60钻石','60',60,100,14,6,1,1,2,'2017-10-12 15:39:00'),(184,119580,'JYHD2017101210150102','月卡','2312',1,0,25,30,1,1,0,'2017-10-12 16:15:42'),(185,119580,'JYHD2017101210150102','自动发炮','1004',1,0,18,0,2,1,0,'2017-10-12 16:15:42'),(186,119580,'JYHD2017101210150102','捕渔券概率提升','1005',1,0,19,0,2,1,0,'2017-10-12 16:15:42'),(187,119580,'JYHD2017101210150102','锁定*8/天','2',1,0,26,0,2,8,3,'2017-10-12 16:15:42'),(188,119580,'JYHD2017101210150102','冰冻*3/天','1',1,0,27,0,2,3,3,'2017-10-12 16:15:42'),(189,119580,'JYHD2017101210150102','50000金币/天','50000',50000,0,36,0,2,1,1,'2017-10-12 16:15:42'),(190,119580,'JYHD2017101210150102','30钻石/天','30',30,0,37,0,2,1,2,'2017-10-12 16:15:42'),(191,101507,'JYHD2017101250544855','3280钻石','3280',3280,100,20,328,1,1,2,'2017-10-12 16:55:30'),(192,120185,'JYHD2017101252545548','60000金币','60000',60000,100,8,0,1,1,1,'2017-10-12 16:58:28'),(193,120269,'JYHD2017101257525648','月卡','2312',1,0,25,30,1,1,0,'2017-10-12 17:20:41'),(194,120269,'JYHD2017101257525648','自动发炮','1004',1,0,18,0,2,1,0,'2017-10-12 17:20:41'),(195,120269,'JYHD2017101257525648','捕渔券概率提升','1005',1,0,19,0,2,1,0,'2017-10-12 17:20:41'),(196,120269,'JYHD2017101257525648','锁定*8/天','2',1,0,26,0,2,8,3,'2017-10-12 17:20:41'),(197,120269,'JYHD2017101257525648','冰冻*3/天','1',1,0,27,0,2,3,3,'2017-10-12 17:20:41'),(198,120269,'JYHD2017101257525648','50000金币/天','50000',50000,0,36,0,2,1,1,'2017-10-12 17:20:41'),(199,120269,'JYHD2017101257525648','30钻石/天','30',30,0,37,0,2,1,2,'2017-10-12 17:20:41'),(200,120269,'JYHD2017101210210049','月卡','2312',1,0,25,30,1,1,0,'2017-10-12 17:20:48'),(201,120269,'JYHD2017101210210049','自动发炮','1004',1,0,18,0,2,1,0,'2017-10-12 17:20:48'),(202,120269,'JYHD2017101210210049','捕渔券概率提升','1005',1,0,19,0,2,1,0,'2017-10-12 17:20:48'),(203,120269,'JYHD2017101210210049','锁定*8/天','2',1,0,26,0,2,8,3,'2017-10-12 17:20:48'),(204,120269,'JYHD2017101210210049','冰冻*3/天','1',1,0,27,0,2,3,3,'2017-10-12 17:20:48'),(205,120269,'JYHD2017101210210049','50000金币/天','50000',50000,0,36,0,2,1,1,'2017-10-12 17:20:48'),(206,120269,'JYHD2017101210210049','30钻石/天','30',30,0,37,0,2,1,2,'2017-10-12 17:20:48'),(207,120295,'JYHD2017101251102485','68万金币','680000',680000,100,10,68,1,1,1,'2017-10-12 17:21:56'),(208,120295,'JYHD2017101253569910','30万金币','300000',300000,100,9,0,1,1,1,'2017-10-12 17:21:57'),(209,120295,'JYHD2017101254555597','60000金币','60000',60000,100,8,0,1,1,1,'2017-10-12 17:21:58'),(210,120295,'JYHD2017101255501005','328万金币','3280000',3280000,100,12,328,1,1,1,'2017-10-12 17:21:59'),(211,120295,'JYHD2017101255100100','648万金币','6480000',6480000,100,13,648,1,1,1,'2017-10-12 17:22:00'),(212,120364,'JYHD2017101255485199','首冲礼包','1002',1,0,24,6,1,1,0,'2017-10-12 17:22:47'),(213,120364,'JYHD2017101255485199','1金币','',1,0,42,0,2,20000,1,'2017-10-12 17:22:47'),(214,120364,'JYHD2017101255485199','1钻石','',1,0,43,0,2,100,2,'2017-10-12 17:22:47'),(215,120364,'JYHD2017101299529853','月卡','2312',1,0,25,30,1,1,0,'2017-10-12 17:22:52'),(216,120364,'JYHD2017101299529853','自动发炮','1004',1,0,18,0,2,1,0,'2017-10-12 17:22:52'),(217,120364,'JYHD2017101299529853','捕渔券概率提升','1005',1,0,19,0,2,1,0,'2017-10-12 17:22:52'),(218,120364,'JYHD2017101299529853','锁定*8/天','2',1,0,26,0,2,8,3,'2017-10-12 17:22:52'),(219,120364,'JYHD2017101299529853','冰冻*3/天','1',1,0,27,0,2,3,3,'2017-10-12 17:22:52'),(220,120364,'JYHD2017101299529853','50000金币/天','50000',50000,0,36,0,2,1,1,'2017-10-12 17:22:52'),(221,120364,'JYHD2017101299529853','30钻石/天','30',30,0,37,0,2,1,2,'2017-10-12 17:22:52'),(222,120269,'JYHD2017101210156525','月卡','2312',1,0,25,30,1,1,0,'2017-10-12 17:23:58'),(223,120269,'JYHD2017101210156525','自动发炮','1004',1,0,18,0,2,1,0,'2017-10-12 17:23:58'),(224,120269,'JYHD2017101210156525','捕渔券概率提升','1005',1,0,19,0,2,1,0,'2017-10-12 17:23:58'),(225,120269,'JYHD2017101210156525','锁定*8/天','2',1,0,26,0,2,8,3,'2017-10-12 17:23:58'),(226,120269,'JYHD2017101210156525','冰冻*3/天','1',1,0,27,0,2,3,3,'2017-10-12 17:23:58'),(227,120269,'JYHD2017101210156525','50000金币/天','50000',50000,0,36,0,2,1,1,'2017-10-12 17:23:58'),(228,120269,'JYHD2017101210156525','30钻石/天','30',30,0,37,0,2,1,2,'2017-10-12 17:23:58'),(229,100282,'JYHD2017101210156524','月卡','2312',1,0,25,30,1,1,0,'2017-10-12 17:24:46'),(230,100282,'JYHD2017101210156524','自动发炮','1004',1,0,18,0,2,1,0,'2017-10-12 17:24:46'),(231,100282,'JYHD2017101210156524','捕渔券概率提升','1005',1,0,19,0,2,1,0,'2017-10-12 17:24:46'),(232,100282,'JYHD2017101210156524','锁定*8/天','2',1,0,26,0,2,8,3,'2017-10-12 17:24:46'),(233,100282,'JYHD2017101210156524','冰冻*3/天','1',1,0,27,0,2,3,3,'2017-10-12 17:24:46'),(234,100282,'JYHD2017101210156524','50000金币/天','50000',50000,0,36,0,2,1,1,'2017-10-12 17:24:46'),(235,100282,'JYHD2017101210156524','30钻石/天','30',30,0,37,0,2,1,2,'2017-10-12 17:24:46'),(236,100282,'JYHD2017101250491015','月卡','2312',1,0,25,30,1,1,0,'2017-10-12 17:24:50'),(237,100282,'JYHD2017101250491015','自动发炮','1004',1,0,18,0,2,1,0,'2017-10-12 17:24:50'),(238,100282,'JYHD2017101250491015','捕渔券概率提升','1005',1,0,19,0,2,1,0,'2017-10-12 17:24:50'),(239,100282,'JYHD2017101250491015','锁定*8/天','2',1,0,26,0,2,8,3,'2017-10-12 17:24:50'),(240,100282,'JYHD2017101250491015','冰冻*3/天','1',1,0,27,0,2,3,3,'2017-10-12 17:24:50'),(241,100282,'JYHD2017101250491015','50000金币/天','50000',50000,0,36,0,2,1,1,'2017-10-12 17:24:50'),(242,100282,'JYHD2017101250491015','30钻石/天','30',30,0,37,0,2,1,2,'2017-10-12 17:24:50'),(243,100282,'JYHD2017101252574851','月卡','2312',1,0,25,30,1,1,0,'2017-10-12 17:24:52'),(244,100282,'JYHD2017101252574851','自动发炮','1004',1,0,18,0,2,1,0,'2017-10-12 17:24:52'),(245,100282,'JYHD2017101252574851','捕渔券概率提升','1005',1,0,19,0,2,1,0,'2017-10-12 17:24:52'),(246,100282,'JYHD2017101252574851','锁定*8/天','2',1,0,26,0,2,8,3,'2017-10-12 17:24:52'),(247,100282,'JYHD2017101252574851','冰冻*3/天','1',1,0,27,0,2,3,3,'2017-10-12 17:24:52'),(248,100282,'JYHD2017101252574851','50000金币/天','50000',50000,0,36,0,2,1,1,'2017-10-12 17:24:52'),(249,100282,'JYHD2017101252574851','30钻石/天','30',30,0,37,0,2,1,2,'2017-10-12 17:24:52'),(250,100282,'JYHD2017101254981024','月卡','2312',1,0,25,30,1,1,0,'2017-10-12 17:24:54'),(251,100282,'JYHD2017101254981024','自动发炮','1004',1,0,18,0,2,1,0,'2017-10-12 17:24:54'),(252,100282,'JYHD2017101254981024','捕渔券概率提升','1005',1,0,19,0,2,1,0,'2017-10-12 17:24:54'),(253,100282,'JYHD2017101254981024','锁定*8/天','2',1,0,26,0,2,8,3,'2017-10-12 17:24:54'),(254,100282,'JYHD2017101254981024','冰冻*3/天','1',1,0,27,0,2,3,3,'2017-10-12 17:24:54'),(255,100282,'JYHD2017101254981024','50000金币/天','50000',50000,0,36,0,2,1,1,'2017-10-12 17:24:54'),(256,100282,'JYHD2017101254981024','30钻石/天','30',30,0,37,0,2,1,2,'2017-10-12 17:24:54'),(257,120371,'JYHD2017101254575653','6480钻石','6480',6480,100,23,648,1,1,2,'2017-10-12 17:53:26'),(258,120371,'JYHD2017101210048544','648万金币','6480000',6480000,100,13,648,1,1,1,'2017-10-12 17:54:05'),(259,120398,'JYHD2017101249994956','648万金币','6480000',6480000,100,13,648,1,1,1,'2017-10-12 17:54:09'),(260,120398,'JYHD2017101257494854','68万金币','680000',680000,100,10,68,1,1,1,'2017-10-12 17:55:21'),(261,120398,'JYHD2017101299535148','68万金币','680000',680000,100,10,68,1,1,1,'2017-10-12 17:55:24'),(262,120451,'JYHD2017101249571029','首冲礼包','1002',1,0,24,6,1,1,0,'2017-10-12 17:56:49'),(263,120451,'JYHD2017101249571029','1金币','',1,0,42,0,2,20000,1,'2017-10-12 17:56:49'),(264,120451,'JYHD2017101249571029','1钻石','',1,0,43,0,2,100,2,'2017-10-12 17:56:49'),(265,120633,'JYHD2017101298995657','首冲礼包','1002',1,0,24,6,1,1,0,'2017-10-12 18:09:00'),(266,120633,'JYHD2017101298995657','1金币','',1,0,42,0,2,20000,1,'2017-10-12 18:09:00'),(267,120633,'JYHD2017101298995657','1钻石','',1,0,43,0,2,100,2,'2017-10-12 18:09:00'),(268,120941,'JYHD2017101249995757','首冲礼包','1002',1,0,24,6,1,1,0,'2017-10-12 18:44:50'),(269,120941,'JYHD2017101249995757','1金币','',1,0,42,0,2,20000,1,'2017-10-12 18:44:50'),(270,120941,'JYHD2017101249995757','1钻石','',1,0,43,0,2,100,2,'2017-10-12 18:44:50'),(271,120941,'JYHD2017101297521025','68万金币','680000',680000,100,10,68,1,1,1,'2017-10-12 18:44:58'),(272,120941,'JYHD2017101299101985','168万金币','1680000',1680000,100,11,168,1,1,1,'2017-10-12 18:45:01'),(273,120941,'JYHD2017101210253514','648万金币','6480000',6480000,100,13,648,1,1,1,'2017-10-12 18:45:03'),(274,120941,'JYHD2017101251565050','月卡','2312',1,0,25,30,1,1,0,'2017-10-12 18:45:23'),(275,120941,'JYHD2017101251565050','自动发炮','1004',1,0,18,0,2,1,0,'2017-10-12 18:45:23'),(276,120941,'JYHD2017101251565050','捕渔券概率提升','1005',1,0,19,0,2,1,0,'2017-10-12 18:45:23'),(277,120941,'JYHD2017101251565050','锁定*8/天','2',1,0,26,0,2,8,3,'2017-10-12 18:45:23'),(278,120941,'JYHD2017101251565050','冰冻*3/天','1',1,0,27,0,2,3,3,'2017-10-12 18:45:23'),(279,120941,'JYHD2017101251565050','50000金币/天','50000',50000,0,36,0,2,1,1,'2017-10-12 18:45:23'),(280,120941,'JYHD2017101251565050','30钻石/天','30',30,0,37,0,2,1,2,'2017-10-12 18:45:23'),(281,120954,'JYHD2017101299525610','328万金币','3280000',3280000,100,12,328,1,1,1,'2017-10-12 18:50:20'),(282,121342,'JYHD2017101356501025','6480钻石','6480',6480,100,23,648,1,1,2,'2017-10-13 10:42:00'),(283,121396,'JYHD2017101356101985','6480钻石','6480',6480,100,23,648,1,1,2,'2017-10-13 10:48:57'),(284,121464,'JYHD2017101353995748','6480钻石','6480',6480,100,23,648,1,1,2,'2017-10-13 10:50:30'),(285,113927,'JYHD2017101356535610','6480钻石','6480',6480,100,23,648,1,1,2,'2017-10-13 11:06:32'),(286,100282,'JYHD2017101356505110','月卡','2312',1,0,25,30,1,1,0,'2017-10-13 14:17:12'),(287,100282,'JYHD2017101356505110','自动发炮','1004',1,0,18,0,2,1,0,'2017-10-13 14:17:12'),(288,100282,'JYHD2017101356505110','捕渔券概率提升','1005',1,0,19,0,2,1,0,'2017-10-13 14:17:12'),(289,100282,'JYHD2017101356505110','锁定*8/天','2',1,0,26,0,2,8,3,'2017-10-13 14:17:12'),(290,100282,'JYHD2017101356505110','冰冻*3/天','1',1,0,27,0,2,3,3,'2017-10-13 14:17:12'),(291,100282,'JYHD2017101356505110','50000金币/天','50000',50000,0,36,0,2,1,1,'2017-10-13 14:17:12'),(292,100282,'JYHD2017101356505110','30钻石/天','30',30,0,37,0,2,1,2,'2017-10-13 14:17:12'),(293,124012,'JYHD2017101310154539','月卡','2312',1,0,25,30,1,1,0,'2017-10-13 16:40:30'),(294,124012,'JYHD2017101310154539','自动发炮','1004',1,0,18,0,2,1,0,'2017-10-13 16:40:30'),(295,124012,'JYHD2017101310154539','捕渔券概率提升','1005',1,0,19,0,2,1,0,'2017-10-13 16:40:30'),(296,124012,'JYHD2017101310154539','锁定*8/天','2',1,0,26,0,2,8,3,'2017-10-13 16:40:30'),(297,124012,'JYHD2017101310154539','冰冻*3/天','1',1,0,27,0,2,3,3,'2017-10-13 16:40:30'),(298,124012,'JYHD2017101310154539','50000金币/天','50000',50000,0,36,0,2,1,1,'2017-10-13 16:40:30'),(299,124012,'JYHD2017101310154539','30钻石/天','30',30,0,37,0,2,1,2,'2017-10-13 16:40:30'),(300,124311,'JYHD2017101354975157','月卡','2312',1,0,25,30,1,1,0,'2017-10-13 16:44:22'),(301,124311,'JYHD2017101354975157','自动发炮','1004',1,0,18,0,2,1,0,'2017-10-13 16:44:22'),(302,124311,'JYHD2017101354975157','捕渔券概率提升','1005',1,0,19,0,2,1,0,'2017-10-13 16:44:22'),(303,124311,'JYHD2017101354975157','锁定*8/天','2',1,0,26,0,2,8,3,'2017-10-13 16:44:22'),(304,124311,'JYHD2017101354975157','冰冻*3/天','1',1,0,27,0,2,3,3,'2017-10-13 16:44:22'),(305,124311,'JYHD2017101354975157','50000金币/天','50000',50000,0,36,0,2,1,1,'2017-10-13 16:44:22'),(306,124311,'JYHD2017101354975157','30钻石/天','30',30,0,37,0,2,1,2,'2017-10-13 16:44:22'),(307,101909,'JYHD2017101353975449','68万金币','680000',680000,100,10,68,1,1,1,'2017-10-13 17:37:09'),(308,101909,'JYHD2017101310056545','68万金币','680000',680000,0,10,68,1,1,1,'2017-10-13 17:38:05'),(309,101909,'JYHD2017101351102509','68万金币','680000',680000,0,10,68,1,1,1,'2017-10-13 17:40:20'),(310,101909,'JYHD2017101310249481','68万金币','680000',680000,0,10,68,1,1,1,'2017-10-13 17:41:51'),(311,125231,'JYHD2017101357515150','首冲礼包','1002',1,0,24,6,1,1,0,'2017-10-13 18:20:25'),(312,125231,'JYHD2017101357515150','1金币','',1,0,42,0,2,20000,1,'2017-10-13 18:20:25'),(313,125231,'JYHD2017101357515150','1钻石','',1,0,43,0,2,100,2,'2017-10-13 18:20:25'),(314,125231,'JYHD2017101348551015','月卡','2312',1,0,25,30,1,1,0,'2017-10-13 18:20:32'),(315,125231,'JYHD2017101348551015','自动发炮','1004',1,0,18,0,2,1,0,'2017-10-13 18:20:32'),(316,125231,'JYHD2017101348551015','捕渔券概率提升','1005',1,0,19,0,2,1,0,'2017-10-13 18:20:32'),(317,125231,'JYHD2017101348551015','锁定*8/天','2',1,0,26,0,2,8,3,'2017-10-13 18:20:32'),(318,125231,'JYHD2017101348551015','冰冻*3/天','1',1,0,27,0,2,3,3,'2017-10-13 18:20:32'),(319,125231,'JYHD2017101348551015','50000金币/天','50000',50000,0,36,0,2,1,1,'2017-10-13 18:20:32'),(320,125231,'JYHD2017101348551015','30钻石/天','30',30,0,37,0,2,1,2,'2017-10-13 18:20:32'),(321,125231,'JYHD2017101310198971','648万金币','6480000',6480000,100,13,648,1,1,1,'2017-10-13 18:20:46'),(322,125231,'JYHD2017101350100985','648万金币','6480000',6480000,0,13,648,1,1,1,'2017-10-13 18:20:51'),(323,125231,'JYHD2017101398509755','648万金币','6480000',6480000,0,13,648,1,1,1,'2017-10-13 18:20:59'),(324,125231,'JYHD2017101350565350','648万金币','6480000',6480000,0,13,648,1,1,1,'2017-10-13 18:21:06'),(325,125231,'JYHD2017101356489856','648万金币','6480000',6480000,0,13,648,1,1,1,'2017-10-13 18:21:12'),(326,125231,'JYHD2017101310048555','648万金币','6480000',6480000,0,13,648,1,1,1,'2017-10-13 18:21:17'),(327,125231,'JYHD2017101348101539','648万金币','6480000',6480000,0,13,648,1,1,1,'2017-10-13 18:21:21'),(328,125231,'JYHD2017101353985552','648万金币','6480000',6480000,0,13,648,1,1,1,'2017-10-13 18:21:25'),(329,125231,'JYHD2017101397535753','648万金币','6480000',6480000,0,13,648,1,1,1,'2017-10-13 18:21:30'),(330,125231,'JYHD2017101350555599','648万金币','6480000',6480000,0,13,648,1,1,1,'2017-10-13 18:21:38'),(331,125231,'JYHD2017101353495752','648万金币','6480000',6480000,0,13,648,1,1,1,'2017-10-13 18:21:41'),(332,125231,'JYHD2017101353525449','648万金币','6480000',6480000,0,13,648,1,1,1,'2017-10-13 18:21:41'),(333,125231,'JYHD2017101357531009','648万金币','6480000',6480000,0,13,648,1,1,1,'2017-10-13 18:21:45'),(334,125231,'JYHD2017101310257501','648万金币','6480000',6480000,0,13,648,1,1,1,'2017-10-13 18:21:51'),(335,125231,'JYHD2017101310299501','648万金币','6480000',6480000,0,13,648,1,1,1,'2017-10-13 18:21:51'),(336,125231,'JYHD2017101351535654','648万金币','6480000',6480000,0,13,648,1,1,1,'2017-10-13 18:21:55'),(337,125231,'JYHD2017101351985356','648万金币','6480000',6480000,0,13,648,1,1,1,'2017-10-13 18:21:56'),(338,125231,'JYHD2017101398101994','6480钻石','6480',6480,100,23,648,1,1,2,'2017-10-13 18:24:12'),(339,125231,'JYHD2017101310197545','6480钻石','6480',6480,0,23,648,1,1,2,'2017-10-13 18:24:14'),(340,125231,'JYHD2017101310110153','6480钻石','6480',6480,0,23,648,1,1,2,'2017-10-13 18:24:15'),(341,125231,'JYHD2017101351485653','3280钻石','3280',3280,100,20,328,1,1,2,'2017-10-13 18:24:19'),(342,125231,'JYHD2017101353994850','1680钻石','1680',1680,100,17,168,1,1,2,'2017-10-13 18:24:21'),(343,125231,'JYHD2017101356565454','680钻石','680',680,100,16,68,1,1,2,'2017-10-13 18:24:24'),(344,125231,'JYHD2017101398505152','6480钻石','6480',6480,0,23,648,1,1,2,'2017-10-13 18:24:27'),(345,125231,'JYHD2017101398521025','6480钻石','6480',6480,0,23,648,1,1,2,'2017-10-13 18:24:27'),(346,125622,'JYHD2017101397971015','月卡','2312',1,0,25,30,1,1,0,'2017-10-13 18:48:58'),(347,125622,'JYHD2017101397971015','自动发炮','1004',1,0,18,0,2,1,0,'2017-10-13 18:48:58'),(348,125622,'JYHD2017101397971015','捕渔券概率提升','1005',1,0,19,0,2,1,0,'2017-10-13 18:48:58'),(349,125622,'JYHD2017101397971015','锁定*8/天','2',1,0,26,0,2,8,3,'2017-10-13 18:48:58'),(350,125622,'JYHD2017101397971015','冰冻*3/天','1',1,0,27,0,2,3,3,'2017-10-13 18:48:58'),(351,125622,'JYHD2017101397971015','50000金币/天','50000',50000,0,36,0,2,1,1,'2017-10-13 18:48:58'),(352,125622,'JYHD2017101397971015','30钻石/天','30',30,0,37,0,2,1,2,'2017-10-13 18:48:58'),(353,127706,'JYHD2017101350555310','月卡','2312',1,0,25,30,1,1,0,'2017-10-13 19:44:02'),(354,127706,'JYHD2017101350555310','自动发炮','1004',1,0,18,0,2,1,0,'2017-10-13 19:44:02'),(355,127706,'JYHD2017101350555310','捕渔券概率提升','1005',1,0,19,0,2,1,0,'2017-10-13 19:44:02'),(356,127706,'JYHD2017101350555310','锁定*8/天','2',1,0,26,0,2,8,3,'2017-10-13 19:44:02'),(357,127706,'JYHD2017101350555310','冰冻*3/天','1',1,0,27,0,2,3,3,'2017-10-13 19:44:02'),(358,127706,'JYHD2017101350555310','50000金币/天','50000',50000,0,36,0,2,1,1,'2017-10-13 19:44:02'),(359,127706,'JYHD2017101350555310','30钻石/天','30',30,0,37,0,2,1,2,'2017-10-13 19:44:02'),(360,127795,'JYHD2017101657535752','6480钻石','6480',6480,100,23,648,1,1,2,'2017-10-16 11:52:26'),(361,127883,'JYHD2017101657494955','首冲礼包','1002',1,0,24,6,1,1,0,'2017-10-16 12:02:33'),(362,127883,'JYHD2017101657494955','1金币','',1,0,42,0,2,20000,1,'2017-10-16 12:02:33'),(363,127883,'JYHD2017101657494955','1钻石','',1,0,43,0,2,100,2,'2017-10-16 12:02:33'),(364,128710,'JYHD2017101656505710','首冲礼包','1002',1,0,24,6,1,1,0,'2017-10-16 12:15:04'),(365,128710,'JYHD2017101656505710','1金币','',1,0,42,0,2,20000,1,'2017-10-16 12:15:04'),(366,128710,'JYHD2017101656505710','1钻石','',1,0,43,0,2,100,2,'2017-10-16 12:15:04'),(367,128742,'JYHD2017101655534910','首冲礼包','1002',1,0,24,6,1,1,0,'2017-10-16 12:18:15'),(368,128742,'JYHD2017101655534910','1金币','',1,0,42,0,2,20000,1,'2017-10-16 12:18:15'),(369,128742,'JYHD2017101655534910','1钻石','',1,0,43,0,2,100,2,'2017-10-16 12:18:15'),(370,128775,'JYHD2017101610010048','首冲礼包','1002',1,0,24,6,1,1,0,'2017-10-16 12:20:30'),(371,128775,'JYHD2017101610010048','1金币','',1,0,42,0,2,20000,1,'2017-10-16 12:20:30'),(372,128775,'JYHD2017101610010048','1钻石','',1,0,43,0,2,100,2,'2017-10-16 12:20:30'),(373,128839,'JYHD2017101697974950','首冲礼包','1002',1,0,24,6,1,1,0,'2017-10-16 12:21:46'),(374,128839,'JYHD2017101697974950','1金币','',1,0,42,0,2,20000,1,'2017-10-16 12:21:46'),(375,128839,'JYHD2017101697974950','1钻石','',1,0,43,0,2,100,2,'2017-10-16 12:21:46'),(376,128872,'JYHD2017101699485654','首冲礼包','1002',1,0,24,6,1,1,0,'2017-10-16 12:23:08'),(377,128872,'JYHD2017101699485654','1金币','',1,0,42,0,2,20000,1,'2017-10-16 12:23:08'),(378,128872,'JYHD2017101699485654','1钻石','',1,0,43,0,2,100,2,'2017-10-16 12:23:08'),(379,128919,'JYHD2017101655515350','首冲礼包','1002',1,0,24,6,1,1,0,'2017-10-16 12:23:35'),(380,128919,'JYHD2017101655515350','1金币','',1,0,42,0,2,20000,1,'2017-10-16 12:23:35'),(381,128919,'JYHD2017101655515350','1钻石','',1,0,43,0,2,100,2,'2017-10-16 12:23:35'),(382,129016,'JYHD2017101654975152','首冲礼包','1002',1,0,24,6,1,1,0,'2017-10-16 12:25:10'),(383,129016,'JYHD2017101654975152','1金币','',1,0,42,0,2,20000,1,'2017-10-16 12:25:10'),(384,129016,'JYHD2017101654975152','1钻石','',1,0,43,0,2,100,2,'2017-10-16 12:25:10'),(385,129182,'JYHD2017101649975057','首冲礼包','1002',1,0,24,6,1,1,0,'2017-10-16 12:28:33'),(386,129182,'JYHD2017101649975057','1金币','',1,0,42,0,2,20000,1,'2017-10-16 12:28:33'),(387,129182,'JYHD2017101649975057','1钻石','',1,0,43,0,2,100,2,'2017-10-16 12:28:33'),(388,129232,'JYHD2017101697485356','首冲礼包','1002',1,0,24,6,1,1,0,'2017-10-16 13:57:46'),(389,129232,'JYHD2017101697485356','1金币','',1,0,42,0,2,20000,1,'2017-10-16 13:57:46'),(390,129232,'JYHD2017101697485356','1钻石','',1,0,43,0,2,100,2,'2017-10-16 13:57:46'),(391,129248,'JYHD2017101610156100','首冲礼包','1002',1,0,24,6,1,1,0,'2017-10-16 14:03:10'),(392,129248,'JYHD2017101610156100','1金币','',1,0,42,0,2,20000,1,'2017-10-16 14:03:10'),(393,129248,'JYHD2017101610156100','1钻石','',1,0,43,0,2,100,2,'2017-10-16 14:03:10'),(394,129275,'JYHD2017101698999754','首冲礼包','1002',1,0,24,6,1,1,0,'2017-10-16 14:11:40'),(395,129275,'JYHD2017101698999754','1金币','',1,0,42,0,2,20000,1,'2017-10-16 14:11:40'),(396,129275,'JYHD2017101698999754','1钻石','',1,0,43,0,2,100,2,'2017-10-16 14:11:40'),(397,129297,'JYHD2017101610053561','首冲礼包','1002',1,0,24,6,1,1,0,'2017-10-16 14:19:41'),(398,129297,'JYHD2017101610053561','1金币','',1,0,42,0,2,20000,1,'2017-10-16 14:19:41'),(399,129297,'JYHD2017101610053561','1钻石','',1,0,43,0,2,100,2,'2017-10-16 14:19:41'),(400,130831,'ZLCK93402017101748994851','首冲礼包','1002',1,0,24,6,1,1,0,'2017-10-17 16:28:33'),(401,130831,'ZLCK93402017101748994851','1金币','',1,0,42,0,2,20000,1,'2017-10-17 16:28:33'),(402,130831,'ZLCK93402017101748994851','1钻石','',1,0,43,0,2,100,2,'2017-10-17 16:28:33'),(403,130834,'hfCU73192017101751511001','首冲礼包','1002',1,0,24,6,1,1,0,'2017-10-17 16:31:31'),(404,130834,'hfCU73192017101751511001','1金币','',1,0,42,0,2,20000,1,'2017-10-17 16:31:31'),(405,130834,'hfCU73192017101751511001','1钻石','',1,0,43,0,2,100,2,'2017-10-17 16:31:31'),(406,100282,'DOWb15862017101856102515','648万金币','6480000',6480000,100,13,648,1,1,1,'2017-10-18 12:06:17'),(407,100282,'heAA99382017101849101531','6480钻石','6480',6480,100,23,648,1,1,2,'2017-10-18 12:17:22'),(408,100282,'rRua25872017101857101485','6480钻石','6480',6480,0,23,648,1,1,2,'2017-10-18 12:17:46'),(409,100282,'JkFM99902017101898501025','6480钻石','6480',6480,0,23,648,1,1,2,'2017-10-18 12:18:03'),(410,127969,'iSCv96712017101856519854','648万金币','6480000',6480000,100,13,648,1,1,1,'2017-10-18 12:19:52'),(411,127969,'Wmxp93342017101899515251','6480钻石','6480',6480,100,23,648,1,1,2,'2017-10-18 12:19:56'),(412,127969,'JZUm49292017101810254509','6480钻石','6480',6480,0,23,648,1,1,2,'2017-10-18 12:19:59'),(413,127969,'xrVp58052017101850495150','6480钻石','6480',6480,0,23,648,1,1,2,'2017-10-18 12:20:02'),(414,127969,'Daff87872017101853561014','6480钻石','6480',6480,0,23,648,1,1,2,'2017-10-18 12:20:05'),(415,127969,'QCZo86292017101856515051','6480钻石','6480',6480,0,23,648,1,1,2,'2017-10-18 12:20:08'),(416,127969,'cjEK85002017101856561021','6480钻石','6480',6480,0,23,648,1,1,2,'2017-10-18 12:20:08'),(417,127969,'zfQE44302017101898100484','6480钻石','6480',6480,0,23,648,1,1,2,'2017-10-18 12:20:12'),(418,127969,'xfJf47132017101899481015','6480钻石','6480',6480,0,23,648,1,1,2,'2017-10-18 12:20:12'),(419,127969,'vvvT10652017101851509954','648万金币','6480000',6480000,0,13,648,1,1,1,'2017-10-18 12:20:19'),(420,127969,'dXDW42582017101854515550','648万金币','6480000',6480000,0,13,648,1,1,1,'2017-10-18 12:20:22'),(421,127969,'fUbH96782017101856975297','648万金币','6480000',6480000,0,13,648,1,1,1,'2017-10-18 12:20:24'),(422,127969,'kNos36252017101856100971','648万金币','6480000',6480000,0,13,648,1,1,1,'2017-10-18 12:20:25'),(423,127969,'dluw32042017101899515597','648万金币','6480000',6480000,0,13,648,1,1,1,'2017-10-18 12:20:28'),(424,127969,'mXro16732017101810110048','648万金币','6480000',6480000,0,13,648,1,1,1,'2017-10-18 12:20:30'),(425,127969,'jCJQ88342017101810249975','648万金币','6480000',6480000,0,13,648,1,1,1,'2017-10-18 12:20:31'),(426,127969,'jbmc51522017101854545154','648万金币','6480000',6480000,0,13,648,1,1,1,'2017-10-18 12:20:38'),(427,127969,'Fmsd00012017101857559810','648万金币','6480000',6480000,0,13,648,1,1,1,'2017-10-18 12:20:41'),(428,127969,'aNwv36242017101855994810','首冲礼包','1002',1,0,24,6,1,1,0,'2017-10-18 14:12:24'),(429,127969,'aNwv36242017101855994810','1金币','',1,0,42,0,2,20000,1,'2017-10-18 14:12:24'),(430,127969,'aNwv36242017101855994810','1钻石','',1,0,43,0,2,100,2,'2017-10-18 14:12:24'),(431,127969,'sKDf21322017101855535710','648万金币','6480000',6480000,0,13,648,1,1,1,'2017-10-18 14:12:55'),(432,127969,'AxFy60562017101897501025','648万金币','6480000',6480000,0,13,648,1,1,1,'2017-10-18 14:12:58'),(433,127969,'ffOd27202017101899100981','648万金币','6480000',6480000,0,13,648,1,1,1,'2017-10-18 14:13:01'),(434,127969,'peDg27232017101810253565','648万金币','6480000',6480000,0,13,648,1,1,1,'2017-10-18 14:13:03'),(435,127969,'inlM15392017101850569949','月卡','2312',1,0,25,30,1,1,0,'2017-10-18 14:20:50'),(436,127969,'inlM15392017101850569949','自动发炮','1004',1,0,18,0,2,1,0,'2017-10-18 14:20:50'),(437,127969,'inlM15392017101850569949','捕渔券概率提升','1005',1,0,19,0,2,1,0,'2017-10-18 14:20:50'),(438,127969,'inlM15392017101850569949','锁定*8/天','2',1,0,26,0,2,8,3,'2017-10-18 14:20:50'),(439,127969,'inlM15392017101850569949','冰冻*3/天','1',1,0,27,0,2,3,3,'2017-10-18 14:20:50'),(440,127969,'inlM15392017101850569949','50000金币/天','50000',50000,0,36,0,2,1,1,'2017-10-18 14:20:50'),(441,127969,'inlM15392017101850569949','30钻石/天','30',30,0,37,0,2,1,2,'2017-10-18 14:20:50'),(442,127969,'ZiSo25332017101810255489','648万金币','6480000',6480000,0,13,648,1,1,1,'2017-10-18 15:22:23'),(443,127969,'KqNH50402017101850981005','648万金币','6480000',6480000,0,13,648,1,1,1,'2017-10-18 15:22:27'),(444,127969,'xnKy69322017101853994948','648万金币','6480000',6480000,0,13,648,1,1,1,'2017-10-18 15:22:29'),(445,127969,'CNtQ78652017101856549857','648万金币','6480000',6480000,0,13,648,1,1,1,'2017-10-18 15:22:32'),(446,127969,'oxYb90362017101810197525','648万金币','6480000',6480000,0,13,648,1,1,1,'2017-10-18 15:22:38'),(447,127969,'eyvn55462017101849574848','648万金币','6480000',6480000,0,13,648,1,1,1,'2017-10-18 15:22:41'),(448,127969,'LdEJ84522017101852485149','648万金币','6480000',6480000,0,13,648,1,1,1,'2017-10-18 15:22:44'),(449,127969,'fuCH36222017101852535250','648万金币','6480000',6480000,0,13,648,1,1,1,'2017-10-18 15:22:44'),(450,127969,'QJcF60792017101856481009','648万金币','6480000',6480000,0,13,648,1,1,1,'2017-10-18 15:22:48'),(451,127969,'yFFt61552017101897995299','648万金币','6480000',6480000,0,13,648,1,1,1,'2017-10-18 15:22:51'),(452,127969,'QMRJ77332017101810057975','648万金币','6480000',6480000,0,13,648,1,1,1,'2017-10-18 15:22:53'),(453,127969,'BWkW94302017101857101495','648万金币','6480000',6480000,0,13,648,1,1,1,'2017-10-18 15:25:46'),(454,127969,'QtkH18342017101899545352','648万金币','6480000',6480000,0,13,648,1,1,1,'2017-10-18 15:25:48'),(455,102294,'OXyO15232017101810248515','月卡','2312',1,0,25,30,1,1,0,'2017-10-18 18:05:51'),(456,102294,'OXyO15232017101810248515','自动发炮','1004',1,0,18,0,2,1,0,'2017-10-18 18:05:51'),(457,102294,'OXyO15232017101810248515','捕渔券概率提升','1005',1,0,19,0,2,1,0,'2017-10-18 18:05:51'),(458,102294,'OXyO15232017101810248515','锁定*8/天','2',1,0,26,0,2,8,3,'2017-10-18 18:05:51'),(459,102294,'OXyO15232017101810248515','冰冻*3/天','1',1,0,27,0,2,3,3,'2017-10-18 18:05:51'),(460,102294,'OXyO15232017101810248515','50000金币/天','50000',50000,0,36,0,2,1,1,'2017-10-18 18:05:51'),(461,102294,'OXyO15232017101810248515','30钻石/天','30',30,0,37,0,2,1,2,'2017-10-18 18:05:51'),(462,131707,'Ybwo75712017101850100515','月卡','2312',1,0,25,30,1,1,0,'2017-10-18 18:06:59'),(463,131707,'Ybwo75712017101850100515','自动发炮','1004',1,0,18,0,2,1,0,'2017-10-18 18:06:59'),(464,131707,'Ybwo75712017101850100515','捕渔券概率提升','1005',1,0,19,0,2,1,0,'2017-10-18 18:06:59'),(465,131707,'Ybwo75712017101850100515','锁定*8/天','2',1,0,26,0,2,8,3,'2017-10-18 18:06:59'),(466,131707,'Ybwo75712017101850100515','冰冻*3/天','1',1,0,27,0,2,3,3,'2017-10-18 18:06:59'),(467,131707,'Ybwo75712017101850100515','50000金币/天','50000',50000,0,36,0,2,1,1,'2017-10-18 18:06:59'),(468,131707,'Ybwo75712017101850100515','30钻石/天','30',30,0,37,0,2,1,2,'2017-10-18 18:06:59'),(469,101909,'gsEc95482017101910054981','月卡','2312',1,0,25,30,1,1,0,'2017-10-19 11:57:39'),(470,101909,'gsEc95482017101910054981','自动发炮','1004',1,0,18,0,2,1,0,'2017-10-19 11:57:39'),(471,101909,'gsEc95482017101910054981','捕渔券概率提升','1005',1,0,19,0,2,1,0,'2017-10-19 11:57:39'),(472,101909,'gsEc95482017101910054981','锁定*8/天','2',1,0,26,0,2,8,3,'2017-10-19 11:57:39'),(473,101909,'gsEc95482017101910054981','冰冻*3/天','1',1,0,27,0,2,3,3,'2017-10-19 11:57:39'),(474,101909,'gsEc95482017101910054981','50000金币/天','50000',50000,0,36,0,2,1,1,'2017-10-19 11:57:39'),(475,101909,'gsEc95482017101910054981','30钻石/天','30',30,0,37,0,2,1,2,'2017-10-19 11:57:39'),(476,127969,'vHvT91402017101950555655','648万金币','6480000',6480000,0,13,648,1,1,1,'2017-10-19 12:09:22'),(477,127969,'GFJj50082017101953484856','648万金币','6480000',6480000,0,13,648,1,1,1,'2017-10-19 12:09:25'),(478,127969,'xEWs39562017101955100491','648万金币','6480000',6480000,0,13,648,1,1,1,'2017-10-19 12:09:28'),(479,127969,'OnNs82292017101956515010','648万金币','6480000',6480000,0,13,648,1,1,1,'2017-10-19 12:09:28'),(480,127969,'mbLf81152017101998539754','648万金币','6480000',6480000,0,13,648,1,1,1,'2017-10-19 12:09:31'),(481,127969,'AvuH12732017101998561004','648万金币','6480000',6480000,0,13,648,1,1,1,'2017-10-19 12:09:31'),(482,127969,'HeiT60552017101910110150','648万金币','6480000',6480000,0,13,648,1,1,1,'2017-10-19 12:09:35'),(483,127969,'ewkj49362017101949569957','648万金币','6480000',6480000,0,13,648,1,1,1,'2017-10-19 12:09:37'),(484,127969,'wACg81592017101949985598','648万金币','6480000',6480000,0,13,648,1,1,1,'2017-10-19 12:09:37'),(485,127969,'qCZa37332017101953555256','648万金币','6480000',6480000,0,13,648,1,1,1,'2017-10-19 12:09:41'),(486,127969,'JofF36262017101956485653','648万金币','6480000',6480000,0,13,648,1,1,1,'2017-10-19 12:09:44'),(487,127969,'uZiJ58312017101997975755','648万金币','6480000',6480000,0,13,648,1,1,1,'2017-10-19 12:09:46'),(488,127969,'WAKX14882017101910054565','648万金币','6480000',6480000,0,13,648,1,1,1,'2017-10-19 12:09:49'),(489,127969,'Uplj28592017101950505653','648万金币','6480000',6480000,0,13,648,1,1,1,'2017-10-19 12:09:54'),(490,127969,'tsLM64842017101950559948','648万金币','6480000',6480000,0,13,648,1,1,1,'2017-10-19 12:09:54'),(491,127969,'kTUf24602017101953985699','648万金币','6480000',6480000,0,13,648,1,1,1,'2017-10-19 12:09:58'),(492,127969,'hBxP25702017101954499799','648万金币','6480000',6480000,0,13,648,1,1,1,'2017-10-19 12:09:58'),(493,127969,'swqk02422017101957575749','648万金币','6480000',6480000,0,13,648,1,1,1,'2017-10-19 12:10:01'),(494,127969,'ZQNY06862017101999509910','648万金币','6480000',6480000,0,13,648,1,1,1,'2017-10-19 12:10:04'),(495,127969,'iFcO79972017101999555250','648万金币','6480000',6480000,0,13,648,1,1,1,'2017-10-19 12:10:04'),(496,131772,'OFZs20292017101948531005','月卡','2312',1,0,25,30,1,1,0,'2017-10-19 15:16:00'),(497,131772,'OFZs20292017101948531005','自动发炮','1004',1,0,18,0,2,1,0,'2017-10-19 15:16:00'),(498,131772,'OFZs20292017101948531005','捕渔券概率提升','1005',1,0,19,0,2,1,0,'2017-10-19 15:16:00'),(499,131772,'OFZs20292017101948531005','锁定*8/天','2',1,0,26,0,2,8,3,'2017-10-19 15:16:00'),(500,131772,'OFZs20292017101948531005','冰冻*3/天','1',1,0,27,0,2,3,3,'2017-10-19 15:16:00'),(501,131772,'OFZs20292017101948531005','50000金币/天','50000',50000,0,36,0,2,1,1,'2017-10-19 15:16:00'),(502,131772,'OFZs20292017101948531005','30钻石/天','30',30,0,37,0,2,1,2,'2017-10-19 15:16:00'),(503,113927,'fHml39112017101954514999','648万金币','6480000',6480000,100,13,648,1,1,1,'2017-10-19 16:16:22'),(504,127969,'QSYo03542017101997499752','648万金币','6480000',6480000,0,13,648,1,1,1,'2017-10-19 17:30:18'),(505,127969,'LIKS07632017101948975554','648万金币','6480000',6480000,0,13,648,1,1,1,'2017-10-19 17:30:57'),(506,101663,'fztF83342017102051559753','60000金币','60000',60000,100,8,0,1,1,1,'2017-10-20 15:54:11'),(507,101663,'jgqW40612017102055524898','60000金币','60000',60000,100,8,0,1,1,1,'2017-10-20 15:56:07'),(508,101663,'JvaM08262017102010049575','60000金币','60000',60000,100,8,0,1,1,1,'2017-10-20 15:57:49'),(509,101663,'asMY97102017102010110110','30万金币','300000',300000,100,9,0,1,1,1,'2017-10-20 16:15:43'),(510,103004,'hljn67522017102056979957','68万金币','680000',680000,100,10,68,1,1,1,'2017-10-20 16:36:40'),(511,101663,'ojIv99552017102056525050','首冲礼包','1002',1,0,24,0,1,1,0,'2017-10-20 16:44:08'),(512,101663,'ojIv99552017102056525050','20万金币','',200000,0,46,0,2,1,1,'2017-10-20 16:44:08'),(513,101663,'ojIv99552017102056525050','200钻石','',200,0,47,0,2,1,2,'2017-10-20 16:44:08'),(514,101663,'ACUK50952017102050515652','月卡','2312',1,0,25,0,1,1,0,'2017-10-20 16:44:34'),(515,101663,'ACUK50952017102050515652','自动发炮','1004',1,0,18,0,2,1,0,'2017-10-20 16:44:34'),(516,101663,'ACUK50952017102050515652','捕渔券概率提升','1005',1,0,19,0,2,1,0,'2017-10-20 16:44:34'),(517,101663,'ACUK50952017102050515652','锁定*8/天','2',1,0,26,0,2,8,3,'2017-10-20 16:44:34'),(518,101663,'ACUK50952017102050515652','冰冻*3/天','1',1,0,27,0,2,3,3,'2017-10-20 16:44:34'),(519,101663,'ACUK50952017102050515652','50000金币/天','50000',50000,0,36,0,2,1,1,'2017-10-20 16:44:34'),(520,101663,'ACUK50952017102050515652','30钻石/天','30',30,0,37,0,2,1,2,'2017-10-20 16:44:34'),(521,103004,'iRfI78722017102356515297','648万金币','6480000',6480000,100,13,648,1,1,1,'2017-10-23 18:04:40'),(522,101663,'fmFM37012017102451100991','60000金币','60000',60000,0,8,6,1,1,1,'2017-10-24 12:03:32'),(523,101663,'SAsH82812017102410149521','328万金币','3280000',3280000,100,12,328,1,1,1,'2017-10-24 12:03:42'),(524,103387,'ZfIN52252017102410155519','60000金币','60000',60000,100,8,0,1,1,1,'2017-10-24 14:14:22'),(525,103387,'TLhc84612017102455539752','首冲礼包','1002',1,0,24,0,1,1,0,'2017-10-24 14:33:27'),(526,103387,'TLhc84612017102455539752','20万金币','',200000,0,46,0,2,1,1,'2017-10-24 14:33:27'),(527,103387,'TLhc84612017102455539752','200钻石','',200,0,47,0,2,1,2,'2017-10-24 14:33:27'),(528,103387,'BEUd54932017102456999910','月卡','2312',1,0,25,0,1,1,0,'2017-10-24 14:34:33'),(529,103387,'BEUd54932017102456999910','自动发炮','1004',1,0,18,0,2,1,0,'2017-10-24 14:34:33'),(530,103387,'BEUd54932017102456999910','捕渔券概率提升','1005',1,0,19,0,2,1,0,'2017-10-24 14:34:33'),(531,103387,'BEUd54932017102456999910','锁定*8/天','2',1,0,26,0,2,8,3,'2017-10-24 14:34:33'),(532,103387,'BEUd54932017102456999910','冰冻*3/天','1',1,0,27,0,2,3,3,'2017-10-24 14:34:33'),(533,103387,'BEUd54932017102456999910','50000金币/天','50000',50000,0,36,0,2,1,1,'2017-10-24 14:34:33'),(534,103387,'BEUd54932017102456999910','30钻石/天','30',30,0,37,0,2,1,2,'2017-10-24 14:34:33'),(535,103424,'DZIi93082017102798545049','月卡','2312',1,0,25,0,1,1,0,'2017-10-27 15:59:07'),(536,103424,'DZIi93082017102798545049','自动发炮','1004',1,0,18,0,2,1,0,'2017-10-27 15:59:07'),(537,103424,'DZIi93082017102798545049','捕渔券概率提升','1005',1,0,19,0,2,1,0,'2017-10-27 15:59:07'),(538,103424,'DZIi93082017102798545049','锁定*8/天','2',1,0,26,0,2,8,3,'2017-10-27 15:59:07'),(539,103424,'DZIi93082017102798545049','冰冻*3/天','1',1,0,27,0,2,3,3,'2017-10-27 15:59:07'),(540,103424,'DZIi93082017102798545049','50000金币/天','50000',50000,0,36,0,2,1,1,'2017-10-27 15:59:07'),(541,103424,'DZIi93082017102798545049','30钻石/天','30',30,0,37,0,2,1,2,'2017-10-27 15:59:07'),(542,103424,'lwSp48972017102798515054','月卡','2312',1,0,25,0,1,1,0,'2017-10-27 15:59:55'),(543,103424,'lwSp48972017102798515054','自动发炮','1004',1,0,18,0,2,1,0,'2017-10-27 15:59:55'),(544,103424,'lwSp48972017102798515054','捕渔券概率提升','1005',1,0,19,0,2,1,0,'2017-10-27 15:59:55'),(545,103424,'lwSp48972017102798515054','锁定*8/天','2',1,0,26,0,2,8,3,'2017-10-27 15:59:55'),(546,103424,'lwSp48972017102798515054','冰冻*3/天','1',1,0,27,0,2,3,3,'2017-10-27 15:59:55'),(547,103424,'lwSp48972017102798515054','50000金币/天','50000',50000,0,36,0,2,1,1,'2017-10-27 15:59:55'),(548,103424,'lwSp48972017102798515054','30钻石/天','30',30,0,37,0,2,1,2,'2017-10-27 15:59:55'),(549,103424,'iWor87562017102757529710','60000金币','60000',60000,100,8,0,1,1,1,'2017-10-27 16:00:25');

/*Table structure for table `jy_users_order_info` */

DROP TABLE IF EXISTS `jy_users_order_info`;

CREATE TABLE `jy_users_order_info` (
  `Id` bigint(20) unsigned NOT NULL AUTO_INCREMENT COMMENT '订单ID',
  `playerid` bigint(20) unsigned NOT NULL COMMENT '用户ID',
  `OrderName` varchar(50) NOT NULL COMMENT '订单名称',
  `UsersName` varchar(50) NOT NULL COMMENT '用户名',
  `PlatformOrder` varchar(50) NOT NULL COMMENT '平台订单号',
  `MerchantOrder` varchar(50) NOT NULL COMMENT '商户订单号',
  `Status` tinyint(1) unsigned NOT NULL DEFAULT '1' COMMENT '状态  1-待支付 2-已支付 3-订单过期 4-支付失败',
  `Price` float NOT NULL COMMENT '价格',
  `CallbackTime` timestamp NOT NULL DEFAULT CURRENT_TIMESTAMP COMMENT '支付回调时间',
  `ExpireTime` int(11) unsigned DEFAULT NULL COMMENT '订单过期时间',
  `FoundTime` timestamp NOT NULL DEFAULT CURRENT_TIMESTAMP COMMENT '创建时间',
  `RegisterChannel` varchar(50) NOT NULL COMMENT '注册渠道',
  `MessAge` varchar(255) DEFAULT NULL COMMENT '支付状态说明',
  `IsFirst` tinyint(1) unsigned NOT NULL DEFAULT '1' COMMENT '是否首次支付 1-否 2-是',
  `PayPlatform` tinyint(1) unsigned NOT NULL DEFAULT '0' COMMENT '支付平台 1-支付宝 2-微信 3-爱贝 4-银联',
  `PayChannel` varchar(50) NOT NULL COMMENT '消费渠道',
  `VipLevel` int(4) unsigned DEFAULT NULL COMMENT '购买前用户Vip等级',
  `Form` tinyint(1) NOT NULL DEFAULT '1' COMMENT '来源 1-首冲 2-月卡 3-商城',
  `appuserid` varchar(50) DEFAULT NULL,
  `VipExp` int(11) unsigned DEFAULT NULL COMMENT '购买前用户Vip经验',
  `PayID` int(11) unsigned NOT NULL DEFAULT '0' COMMENT '支付ID',
  `Platform` tinyint(1) NOT NULL DEFAULT '1' COMMENT '平台 1-苹果 2-安卓',
  `PayPassAgeWay` varchar(50) NOT NULL COMMENT '支付通道',
  `PayType` tinyint(1) NOT NULL DEFAULT '0' COMMENT '支付类型 0-未支付 1-支付宝 2-微信',
  PRIMARY KEY (`Id`),
  KEY `PlatformOrder` (`PlatformOrder`),
  KEY `Status` (`Status`,`CallbackTime`),
  KEY `playerid` (`playerid`,`Status`),
  KEY `CallbackTime` (`CallbackTime`,`playerid`,`Status`),
  KEY `PayChannel` (`PayChannel`,`FoundTime`)
) ENGINE=InnoDB AUTO_INCREMENT=17 DEFAULT CHARSET=utf8;

/*Data for the table `jy_users_order_info` */

insert  into `jy_users_order_info`(`Id`,`playerid`,`OrderName`,`UsersName`,`PlatformOrder`,`MerchantOrder`,`Status`,`Price`,`CallbackTime`,`ExpireTime`,`FoundTime`,`RegisterChannel`,`MessAge`,`IsFirst`,`PayPlatform`,`PayChannel`,`VipLevel`,`Form`,`appuserid`,`VipExp`,`PayID`,`Platform`,`PayPassAgeWay`,`PayType`) values (1,101663,'60000金币','游客101663','fztF83342017102051559753','',1,0.01,'2017-10-20 15:54:11',0,'2017-10-20 15:54:11','JYHD_0',NULL,2,3,'JYHD_0',0,3,'101663#8',0,6,2,'iappay',0),(2,101663,'60000金币','游客101663','jgqW40612017102055524898','',1,0.01,'2017-10-20 15:56:07',0,'2017-10-20 15:56:07','JYHD_0',NULL,2,3,'JYHD_0',0,3,'101663#8',0,6,2,'iappay',0),(3,101663,'60000金币','游客101663','JvaM08262017102010049575','',2,0.01,'2017-10-20 15:58:03',0,'2017-10-20 15:57:49','JYHD_0','状态码：2001说明：支付成功！;',2,3,'JYHD_0',0,3,'101663#8',0,6,2,'iappay',116),(4,101663,'30万金币','游客101663','asMY97102017102010110110','',2,0.01,'2017-10-20 16:15:56',0,'2017-10-20 16:15:43','JYHD_0','状态码：2001说明：支付成功！;',1,3,'JYHD_0',0,3,'101663#9',0,6,2,'iappay',116),(5,103004,'68万金币','玩家:103004','hljn67522017102056979957','',1,68,'2017-10-20 16:36:40',0,'2017-10-20 16:36:40','JYHD_0',NULL,2,3,'JYHD_0',0,3,'103004#10',0,6,2,'iappay',0),(6,101663,'首冲礼包','姜太公','ojIv99552017102056525050','',2,0.01,'2017-10-20 16:44:23',0,'2017-10-20 16:44:08','JYHD_0','状态码：2001说明：支付成功！;',1,3,'JYHD_0',0,1,'101663#24',0,6,2,'iappay',116),(7,101663,'月卡','姜太公','ACUK50952017102050515652','',2,0.01,'2017-10-20 16:44:44',0,'2017-10-20 16:44:34','JYHD_0','状态码：2001说明：支付成功！;',1,3,'JYHD_0',0,2,'101663#25',0,6,2,'iappay',116),(8,103004,'648万金币','玩家:103004','iRfI78722017102356515297','',1,648,'2017-10-23 18:04:40',0,'2017-10-23 18:04:40','JYHD_0',NULL,2,3,'JYHD_0',0,3,'103004#13',0,6,2,'iappay',0),(9,101663,'60000金币','姜太公','fmFM37012017102451100991','',1,6,'2017-10-24 12:03:32',0,'2017-10-24 12:03:32','JYHD_0',NULL,1,3,'JYHD_0',0,3,'101663#8',0,6,2,'iappay',0),(10,101663,'328万金币','姜太公','SAsH82812017102410149521','',1,328,'2017-10-24 12:03:42',0,'2017-10-24 12:03:42','JYHD_0',NULL,1,3,'JYHD_0',0,3,'101663#12',0,6,2,'iappay',0),(11,103387,'60000金币','玩家:103387','ZfIN52252017102410155519','',2,0.01,'2017-10-24 14:14:38',0,'2017-10-24 14:14:22','JYHD_0','状态码：2001说明：支付成功！;',2,3,'JYHD_0',0,3,'103387#8',0,6,2,'iappay',116),(12,103387,'首冲礼包','玩家:103387','TLhc84612017102455539752','',2,0.01,'2017-10-24 14:33:42',0,'2017-10-24 14:33:27','JYHD_0','状态码：2001说明：支付成功！;',1,3,'JYHD_0',0,1,'103387#24',0,6,2,'iappay',116),(13,103387,'月卡','玩家:103387','BEUd54932017102456999910','',2,0.01,'2017-10-24 14:34:50',0,'2017-10-24 14:34:33','JYHD_0','状态码：2001说明：支付成功！;',1,3,'JYHD_0',0,2,'103387#25',0,6,2,'iappay',116),(14,103424,'月卡','玩家:103424','DZIi93082017102798545049','',2,0.01,'2017-10-27 15:59:58',0,'2017-10-27 15:59:07','JYHD_0','状态码：2001说明：支付成功！;',2,3,'JYHD_0',0,2,'103424#25',0,6,2,'iappay',116),(15,103424,'月卡','玩家:103424','lwSp48972017102798515054','',2,0.01,'2017-10-27 16:00:05',0,'2017-10-27 15:59:55','JYHD_0','状态码：2001说明：支付成功！;',2,3,'JYHD_0',0,2,'103424#25',0,6,2,'iappay',116),(16,103424,'60000金币','玩家:103424','iWor87562017102757529710','',2,0.01,'2017-10-27 16:00:36',0,'2017-10-27 16:00:25','JYHD_0','状态码：2001说明：支付成功！;',1,3,'JYHD_0',0,3,'103424#8',0,6,2,'iappay',116);

/*Table structure for table `jy_users_package_shop_log` */

DROP TABLE IF EXISTS `jy_users_package_shop_log`;

CREATE TABLE `jy_users_package_shop_log` (
  `Id` bigint(20) unsigned NOT NULL AUTO_INCREMENT COMMENT '用户礼包购买记录',
  `playerid` bigint(20) unsigned NOT NULL COMMENT '用户Id',
  `Type` tinyint(1) unsigned NOT NULL COMMENT '1-首充 2-月卡',
  `DateTime` timestamp NOT NULL DEFAULT CURRENT_TIMESTAMP COMMENT '创建时间',
  PRIMARY KEY (`Id`),
  KEY `playerid` (`playerid`,`Type`,`DateTime`)
) ENGINE=MyISAM AUTO_INCREMENT=7 DEFAULT CHARSET=utf8;

/*Data for the table `jy_users_package_shop_log` */

insert  into `jy_users_package_shop_log`(`Id`,`playerid`,`Type`,`DateTime`) values (1,101663,1,'2017-10-20 16:44:23'),(2,101663,2,'2017-10-20 16:44:44'),(3,103387,1,'2017-10-24 14:33:42'),(4,103387,2,'2017-10-24 14:34:50'),(5,103424,2,'2017-10-27 15:59:58'),(6,103424,2,'2017-10-27 16:00:05');

/*Table structure for table `jy_users_shop_log` */

DROP TABLE IF EXISTS `jy_users_shop_log`;

CREATE TABLE `jy_users_shop_log` (
  `Id` bigint(20) unsigned NOT NULL AUTO_INCREMENT COMMENT '购买记录',
  `playerid` bigint(20) unsigned NOT NULL COMMENT '用户ID',
  `GoodID` int(11) unsigned NOT NULL COMMENT '物品ID',
  `Code` varchar(20) NOT NULL COMMENT '物品编号',
  `GiveNum` int(11) unsigned NOT NULL DEFAULT '0' COMMENT '赠送数量',
  `IsGive` tinyint(1) unsigned NOT NULL DEFAULT '1' COMMENT '是否赠送 1-否 2-是',
  `Number` int(11) unsigned NOT NULL DEFAULT '1' COMMENT '数量',
  `DateTime` timestamp NOT NULL DEFAULT CURRENT_TIMESTAMP COMMENT '创建时间',
  PRIMARY KEY (`Id`)
) ENGINE=MyISAM DEFAULT CHARSET=utf8;

/*Data for the table `jy_users_shop_log` */

/*Table structure for table `jy_users_sign_log` */

DROP TABLE IF EXISTS `jy_users_sign_log`;

CREATE TABLE `jy_users_sign_log` (
  `Id` int(11) unsigned NOT NULL AUTO_INCREMENT COMMENT '用户签到记录表',
  `playerid` bigint(20) unsigned NOT NULL COMMENT '用户ID',
  `GoodsID` bigint(20) unsigned NOT NULL COMMENT '物品ID',
  `Day` tinyint(1) unsigned NOT NULL COMMENT '第几天',
  `Code` varchar(50) NOT NULL COMMENT '物品编码',
  `Type` tinyint(1) unsigned NOT NULL COMMENT '物品类型',
  `GetNum` bigint(20) unsigned NOT NULL COMMENT '数量',
  `Channel` varchar(50) NOT NULL COMMENT '渠道',
  `Number` int(11) NOT NULL COMMENT '倍数',
  `DateTime` timestamp NOT NULL DEFAULT CURRENT_TIMESTAMP COMMENT '签到时间',
  PRIMARY KEY (`Id`),
  KEY `Day` (`Day`),
  KEY `playerid` (`playerid`,`DateTime`)
) ENGINE=MyISAM AUTO_INCREMENT=31 DEFAULT CHARSET=utf8;

/*Data for the table `jy_users_sign_log` */

insert  into `jy_users_sign_log`(`Id`,`playerid`,`GoodsID`,`Day`,`Code`,`Type`,`GetNum`,`Channel`,`Number`,`DateTime`) values (1,100049,41,5,'8888',1,6000,'JYHD_0',2,'2017-10-20 15:38:45'),(2,103004,41,4,'8888',1,6000,'JYHD_0',2,'2017-10-20 15:44:02'),(3,100411,35,3,'6',3,1,'JYHD_0',150,'2017-10-20 15:45:48'),(4,101663,35,3,'6',3,1,'JYHD_0',150,'2017-10-20 15:54:05'),(5,102749,41,5,'8888',1,6000,'JYHD_0',2,'2017-10-20 16:18:44'),(6,103343,41,1,'8888',1,6000,'JYHD_0',1,'2017-10-21 12:11:35'),(7,103345,41,1,'8888',1,6000,'JYHD_0',1,'2017-10-21 16:01:50'),(8,103345,41,2,'8888',1,6000,'JYHD_0',2,'2017-10-22 16:19:53'),(9,103004,41,5,'8888',1,6000,'JYHD_0',2,'2017-10-23 11:04:35'),(10,100049,41,6,'8888',1,6000,'JYHD_0',2,'2017-10-23 12:22:43'),(11,100037,41,4,'8888',1,6000,'JYHD_0',2,'2017-10-23 18:59:41'),(12,103360,41,1,'8888',1,6000,'JYHD_0',1,'2017-10-23 19:01:09'),(13,102749,41,6,'8888',1,6000,'JYHD_0',2,'2017-10-23 19:22:09'),(14,100646,35,3,'6',3,1,'JYHD_0',150,'2017-10-23 19:27:49'),(15,103212,41,1,'8888',1,6000,'JYHD_0',1,'2017-10-23 19:32:26'),(16,100035,35,3,'6',3,1,'JYHD_0',150,'2017-10-23 22:57:57'),(17,103212,41,2,'8888',1,6000,'JYHD_0',2,'2017-10-24 11:17:15'),(18,102498,41,4,'8888',1,6000,'JYHD_0',2,'2017-10-24 11:19:08'),(19,100646,41,4,'8888',1,6000,'JYHD_0',2,'2017-10-24 11:36:55'),(20,101663,41,4,'8888',1,6000,'JYHD_0',2,'2017-10-24 11:58:56'),(21,103387,41,1,'8888',1,6000,'JYHD_0',1,'2017-10-24 12:10:54'),(22,100049,41,7,'8888',1,6000,'JYHD_0',3,'2017-10-24 14:17:09'),(23,103406,41,1,'8888',1,6000,'JYHD_0',1,'2017-10-26 13:31:59'),(24,103387,41,2,'8888',1,6000,'JYHD_0',2,'2017-10-26 16:38:14'),(25,103393,41,1,'8888',1,6000,'JYHD_0',1,'2017-10-26 21:12:01'),(26,103387,35,3,'6',3,1,'JYHD_0',150,'2017-10-27 15:55:58'),(27,101663,41,5,'8888',1,6000,'JYHD_0',2,'2017-10-27 15:56:35'),(28,103424,41,1,'8888',1,6000,'JYHD_0',1,'2017-10-27 15:59:02'),(29,103436,41,1,'8888',1,6000,'JYHD_0',1,'2017-10-27 16:46:50'),(30,102028,41,1,'8888',1,6000,'JYHD_0',1,'2017-10-27 17:18:13');

/*Table structure for table `jy_vip_info` */

DROP TABLE IF EXISTS `jy_vip_info`;

CREATE TABLE `jy_vip_info` (
  `level` int(4) unsigned NOT NULL DEFAULT '0' COMMENT '等级',
  `GiveInfo` varchar(50) NOT NULL COMMENT '赠送信息',
  `ImgCode` varchar(50) NOT NULL COMMENT '图标',
  `Describe` varchar(255) NOT NULL COMMENT '描述',
  `experience` int(11) NOT NULL COMMENT '充值额度',
  `mtime` timestamp NOT NULL DEFAULT CURRENT_TIMESTAMP COMMENT '创建时间',
  PRIMARY KEY (`level`)
) ENGINE=InnoDB DEFAULT CHARSET=utf8;

/*Data for the table `jy_vip_info` */

insert  into `jy_vip_info`(`level`,`GiveInfo`,`ImgCode`,`Describe`,`experience`,`mtime`) values (0,'','','',0,'2017-09-07 18:02:08'),(1,'赠送武器\"破空\"','gun_02_01.png','每日签到双倍 \r\n每日免费领取 \r\n20000金币',30,'2017-07-26 11:52:02'),(2,'赠送武器\"怒雷\"','gun_03_01.png','在线奖励金币翻倍\r\n每日免费领取\r\n30000金币',100,'2017-08-18 10:48:01'),(3,'赠送武器\"灾星\"','gun_04_01.png','锁定时间x2\r\n每日免费领取\r\n40000金币',300,'2017-08-18 10:48:57'),(4,'赠送武器\"厄运\"','gun_05_01.png','捕鱼概率2倍奖励\r\n每日免费领取\r\n70000金币',800,'2017-08-18 10:49:12'),(5,'赠送武器','gun_06_01.png','捕渔券概率x2\r\n每日免费领取\r\n120000金币',2000,'2017-08-18 10:49:32'),(6,'赠送武器\"苍穹\"','gun_07_01.png','捕鱼概率3倍奖励\r\n每日免费领取\r\n250000金币',5000,'2017-08-18 10:49:39'),(7,'赠送武器','gun_08_01.png','捕渔券概率x4\r\n每日免费领取\r\n400000金币',10000,'2017-08-18 10:49:46'),(8,'赠送武器\"冰魄\"','gun_09_01.png','提升打BOSS概率\r\n每日免费领取\r\n650000金币',20000,'2017-08-18 10:49:57'),(9,'赠送武器\"祸忌\"','gun_10_01.png','获得核弹概率x2\r\n每日免费领取\r\n1000000金币',50000,'2017-08-18 10:50:05'),(10,'赠送武器\"魔神\"','gun_11_01.png','提升捕获所有鱼的概率\r\n每日免费领取\r\n1500000金币',100000,'2017-08-18 10:50:12');

/*Table structure for table `jy_vip_reward` */

DROP TABLE IF EXISTS `jy_vip_reward`;

CREATE TABLE `jy_vip_reward` (
  `Id` int(10) unsigned NOT NULL AUTO_INCREMENT COMMENT 'vip每日奖励',
  `Level` int(6) DEFAULT NULL COMMENT '等级',
  `GoodsID` int(10) unsigned NOT NULL COMMENT '物品ID',
  `Type` tinyint(1) unsigned NOT NULL DEFAULT '1',
  `Number` bigint(20) unsigned NOT NULL COMMENT '数量',
  `Remark` varchar(255) DEFAULT NULL COMMENT '备注',
  `DateTime` timestamp NOT NULL DEFAULT CURRENT_TIMESTAMP COMMENT '添加时间',
  PRIMARY KEY (`Id`),
  KEY `GoodsID` (`GoodsID`)
) ENGINE=InnoDB AUTO_INCREMENT=14 DEFAULT CHARSET=utf8;

/*Data for the table `jy_vip_reward` */

insert  into `jy_vip_reward`(`Id`,`Level`,`GoodsID`,`Type`,`Number`,`Remark`,`DateTime`) values (4,1,42,1,20000,'','2017-09-20 20:54:07'),(5,4,42,1,70000,'','2017-09-21 14:20:51'),(6,8,42,1,650000,'','2017-09-22 11:24:00'),(7,2,42,1,30000,'','2017-09-22 11:45:21'),(8,3,42,1,40000,'','2017-09-22 16:12:31'),(9,5,42,1,120000,'','2017-09-22 16:12:49'),(10,6,42,1,250000,'','2017-09-22 16:13:02'),(11,7,42,1,400000,'','2017-09-22 16:13:11'),(12,9,42,1,1000000,'','2017-09-22 16:13:29'),(13,10,42,1,1500000,'','2017-09-22 16:13:39');

/*Table structure for table `jy_vip_reward_log` */

DROP TABLE IF EXISTS `jy_vip_reward_log`;

CREATE TABLE `jy_vip_reward_log` (
  `Id` int(11) unsigned NOT NULL AUTO_INCREMENT COMMENT 'vip 每日奖励领取记录',
  `playerid` bigint(20) unsigned NOT NULL COMMENT '用户ID',
  `Level` int(4) unsigned NOT NULL COMMENT '等级',
  `GetNum` bigint(20) unsigned NOT NULL COMMENT '数量',
  `Number` int(11) NOT NULL COMMENT '倍数',
  `Type` tinyint(1) NOT NULL COMMENT '类型',
  `Channel` varchar(50) NOT NULL COMMENT '渠道',
  `GoodsID` int(11) NOT NULL COMMENT '物品ID',
  `DateTime` timestamp NOT NULL DEFAULT CURRENT_TIMESTAMP COMMENT '领取时间',
  PRIMARY KEY (`Id`),
  KEY `playerid` (`playerid`,`DateTime`)
) ENGINE=InnoDB DEFAULT CHARSET=utf8;

/*Data for the table `jy_vip_reward_log` */

/*Table structure for table `jy_white_list` */

DROP TABLE IF EXISTS `jy_white_list`;

CREATE TABLE `jy_white_list` (
  `Id` int(11) unsigned NOT NULL AUTO_INCREMENT COMMENT '白名单',
  `Account` varchar(50) NOT NULL COMMENT '账号',
  `DateTime` timestamp NOT NULL DEFAULT CURRENT_TIMESTAMP ON UPDATE CURRENT_TIMESTAMP COMMENT '添加时间',
  PRIMARY KEY (`Id`)
) ENGINE=InnoDB AUTO_INCREMENT=3 DEFAULT CHARSET=utf8;

/*Data for the table `jy_white_list` */

insert  into `jy_white_list`(`Id`,`Account`,`DateTime`) values (1,'fxm018','2017-10-17 15:33:01'),(2,'456456','2017-10-17 15:33:13');

/*Table structure for table `summary_goods` */

DROP TABLE IF EXISTS `summary_goods`;

CREATE TABLE `summary_goods` (
  `Id` int(11) unsigned NOT NULL AUTO_INCREMENT COMMENT '物品流水汇总',
  `Channel` varchar(50) NOT NULL COMMENT '渠道',
  `Reason` tinyint(4) NOT NULL COMMENT '来源',
  `Ostype` tinyint(1) NOT NULL COMMENT '手机系统',
  `Number` bigint(20) NOT NULL COMMENT '数量',
  `VerSion` varchar(20) NOT NULL COMMENT '版本',
  `Itemid` tinyint(4) NOT NULL COMMENT '物品ID',
  `DataTime` timestamp NOT NULL DEFAULT CURRENT_TIMESTAMP COMMENT '统计时间',
  PRIMARY KEY (`Id`)
) ENGINE=MyISAM AUTO_INCREMENT=64 DEFAULT CHARSET=utf8;

/*Data for the table `summary_goods` */

/*Table structure for table `test` */

DROP TABLE IF EXISTS `test`;

CREATE TABLE `test` (
  `Id` int(11) unsigned NOT NULL AUTO_INCREMENT,
  `Title` varchar(255) NOT NULL,
  `DateTime` timestamp NOT NULL DEFAULT CURRENT_TIMESTAMP,
  PRIMARY KEY (`Id`)
) ENGINE=MyISAM AUTO_INCREMENT=4 DEFAULT CHARSET=utf8;

/*Data for the table `test` */

insert  into `test`(`Id`,`Title`,`DateTime`) values (1,'aaa','2017-09-22 11:14:35'),(2,'aaa','2017-09-22 11:14:45'),(3,'aaa','2017-09-22 12:09:46');

/*!40101 SET SQL_MODE=@OLD_SQL_MODE */;
/*!40014 SET UNIQUE_CHECKS=@OLD_UNIQUE_CHECKS */;
/*!40111 SET SQL_NOTES=@OLD_SQL_NOTES */;
